IdRun;NameConv;Time(ms);std;NbMicroKernel;AxeFuse;SizeAxeFuse;Schema;Time_search(4.279607534408569)
0;MobilNet_6;0.9792048;0.006540156447670033;1;axe_xx_0;14;[V f, U (2, f), U (7, y), U (3, w), T (64, c), Hoist_vars [c], T (3, h),  T (14, x), T (4, c), T (8, f), T (2, y), T (1, f)];5.333324670791626
1;MobilNet_6;1.3874419;0.01183178342812274;2;axe_xx1_0;14;[V f, U (2, f), ULambda y, U (3, h), T (32, c), Hoist_vars [c], T (3, w),  T (14, x), T (8, c), T (8, f),  Lambda_apply y [((Iter 1), (Arg 6)), ((Iter 1), (Arg 8))], T (1, f)];6.5445556640625
2;MobilNet_6;0.9727277999999998;0.006420371169955807;1;axe_xx_0;14;[V f, U (2, f), U (7, y), U (3, w), T (64, c), Hoist_vars [c], T (3, h),  T (14, x), T (4, c), T (1, f), T (2, y), T (8, f)];7.623253583908081
3;MobilNet_6;0.9840818;0.007399735316888017;1;axe_xx_0;14;[V f, U (2, f), U (7, y), T (64, c), Hoist_vars [c], T (3, w), T (3, h),  T (14, x), T (4, c), T (2, f), T (2, y), T (4, f)];8.695924758911133
4;MobilNet_6;3.0859699000000007;0.014453648566711413;1;axe_xx_0;14;[V f, U (4, f), U (2, y), U (3, h), T (32, c), Hoist_vars [c], T (3, w),  T (14, x), T (8, c), T (1, f), T (7, y), T (4, f)];9.84412431716919
5;MobilNet_6;0.7895093000000001;0.029568432596436336;1;axe_xx_0;14;[V f, U (1, f), U (14, y), U (3, h), T (128, c), Hoist_vars [c], T (3, w),  T (14, x), T (2, c), T (8, f), T (1, y), T (2, f)];10.94281792640686
6;MobilNet_6;1.0491521;0.009500965050456719;1;axe_xx_0;14;[V f, U (4, f), U (7, y), U (3, w), T (32, c), Hoist_vars [c], T (3, h),  T (14, x), T (8, c), T (1, f), T (2, y), T (4, f)];12.042657375335693
7;MobilNet_6;1.0590626;0.006749627889002444;1;axe_xx_0;14;[V f, U (4, f), U (7, y), T (32, c), Hoist_vars [c], T (3, w), T (3, h),  T (14, x), T (8, c), T (4, f), T (2, y), T (1, f)];13.104518413543701
8;MobilNet_6;0.4664483;0.06623567384431142;1;axe_out_channels_0,axe_yy_0,axe_out_channels_1;19;[V f, U (1, f), U (7, y), U (3, h), T (128, c), Hoist_vars [c], T (3, w),  T (14, x), T (2, c), T (1, f), T (2, y), T (16, f)];14.186086893081665
9;MobilNet_6;0.9821411;0.007312896874016438;1;axe_xx_0;14;[V f, U (2, f), U (7, y), T (64, c), Hoist_vars [c], T (3, w), T (3, h),  T (14, x), T (4, c), T (1, f), T (2, y), T (8, f)];15.23339033126831
10;MobilNet_6;0.5057081;0.012752621067451194;1;axe_out_channels_0,axe_yy_0,axe_out_channels_1;12;[V f, U (1, f), U (7, y), U (3, h), U (3, w), T (128, c), Hoist_vars [c],  T (14, x), T (2, c), T (2, f), T (2, y), T (8, f)];16.38241958618164
11;MobilNet_6;0.7375872;0.15423827491825753;1;axe_out_channels_0,axe_yy_0,axe_out_channels_1;9;[V f, U (1, f), U (14, y), U (3, h), U (3, w), T (128, c), Hoist_vars [c],  T (14, x), T (2, c), T (4, f), T (1, y), T (4, f)];17.549078464508057
12;MobilNet_6;0.5366785000000001;0.09109068954207124;1;axe_out_channels_1,axe_yy_0,axe_xx_0;32;[V f, U (1, f), U (7, y), U (3, w), T (128, c), Hoist_vars [c], T (3, h),  T (14, x), T (2, y), T (16, f), T (2, c), T (1, f)];18.57735848426819
13;MobilNet_6;0.5387252;0.0941051329097409;1;axe_out_channels_1,axe_yy_0,axe_xx_0;24;[V f, U (1, f), U (7, y), U (3, w), T (128, c), Hoist_vars [c], T (3, h),  T (14, x), T (2, y), T (8, f), T (2, c), T (2, f)];19.615753173828125
14;MobilNet_6;3.0971307;0.006795745949489338;1;axe_xx_0;14;[V f, U (4, f), U (2, y), U (3, w), T (32, c), Hoist_vars [c], T (3, h),  T (14, x), T (8, c), T (2, f), T (7, y), T (2, f)];20.761598587036133
15;MobilNet_6;1.4970940000000001;0.0088642096996856;1;axe_xx_0;14;[V f, U (1, f), U (14, y), U (3, h), T (32, c), Hoist_vars [c], T (3, w),  T (14, x), T (8, c), T (8, f), T (1, y), T (2, f)];21.866023778915405
16;MobilNet_6;0.9395300999999998;0.019382092247484564;1;axe_out_channels_0,axe_yy_0,axe_out_channels_1;10;[V f, U (2, f), U (14, y), U (3, h), U (3, w), T (32, c), Hoist_vars [c],  T (14, x), T (8, c), T (8, f), T (1, y), T (1, f)];23.122484922409058
17;MobilNet_6;0.6705576;0.06230841726636941;1;axe_out_channels_0,axe_yy_0,axe_out_channels_1;18;[V f, U (1, f), U (14, y), U (3, h), U (3, w), T (128, c), Hoist_vars [c],  T (14, x), T (2, c), T (16, f), T (1, y), T (1, f)];24.26639413833618
18;MobilNet_6;0.5077903;0.09375192088277444;1;axe_out_channels_0,axe_yy_0,axe_out_channels_1;19;[V f, U (1, f), U (7, y), U (3, h), U (3, w), T (32, c), Hoist_vars [c],  T (14, x), T (8, c), T (1, f), T (2, y), T (16, f)];25.44540524482727
19;MobilNet_6;3.109671;0.006363616833216825;1;axe_xx_0;14;[V f, U (4, f), U (2, y), U (3, w), T (32, c), Hoist_vars [c], T (3, h),  T (14, x), T (8, c), T (4, f), T (7, y), T (1, f)];26.591164112091064
20;MobilNet_6;0.6718784999999999;0.005568295542623426;1;axe_out_channels_0,axe_yy_0,axe_out_channels_1;18;[V f, U (1, f), U (14, y), U (3, h), U (3, w), T (64, c), Hoist_vars [c],  T (14, x), T (4, c), T (1, f), T (1, y), T (16, f)];27.76455593109131
21;MobilNet_6;0.4600206;0.08769928574304353;1;axe_out_channels_1,axe_yy_0,axe_xx_0;24;[V f, U (1, f), U (7, y), U (3, w), T (64, c), Hoist_vars [c], T (3, h),  T (14, x), T (2, y), T (8, f), T (4, c), T (2, f)];28.80117702484131
22;MobilNet_6;1.0413959;0.03519310554199503;1;axe_xx_0;14;[V f, U (4, f), U (7, y), T (32, c), Hoist_vars [c], T (3, w), T (3, h),  T (14, x), T (8, c), T (1, f), T (2, y), T (4, f)];29.868213415145874
23;MobilNet_6;0.6951299;0.04229404248224567;1;axe_out_channels_0,axe_yy_0,axe_out_channels_1;18;[V f, U (1, f), U (14, y), U (3, h), U (3, w), T (64, c), Hoist_vars [c],  T (14, x), T (4, c), T (16, f), T (1, y), T (1, f)];31.063337564468384
24;MobilNet_6;1.39576;0.0068997914461235675;1;axe_xx_0;14;[V f, U (1, f), U (14, y), U (3, h), T (32, c), Hoist_vars [c], T (3, w),  T (14, x), T (8, c), T (2, f), T (1, y), T (8, f)];32.158313035964966
25;MobilNet_6;1.0776113999999999;0.011978131809259704;1;axe_xx_0;14;[V f, U (4, f), U (7, y), U (3, h), T (32, c), Hoist_vars [c], T (3, w),  T (14, x), T (8, c), T (4, f), T (2, y), T (1, f)];33.249717235565186
26;MobilNet_6;0.6791282000000001;0.006364913429104903;1;axe_out_channels_0,axe_yy_0,axe_out_channels_1;11;[V f, U (1, f), U (14, y), U (3, h), U (3, w), T (64, c), Hoist_vars [c],  T (14, x), T (4, c), T (8, f), T (1, y), T (2, f)];34.45701313018799
27;MobilNet_6;3.0537622000000004;0.010650866629528308;1;axe_xx_0;14;[V f, U (4, f), U (2, y), U (3, w), T (32, c), Hoist_vars [c], T (3, h),  T (14, x), T (8, c), T (1, f), T (7, y), T (4, f)];35.585177183151245
28;MobilNet_6;1.3892528000000002;0.006349256488755161;1;axe_xx_0;14;[V f, U (2, f), U (7, y), U (3, w), T (32, c), Hoist_vars [c], T (3, h),  T (14, x), T (8, c), T (8, f), T (2, y), T (1, f)];36.68106532096863
29;MobilNet_6;0.4752637;0.1215954253654717;1;axe_out_channels_0,axe_yy_0,axe_out_channels_1;19;[V f, U (1, f), U (7, y), U (3, h), T (64, c), Hoist_vars [c], T (3, w),  T (14, x), T (4, c), T (16, f), T (2, y), T (1, f)];37.74132227897644
30;MobilNet_6;0.7282662;0.07799973089286912;1;axe_xx_0;14;[V f, U (2, f), U (14, y), T (64, c), Hoist_vars [c], T (3, w), T (3, h),  T (14, x), T (4, c), T (8, f), T (1, y), T (1, f)];38.801525592803955
31;MobilNet_6;1.0096352000000002;0.013056842534089098;2;axe_out_channels1_1,axe_yy1_0,axe_xx1_0;18;[V f, U (1, f), ULambda y, U (3, w), T (64, c), Hoist_vars [c], T (3, h),  T (14, x), Lambda_apply y [((Iter 2), (Arg 4)), ((Iter 1), (Arg 6))],  T (2, f), T (4, c), T (8, f)];39.966962575912476
32;MobilNet_6;0.5846357;0.1143460301261482;1;axe_out_channels_0,axe_yy_0,axe_out_channels_1;10;[V f, U (1, f), U (7, y), U (3, h), U (3, w), T (128, c), Hoist_vars [c],  T (14, x), T (2, c), T (4, f), T (2, y), T (4, f)];41.16951131820679
33;MobilNet_6;1.5041132000000002;0.007589632201892234;1;axe_xx_0;14;[V f, U (2, f), U (7, y), U (3, w), T (32, c), Hoist_vars [c], T (3, h),  T (14, x), T (8, c), T (4, f), T (2, y), T (2, f)];42.25830936431885
34;MobilNet_6;1.0520143999999998;0.02264876240857324;1;axe_xx_0;14;[V f, U (4, f), U (7, y), U (3, w), T (32, c), Hoist_vars [c], T (3, h),  T (14, x), T (8, c), T (2, f), T (2, y), T (2, f)];43.3500120639801
35;MobilNet_6;0.9254688;0.026529611413663775;2;axe_out_channels1_1,axe_yy1_0,axe_xx1_0;20;[V f, U (1, f), ULambda y, U (3, w), T (32, c), Hoist_vars [c], T (3, h),  T (14, x), Lambda_apply y [((Iter 2), (Arg 4)), ((Iter 1), (Arg 6))],  T (4, f), T (8, c), T (4, f)];44.51281762123108
36;MobilNet_6;0.9362249000000002;0.046288926977086024;1;axe_xx_0;14;[V f, U (2, f), U (14, y), T (32, c), Hoist_vars [c], T (3, w), T (3, h),  T (14, x), T (8, c), T (1, f), T (1, y), T (8, f)];45.58643865585327
37;MobilNet_6;0.6053948;0.10309153082363266;2;axe_out_channels1_1,axe_yy1_0,axe_xx1_0;23;[V f, U (1, f), ULambda y, U (3, w), T (64, c), Hoist_vars [c], T (3, h),  T (14, x), Lambda_apply y [((Iter 1), (Arg 6)), ((Iter 1), (Arg 8))],  T (8, f), T (4, c), T (2, f)];46.739603996276855
38;MobilNet_6;0.493583;0.08919925396885336;1;axe_out_channels_0,axe_yy_0,axe_out_channels_1;18;[V f, U (1, f), U (14, y), U (3, h), T (64, c), Hoist_vars [c], T (3, w),  T (14, x), T (4, c), T (1, f), T (1, y), T (16, f)];47.8650438785553
39;MobilNet_6;0.6892138;0.060685576035496264;1;axe_out_channels_0,axe_yy_0,axe_out_channels_1;18;[V f, U (1, f), U (14, y), U (3, h), U (3, w), T (128, c), Hoist_vars [c],  T (14, x), T (2, c), T (1, f), T (1, y), T (16, f)];49.011948347091675
40;MobilNet_6;1.0719254999999999;0.016120579848442163;1;axe_xx_0;14;[V f, U (4, f), U (7, y), U (3, h), T (32, c), Hoist_vars [c], T (3, w),  T (14, x), T (8, c), T (1, f), T (2, y), T (4, f)];50.09874081611633
41;MobilNet_6;0.9004137999999999;0.016066252019683987;1;axe_xx_0;14;[V f, U (2, f), U (14, y), U (3, h), T (32, c), Hoist_vars [c], T (3, w),  T (14, x), T (8, c), T (8, f), T (1, y), T (1, f)];51.204506397247314
42;MobilNet_6;0.4944238;0.07328793724044907;1;axe_out_channels_1,axe_yy_0,axe_xx_0;32;[V f, U (1, f), U (7, y), U (3, w), T (64, c), Hoist_vars [c], T (3, h),  T (14, x), T (2, y), T (16, f), T (4, c), T (1, f)];52.27141761779785
43;MobilNet_6;1.0748217;0.0238929114887659;1;axe_xx_0;14;[V f, U (4, f), U (7, y), U (3, h), T (32, c), Hoist_vars [c], T (3, w),  T (14, x), T (8, c), T (2, f), T (2, y), T (2, f)];53.40954303741455
44;MobilNet_6;0.5801271;0.10619848658003557;1;axe_out_channels_1,axe_yy_0,axe_xx_0;20;[V f, U (1, f), U (7, y), U (3, w), T (128, c), Hoist_vars [c], T (3, h),  T (14, x), T (2, y), T (4, f), T (2, c), T (4, f)];54.43397092819214
45;MobilNet_6;0.7246509999999999;0.10228685195077615;1;axe_out_channels_0,axe_yy_0,axe_out_channels_1;11;[V f, U (1, f), U (14, y), U (3, h), U (3, w), T (64, c), Hoist_vars [c],  T (14, x), T (4, c), T (2, f), T (1, y), T (8, f)];55.60915756225586
46;MobilNet_6;0.8927240999999999;0.037799386168164154;1;axe_out_channels_1,axe_yy_0,axe_xx_0;18;[V f, U (1, f), U (7, y), U (3, w), T (32, c), Hoist_vars [c], T (3, h),  T (14, x), T (2, y), T (2, f), T (8, c), T (8, f)];56.65003061294556
47;MobilNet_6;1.3981054;0.008262533294335343;2;axe_xx1_0;14;[V f, U (2, f), ULambda y, U (3, h), T (32, c), Hoist_vars [c], T (3, w),  T (14, x), T (8, c), T (4, f),  Lambda_apply y [((Iter 1), (Arg 6)), ((Iter 1), (Arg 8))], T (2, f)];57.88421154022217
48;MobilNet_6;1.454261;0.00932968554668371;1;axe_out_channels_1,axe_yy_0,axe_xx_0;17;[V f, U (1, f), U (7, y), U (3, w), T (32, c), Hoist_vars [c], T (3, h),  T (14, x), T (2, y), T (1, f), T (8, c), T (16, f)];58.945300817489624
49;MobilNet_6;0.9788232999999998;0.016763182639642174;1;axe_xx_0;14;[V f, U (2, f), U (7, y), U (3, h), T (64, c), Hoist_vars [c], T (3, w),  T (14, x), T (4, c), T (2, f), T (2, y), T (4, f)];60.00379705429077
50;MobilNet_6;0.9710561;0.007959179900592766;1;axe_xx_0;14;[V f, U (2, f), U (7, y), U (3, h), T (64, c), Hoist_vars [c], T (3, w),  T (14, x), T (4, c), T (1, f), T (2, y), T (8, f)];61.067628622055054
51;MobilNet_6;0.9161298999999999;0.05055379539352113;2;axe_out_channels1_1,axe_yy1_0,axe_xx1_0;19;[V f, U (1, f), ULambda y, U (3, w), T (32, c), Hoist_vars [c], T (3, h),  T (14, x), Lambda_apply y [((Iter 1), (Arg 6)), ((Iter 1), (Arg 8))],  T (4, f), T (8, c), T (4, f)];62.23780035972595
52;MobilNet_6;0.7277304;0.07435361349685704;1;axe_xx_0;14;[V f, U (2, f), U (14, y), T (64, c), Hoist_vars [c], T (3, w), T (3, h),  T (14, x), T (4, c), T (4, f), T (1, y), T (2, f)];63.299461364746094
53;MobilNet_6;0.9096029;0.006316384605927641;1;axe_xx_0;14;[V f, U (2, f), U (14, y), T (32, c), Hoist_vars [c], T (3, w), T (3, h),  T (14, x), T (8, c), T (8, f), T (1, y), T (1, f)];64.3557813167572
54;MobilNet_6;0.4232652;0.0029854387215282148;1;axe_out_channels_0,axe_yy_0,axe_out_channels_1;18;[V f, U (1, f), U (14, y), U (3, h), T (64, c), Hoist_vars [c], T (3, w),  T (14, x), T (4, c), T (16, f), T (1, y), T (1, f)];65.455482006073
55;MobilNet_6;3.1799030000000004;0.004263099013628476;1;axe_xx_0;14;[V f, U (4, f), U (2, y), U (3, h), T (32, c), Hoist_vars [c], T (3, w),  T (14, x), T (8, c), T (2, f), T (7, y), T (2, f)];66.61254405975342
56;MobilNet_6;1.5202688;0.009396616218618292;1;axe_xx_0;14;[V f, U (2, f), U (7, y), T (32, c), Hoist_vars [c], T (3, w), T (3, h),  T (14, x), T (8, c), T (8, f), T (2, y), T (1, f)];67.69991755485535
57;MobilNet_6;0.9513748999999999;0.022326636833388064;1;axe_xx_0;14;[V f, U (2, f), U (14, y), U (3, h), T (32, c), Hoist_vars [c], T (3, w),  T (14, x), T (8, c), T (1, f), T (1, y), T (8, f)];68.78870987892151
58;MobilNet_6;1.2273697000000001;0.0056571097399644365;1;axe_xx_0;14;[V f, U (1, f), U (7, y), U (3, h), T (128, c), Hoist_vars [c], T (3, w),  T (14, x), T (2, c), T (4, f), T (2, y), T (4, f)];69.86084866523743
59;MobilNet_6;0.4381437;0.11040092318187379;1;axe_out_channels_0,axe_yy_0,axe_out_channels_1;19;[V f, U (1, f), U (7, y), U (3, h), T (32, c), Hoist_vars [c], T (3, w),  T (14, x), T (8, c), T (1, f), T (2, y), T (16, f)];70.9453387260437
60;MobilNet_6;0.4903424;0.11956491906675634;1;axe_out_channels_0,axe_yy_0,axe_out_channels_1;8;[V f, U (2, f), U (7, y), U (3, h), U (3, w), T (32, c), Hoist_vars [c],  T (14, x), T (8, c), T (4, f), T (2, y), T (2, f)];72.15297842025757
61;MobilNet_6;0.5634945000000001;0.10516091726896452;1;axe_out_channels_0,axe_yy_0,axe_out_channels_1;12;[V f, U (1, f), U (7, y), U (3, h), U (3, w), T (128, c), Hoist_vars [c],  T (14, x), T (2, c), T (8, f), T (2, y), T (2, f)];73.31548833847046
62;MobilNet_6;2.5845942;0.006008696827099883;1;axe_xx_0;14;[V f, U (1, f), U (7, y), U (3, h), T (32, c), Hoist_vars [c], T (3, w),  T (14, x), T (8, c), T (2, f), T (2, y), T (8, f)];74.4734959602356
63;MobilNet_6;2.5965021000000004;0.005119514556088308;1;axe_xx_0;14;[V f, U (1, f), U (7, y), U (3, h), T (32, c), Hoist_vars [c], T (3, w),  T (14, x), T (8, c), T (8, f), T (2, y), T (2, f)];75.62389945983887
64;MobilNet_6;0.46526959999999995;0.06631312608104069;2;axe_out_channels1_1,axe_yy1_0,axe_xx1_0;31;[V f, U (1, f), ULambda y, U (3, w), T (64, c), Hoist_vars [c], T (3, h),  T (14, x), Lambda_apply y [((Iter 1), (Arg 6)), ((Iter 1), (Arg 8))],  T (16, f), T (4, c), T (1, f)];76.7749490737915
65;MobilNet_6;0.46371280000000004;0.04783619777072587;1;axe_out_channels_0,axe_yy_0,axe_out_channels_1;11;[V f, U (2, f), U (7, y), U (3, h), U (3, w), T (32, c), Hoist_vars [c],  T (14, x), T (8, c), T (1, f), T (2, y), T (8, f)];78.02278542518616
66;MobilNet_6;1.4926352999999999;0.005537008073860855;2;axe_xx1_0;14;[V f, U (2, f), ULambda y, U (3, h), T (32, c), Hoist_vars [c], T (3, w),  T (14, x), T (8, c), T (2, f),  Lambda_apply y [((Iter 1), (Arg 6)), ((Iter 1), (Arg 8))], T (4, f)];79.26095986366272
67;MobilNet_6;0.5238094;0.09948574793124891;1;axe_out_channels_1,axe_yy_0,axe_xx_0;32;[V f, U (1, f), U (7, y), U (3, w), T (32, c), Hoist_vars [c], T (3, h),  T (14, x), T (2, y), T (16, f), T (8, c), T (1, f)];80.32340693473816
68;MobilNet_6;0.4445388000000001;0.10083849424877388;1;axe_out_channels_0,axe_yy_0,axe_out_channels_1;11;[V f, U (2, f), U (7, y), U (3, h), U (3, w), T (32, c), Hoist_vars [c],  T (14, x), T (8, c), T (8, f), T (2, y), T (1, f)];81.54257154464722
69;MobilNet_6;0.9010721;0.022191946225827045;1;axe_out_channels_0,axe_yy_0,axe_out_channels_1;7;[V f, U (2, f), U (14, y), U (3, h), U (3, w), T (64, c), Hoist_vars [c],  T (14, x), T (4, c), T (4, f), T (1, y), T (2, f)];82.79509592056274
70;MobilNet_6;1.5142501;0.009228004523731011;1;axe_xx_0;14;[V f, U (2, f), U (7, y), T (32, c), Hoist_vars [c], T (3, w), T (3, h),  T (14, x), T (8, c), T (2, f), T (2, y), T (4, f)];83.89004516601562
71;MobilNet_6;1.4713344;0.007560033150720993;1;axe_xx_0;14;[V f, U (2, f), U (7, y), U (3, h), T (32, c), Hoist_vars [c], T (3, w),  T (14, x), T (8, c), T (4, f), T (2, y), T (2, f)];84.98890352249146
72;MobilNet_6;0.5084175;0.12100306651589454;1;axe_out_channels_0,axe_yy_0,axe_out_channels_1;19;[V f, U (1, f), U (7, y), U (3, h), T (64, c), Hoist_vars [c], T (3, w),  T (14, x), T (4, c), T (1, f), T (2, y), T (16, f)];86.05917406082153
73;MobilNet_6;0.7043918;0.006539859842534851;1;axe_out_channels_0,axe_yy_0,axe_out_channels_1;11;[V f, U (1, f), U (14, y), U (3, h), U (3, w), T (32, c), Hoist_vars [c],  T (14, x), T (8, c), T (8, f), T (1, y), T (2, f)];87.25115180015564
74;MobilNet_6;1.048988;0.007370124313741278;2;axe_xx1_0;14;[V f, U (2, f), ULambda y, U (3, w), T (64, c), Hoist_vars [c], T (3, h),  T (14, x), T (4, c), T (2, f),  Lambda_apply y [((Iter 1), (Arg 6)), ((Iter 1), (Arg 8))], T (4, f)];88.4622437953949
75;MobilNet_6;1.579335;0.009460407221679215;2;axe_out_channels1_1,axe_yy1_0,axe_xx1_0;18;[V f, U (1, f), ULambda y, U (3, w), T (32, c), Hoist_vars [c], T (3, h),  T (14, x), Lambda_apply y [((Iter 2), (Arg 4)), ((Iter 1), (Arg 6))],  T (2, f), T (8, c), T (8, f)];89.66902041435242
76;MobilNet_6;1.0299162;0.007155442820678594;2;axe_xx1_0;14;[V f, U (2, f), ULambda y, U (3, h), T (64, c), Hoist_vars [c], T (3, w),  T (14, x), T (4, c), T (8, f),  Lambda_apply y [((Iter 1), (Arg 6)), ((Iter 1), (Arg 8))], T (1, f)];90.86634230613708
77;MobilNet_6;1.0449133;0.012661442777582672;2;axe_xx1_0;14;[V f, U (2, f), ULambda y, U (3, w), T (64, c), Hoist_vars [c], T (3, h),  T (14, x), T (4, c), T (1, f),  Lambda_apply y [((Iter 1), (Arg 6)), ((Iter 1), (Arg 8))], T (8, f)];92.07270932197571
78;MobilNet_6;0.8989802000000001;0.024923279578739237;1;axe_out_channels_1,axe_yy_0,axe_xx_0;17;[V f, U (1, f), U (7, y), U (3, w), T (128, c), Hoist_vars [c], T (3, h),  T (14, x), T (2, y), T (1, f), T (2, c), T (16, f)];93.14479494094849
79;MobilNet_6;0.5460041;0.10000297574517472;1;axe_out_channels_0,axe_yy_0,axe_out_channels_1;19;[V f, U (1, f), U (7, y), U (3, h), U (3, w), T (64, c), Hoist_vars [c],  T (14, x), T (4, c), T (1, f), T (2, y), T (16, f)];94.33692359924316
80;MobilNet_6;0.8979500000000001;0.006500556668470772;1;axe_out_channels_0,axe_yy_0,axe_out_channels_1;10;[V f, U (2, f), U (14, y), U (3, h), U (3, w), T (64, c), Hoist_vars [c],  T (14, x), T (4, c), T (1, f), T (1, y), T (8, f)];95.59254431724548
81;MobilNet_6;0.8915903999999999;0.008394343121412177;1;axe_xx_0;14;[V f, U (2, f), U (14, y), U (3, h), T (32, c), Hoist_vars [c], T (3, w),  T (14, x), T (8, c), T (4, f), T (1, y), T (2, f)];96.70171093940735
82;MobilNet_6;0.9512889000000001;0.005054647810678798;1;axe_out_channels_0,axe_yy_0,axe_out_channels_1;10;[V f, U (2, f), U (14, y), U (3, h), U (3, w), T (32, c), Hoist_vars [c],  T (14, x), T (8, c), T (1, f), T (1, y), T (8, f)];97.96170711517334
83;MobilNet_6;0.5189075;0.07718460503526592;2;axe_out_channels1_1,axe_yy1_0,axe_xx1_0;32;[V f, U (1, f), ULambda y, U (3, w), T (64, c), Hoist_vars [c], T (3, h),  T (14, x), Lambda_apply y [((Iter 2), (Arg 4)), ((Iter 1), (Arg 6))],  T (16, f), T (4, c), T (1, f)];99.11136436462402
84;MobilNet_6;1.0597268999999998;0.008410915032860579;2;axe_out_channels1_1,axe_yy1_0,axe_xx1_0;17;[V f, U (1, f), ULambda y, U (3, w), T (64, c), Hoist_vars [c], T (3, h),  T (14, x), Lambda_apply y [((Iter 1), (Arg 6)), ((Iter 1), (Arg 8))],  T (2, f), T (4, c), T (8, f)];100.28695321083069
85;MobilNet_6;1.5665076;0.009569484188815952;1;axe_xx_0;14;[V f, U (1, f), U (7, y), U (3, h), T (64, c), Hoist_vars [c], T (3, w),  T (14, x), T (4, c), T (2, f), T (2, y), T (8, f)];101.37579131126404
86;MobilNet_6;0.6573834999999999;0.045782868613161394;1;axe_out_channels_1,axe_yy_0,axe_xx_0;18;[V f, U (1, f), U (7, y), U (3, w), T (64, c), Hoist_vars [c], T (3, h),  T (14, x), T (2, y), T (2, f), T (4, c), T (8, f)];102.40352845191956
87;MobilNet_6;0.77191;0.012246867362717708;1;axe_xx_0;14;[V f, U (1, f), U (14, y), U (3, h), T (128, c), Hoist_vars [c], T (3, w),  T (14, x), T (2, c), T (4, f), T (1, y), T (4, f)];103.46669316291809
88;MobilNet_6;1.3848231;0.008544997126389262;2;axe_xx1_0;14;[V f, U (2, f), ULambda y, U (3, h), T (32, c), Hoist_vars [c], T (3, w),  T (14, x), T (8, c), T (1, f),  Lambda_apply y [((Iter 1), (Arg 6)), ((Iter 1), (Arg 8))], T (8, f)];104.68649649620056
89;MobilNet_6;0.9485246;0.00637677813946825;1;axe_xx_0;14;[V f, U (2, f), U (7, y), U (3, h), T (64, c), Hoist_vars [c], T (3, w),  T (14, x), T (4, c), T (8, f), T (2, y), T (1, f)];105.763432264328
90;MobilNet_6;0.6285502;0.04078891818080002;1;axe_out_channels_1,axe_yy_0,axe_xx_0;18;[V f, U (1, f), U (7, y), U (3, w), T (128, c), Hoist_vars [c], T (3, h),  T (14, x), T (2, y), T (2, f), T (2, c), T (8, f)];106.80356287956238
91;MobilNet_6;0.802141;0.08287794746734496;1;axe_xx_0;14;[V f, U (1, f), U (14, y), U (3, h), T (128, c), Hoist_vars [c], T (3, w),  T (14, x), T (2, c), T (2, f), T (1, y), T (8, f)];107.87119793891907
92;MobilNet_6;0.9086468000000002;0.013034227555171776;1;axe_xx_0;14;[V f, U (2, f), U (14, y), T (32, c), Hoist_vars [c], T (3, w), T (3, h),  T (14, x), T (8, c), T (4, f), T (1, y), T (2, f)];108.94714641571045
93;MobilNet_6;0.508977;0.11835234717909064;1;axe_out_channels_0,axe_yy_0,axe_out_channels_1;10;[V f, U (1, f), U (7, y), U (3, h), U (3, w), T (64, c), Hoist_vars [c],  T (14, x), T (4, c), T (4, f), T (2, y), T (4, f)];110.10372304916382
94;MobilNet_6;0.9820212000000001;0.007256426583381115;1;axe_xx_0;14;[V f, U (2, f), U (7, y), T (64, c), Hoist_vars [c], T (3, w), T (3, h),  T (14, x), T (4, c), T (8, f), T (2, y), T (1, f)];111.15242004394531
95;MobilNet_6;0.9907178;0.012618713696728352;2;axe_xx1_0;14;[V f, U (2, f), ULambda y, U (3, w), T (64, c), Hoist_vars [c], T (3, h),  T (14, x), T (4, c), T (4, f),  Lambda_apply y [((Iter 1), (Arg 6)), ((Iter 1), (Arg 8))], T (2, f)];112.3628134727478
96;MobilNet_6;0.5102148;0.10496821927116796;1;axe_out_channels_0,axe_yy_0,axe_out_channels_1;19;[V f, U (1, f), U (7, y), U (3, h), T (128, c), Hoist_vars [c], T (3, w),  T (14, x), T (2, c), T (16, f), T (2, y), T (1, f)];113.44746828079224
97;MobilNet_6;0.9885129000000001;0.01954173734574286;1;axe_xx_0;14;[V f, U (2, f), U (7, y), U (3, w), T (64, c), Hoist_vars [c], T (3, h),  T (14, x), T (4, c), T (4, f), T (2, y), T (2, f)];114.51166439056396
98;MobilNet_6;0.7114958;0.07603020002446398;1;axe_xx_0;14;[V f, U (2, f), U (14, y), U (3, h), T (64, c), Hoist_vars [c], T (3, w),  T (14, x), T (4, c), T (4, f), T (1, y), T (2, f)];115.61069321632385
99;MobilNet_6;0.5861198999999999;0.10030665973448624;1;axe_out_channels_0,axe_yy_0,axe_out_channels_1;19;[V f, U (1, f), U (7, y), U (3, h), U (3, w), T (128, c), Hoist_vars [c],  T (14, x), T (2, c), T (16, f), T (2, y), T (1, f)];116.78136801719666
100;MobilNet_6;0.4436863;0.1093154373581792;1;axe_out_channels_0,axe_yy_0,axe_out_channels_1;11;[V f, U (2, f), U (7, y), U (3, h), U (3, w), T (64, c), Hoist_vars [c],  T (14, x), T (4, c), T (1, f), T (2, y), T (8, f)];118.04784107208252
101;MobilNet_6;0.6072091;0.12011095842632342;1;axe_out_channels_0,axe_yy_0,axe_out_channels_1;19;[V f, U (1, f), U (7, y), U (3, h), U (3, w), T (128, c), Hoist_vars [c],  T (14, x), T (2, c), T (1, f), T (2, y), T (16, f)];119.24769377708435
102;MobilNet_6;0.43114470000000005;0.08571443810006572;1;axe_out_channels_0,axe_yy_0,axe_out_channels_1;11;[V f, U (2, f), U (7, y), U (3, h), U (3, w), T (64, c), Hoist_vars [c],  T (14, x), T (4, c), T (8, f), T (2, y), T (1, f)];120.46375012397766
103;MobilNet_6;1.3957835;0.008517880126533834;1;axe_xx_0;14;[V f, U (2, f), U (7, y), T (32, c), Hoist_vars [c], T (3, w), T (3, h),  T (14, x), T (8, c), T (1, f), T (2, y), T (8, f)];121.53975629806519
104;MobilNet_6;0.9712097999999999;0.0368890778382979;2;axe_xx1_0;14;[V f, U (2, f), ULambda y, U (3, h), T (64, c), Hoist_vars [c], T (3, w),  T (14, x), T (4, c), T (1, f),  Lambda_apply y [((Iter 1), (Arg 6)), ((Iter 1), (Arg 8))], T (8, f)];122.73312473297119
105;MobilNet_6;0.9804882999999999;0.007752193032297415;1;axe_xx_0;14;[V f, U (2, f), U (7, y), T (64, c), Hoist_vars [c], T (3, w), T (3, h),  T (14, x), T (4, c), T (4, f), T (2, y), T (2, f)];123.80539584159851
106;MobilNet_6;3.0520669;0.006649216005665645;1;axe_xx_0;14;[V f, U (4, f), U (2, y), U (3, h), T (32, c), Hoist_vars [c], T (3, w),  T (14, x), T (8, c), T (4, f), T (7, y), T (1, f)];124.9461076259613
107;MobilNet_6;0.8935135999999998;0.011682812462759123;1;axe_xx_0;14;[V f, U (2, f), U (14, y), U (3, h), T (32, c), Hoist_vars [c], T (3, w),  T (14, x), T (8, c), T (2, f), T (1, y), T (4, f)];126.04847764968872
108;MobilNet_6;0.6755678;0.007821057317268563;1;axe_out_channels_0,axe_yy_0,axe_out_channels_1;9;[V f, U (1, f), U (14, y), U (3, h), U (3, w), T (64, c), Hoist_vars [c],  T (14, x), T (4, c), T (4, f), T (1, y), T (4, f)];127.22652697563171
109;MobilNet_6;0.47311139999999996;0.06228716638794863;1;axe_out_channels_0,axe_yy_0,axe_out_channels_1;12;[V f, U (1, f), U (7, y), U (3, h), U (3, w), T (64, c), Hoist_vars [c],  T (14, x), T (4, c), T (8, f), T (2, y), T (2, f)];128.3956537246704
110;MobilNet_6;0.4429123;0.02106048013246612;1;axe_out_channels_0,axe_yy_0,axe_out_channels_1;18;[V f, U (1, f), U (14, y), U (3, h), T (32, c), Hoist_vars [c], T (3, w),  T (14, x), T (8, c), T (16, f), T (1, y), T (1, f)];129.48128986358643
111;MobilNet_6;0.9793992000000001;0.003900638737437748;1;axe_xx_0;14;[V f, U (2, f), U (7, y), U (3, w), T (64, c), Hoist_vars [c], T (3, h),  T (14, x), T (4, c), T (2, f), T (2, y), T (4, f)];130.54733157157898
112;MobilNet_6;1.4459754999999999;0.007294944595403004;2;axe_out_channels1_1,axe_yy1_0,axe_xx1_0;17;[V f, U (1, f), ULambda y, U (3, w), T (32, c), Hoist_vars [c], T (3, h),  T (14, x), Lambda_apply y [((Iter 1), (Arg 6)), ((Iter 1), (Arg 8))],  T (2, f), T (8, c), T (8, f)];131.75044107437134
113;MobilNet_6;0.9886142000000001;0.003910579133581116;2;axe_xx1_0;14;[V f, U (2, f), ULambda y, U (3, w), T (64, c), Hoist_vars [c], T (3, h),  T (14, x), T (4, c), T (8, f),  Lambda_apply y [((Iter 1), (Arg 6)), ((Iter 1), (Arg 8))], T (1, f)];132.93181252479553
114;MobilNet_6;1.3700641;0.008062534879924548;1;axe_xx_0;14;[V f, U (2, f), U (7, y), U (3, h), T (32, c), Hoist_vars [c], T (3, w),  T (14, x), T (8, c), T (8, f), T (2, y), T (1, f)];134.01017379760742
115;MobilNet_6;1.4729984999999999;0.023347038901111165;2;axe_out_channels1_1,axe_yy1_0,axe_xx1_0;17;[V f, U (1, f), ULambda y, U (3, w), T (32, c), Hoist_vars [c], T (3, h),  T (14, x), Lambda_apply y [((Iter 1), (Arg 4)), ((Iter 2), (Arg 5))],  T (2, f), T (8, c), T (8, f)];135.1938271522522
116;MobilNet_6;0.9169676000000001;0.007675204299560996;1;axe_out_channels_0,axe_yy_0,axe_out_channels_1;7;[V f, U (2, f), U (14, y), U (3, h), U (3, w), T (64, c), Hoist_vars [c],  T (14, x), T (4, c), T (2, f), T (1, y), T (4, f)];136.44314455986023
117;MobilNet_6;0.5026896;0.11833955726484699;1;axe_out_channels_0,axe_yy_0,axe_out_channels_1;19;[V f, U (1, f), U (7, y), U (3, h), U (3, w), T (64, c), Hoist_vars [c],  T (14, x), T (4, c), T (16, f), T (2, y), T (1, f)];137.59901642799377
118;MobilNet_6;0.7118306000000001;0.004799971504082065;1;axe_out_channels_0,axe_yy_0,axe_out_channels_1;11;[V f, U (1, f), U (14, y), U (3, h), U (3, w), T (32, c), Hoist_vars [c],  T (14, x), T (8, c), T (2, f), T (1, y), T (8, f)];138.7778697013855
119;MobilNet_6;0.5588428999999999;0.13680094886619024;1;axe_out_channels_0,axe_yy_0,axe_out_channels_1;10;[V f, U (1, f), U (7, y), U (3, h), U (3, w), T (32, c), Hoist_vars [c],  T (14, x), T (8, c), T (4, f), T (2, y), T (4, f)];139.93342995643616
120;MobilNet_6;0.5625542;0.12266686677648533;1;axe_out_channels_0,axe_yy_0,axe_out_channels_1;19;[V f, U (1, f), U (7, y), U (3, h), U (3, w), T (32, c), Hoist_vars [c],  T (14, x), T (8, c), T (16, f), T (2, y), T (1, f)];141.09685945510864
121;MobilNet_6;0.46701040000000005;0.11285552229040453;1;axe_out_channels_0,axe_yy_0,axe_out_channels_1;19;[V f, U (1, f), U (7, y), U (3, h), T (32, c), Hoist_vars [c], T (3, w),  T (14, x), T (8, c), T (16, f), T (2, y), T (1, f)];142.18580532073975
122;MobilNet_6;1.0380218;0.016943845512751805;1;axe_xx_0;14;[V f, U (4, f), U (7, y), T (32, c), Hoist_vars [c], T (3, w), T (3, h),  T (14, x), T (8, c), T (2, f), T (2, y), T (2, f)];143.24074625968933
123;MobilNet_6;1.0153322;0.02173115088438713;1;axe_xx_0;14;[V f, U (4, f), U (7, y), U (3, w), T (32, c), Hoist_vars [c], T (3, h),  T (14, x), T (8, c), T (4, f), T (2, y), T (1, f)];144.32917380332947
124;MobilNet_6;1.3962687;0.008194765744668944;1;axe_xx_0;14;[V f, U (2, f), U (7, y), U (3, w), T (32, c), Hoist_vars [c], T (3, h),  T (14, x), T (8, c), T (2, f), T (2, y), T (4, f)];145.42129182815552
125;MobilNet_6;1.0389249999999999;0.026174375106198786;1;axe_out_channels_1,axe_yy_0,axe_xx_0;17;[V f, U (1, f), U (7, y), U (3, w), T (64, c), Hoist_vars [c], T (3, h),  T (14, x), T (2, y), T (1, f), T (4, c), T (16, f)];146.46305537223816
126;MobilNet_6;0.5807547000000001;0.10142298408551188;2;axe_out_channels1_1,axe_yy1_0,axe_xx1_0;23;[V f, U (1, f), ULambda y, U (3, w), T (64, c), Hoist_vars [c], T (3, h),  T (14, x), Lambda_apply y [((Iter 1), (Arg 4)), ((Iter 2), (Arg 5))],  T (8, f), T (4, c), T (2, f)];147.60367488861084
127;MobilNet_6;0.9393016;0.003920821347626038;1;axe_out_channels_0,axe_yy_0,axe_out_channels_1;7;[V f, U (2, f), U (14, y), U (3, h), U (3, w), T (32, c), Hoist_vars [c],  T (14, x), T (8, c), T (4, f), T (1, y), T (2, f)];148.85502648353577
128;MobilNet_6;1.4140788;0.017539837056255676;1;axe_xx_0;14;[V f, U (2, f), U (7, y), T (32, c), Hoist_vars [c], T (3, w), T (3, h),  T (14, x), T (8, c), T (4, f), T (2, y), T (2, f)];150.0015983581543
129;MobilNet_6;0.500545;0.09343634446402536;1;axe_out_channels_0,axe_yy_0,axe_out_channels_1;18;[V f, U (1, f), U (14, y), U (3, h), T (128, c), Hoist_vars [c], T (3, w),  T (14, x), T (2, c), T (16, f), T (1, y), T (1, f)];151.08342051506042
130;MobilNet_6;0.7270543;0.08026353271199814;1;axe_xx_0;14;[V f, U (2, f), U (14, y), U (3, h), T (64, c), Hoist_vars [c], T (3, w),  T (14, x), T (4, c), T (1, f), T (1, y), T (8, f)];152.18100929260254
131;MobilNet_6;0.9151996;0.00529742579372282;1;axe_out_channels_0,axe_yy_0,axe_out_channels_1;10;[V f, U (2, f), U (14, y), U (3, h), U (3, w), T (64, c), Hoist_vars [c],  T (14, x), T (4, c), T (8, f), T (1, y), T (1, f)];153.43308424949646
132;MobilNet_6;0.9698008;0.008176609001291435;1;axe_xx_0;14;[V f, U (1, f), U (14, y), U (3, h), T (64, c), Hoist_vars [c], T (3, w),  T (14, x), T (4, c), T (4, f), T (1, y), T (4, f)];154.52031302452087
133;MobilNet_6;0.5191486999999999;0.10118297370412672;1;axe_out_channels_0,axe_yy_0,axe_out_channels_1;8;[V f, U (2, f), U (7, y), U (3, h), U (3, w), T (64, c), Hoist_vars [c],  T (14, x), T (4, c), T (2, f), T (2, y), T (4, f)];155.74194169044495
134;MobilNet_6;0.7060004999999999;0.0388796540937545;1;axe_xx_0;14;[V f, U (2, f), U (14, y), U (3, h), T (64, c), Hoist_vars [c], T (3, w),  T (14, x), T (4, c), T (8, f), T (1, y), T (1, f)];156.86724734306335
135;MobilNet_6;0.5430075000000001;0.12122892816588789;1;axe_out_channels_0,axe_yy_0,axe_out_channels_1;12;[V f, U (1, f), U (7, y), U (3, h), U (3, w), T (32, c), Hoist_vars [c],  T (14, x), T (8, c), T (8, f), T (2, y), T (2, f)];158.03948712348938
136;MobilNet_6;1.1461293;0.0069172785118137336;1;axe_xx_0;14;[V f, U (1, f), U (7, y), U (3, h), T (128, c), Hoist_vars [c], T (3, w),  T (14, x), T (2, c), T (2, f), T (2, y), T (8, f)];159.12744975090027
137;MobilNet_6;0.6776754;0.014116330884475612;1;axe_out_channels_0,axe_yy_0,axe_out_channels_1;9;[V f, U (1, f), U (14, y), U (3, h), U (3, w), T (32, c), Hoist_vars [c],  T (14, x), T (8, c), T (4, f), T (1, y), T (4, f)];160.29637241363525
138;MobilNet_6;1.3731788999999999;0.009803213589940848;1;axe_xx_0;14;[V f, U (1, f), U (14, y), U (3, h), T (32, c), Hoist_vars [c], T (3, w),  T (14, x), T (8, c), T (4, f), T (1, y), T (4, f)];161.39919686317444
139;MobilNet_6;0.9448218;0.007580628810329639;1;axe_out_channels_0,axe_yy_0,axe_out_channels_1;7;[V f, U (2, f), U (14, y), U (3, h), U (3, w), T (32, c), Hoist_vars [c],  T (14, x), T (8, c), T (2, f), T (1, y), T (4, f)];162.65964436531067
140;MobilNet_6;0.6724814;0.008593523237880957;1;axe_out_channels_0,axe_yy_0,axe_out_channels_1;18;[V f, U (1, f), U (14, y), U (3, h), U (3, w), T (32, c), Hoist_vars [c],  T (14, x), T (8, c), T (16, f), T (1, y), T (1, f)];163.83819794654846
141;MobilNet_6;0.9782951000000001;0.044695684416842754;1;axe_xx_0;14;[V f, U (2, f), U (7, y), U (3, h), T (64, c), Hoist_vars [c], T (3, w),  T (14, x), T (4, c), T (4, f), T (2, y), T (2, f)];164.95029640197754
142;MobilNet_6;0.6118001000000001;0.09785898558890749;2;axe_out_channels1_1,axe_yy1_0,axe_xx1_0;24;[V f, U (1, f), ULambda y, U (3, w), T (64, c), Hoist_vars [c], T (3, h),  T (14, x), Lambda_apply y [((Iter 2), (Arg 4)), ((Iter 1), (Arg 6))],  T (8, f), T (4, c), T (2, f)];166.10277557373047
143;MobilNet_6;1.383436;0.012299838673738772;1;axe_xx_0;14;[V f, U (2, f), U (7, y), U (3, w), T (32, c), Hoist_vars [c], T (3, h),  T (14, x), T (8, c), T (1, f), T (2, y), T (8, f)];167.17851161956787
144;MobilNet_6;0.4973858;0.09442997125150468;1;axe_out_channels_0,axe_yy_0,axe_out_channels_1;12;[V f, U (1, f), U (7, y), U (3, h), U (3, w), T (64, c), Hoist_vars [c],  T (14, x), T (4, c), T (2, f), T (2, y), T (8, f)];168.33666062355042
145;MobilNet_6;0.9815661;0.02732434708625258;1;axe_xx_0;14;[V f, U (1, f), U (14, y), U (3, h), T (64, c), Hoist_vars [c], T (3, w),  T (14, x), T (4, c), T (8, f), T (1, y), T (2, f)];169.40574860572815
146;MobilNet_6;0.7057178000000001;0.037309536506903974;1;axe_xx_0;14;[V f, U (2, f), U (14, y), T (64, c), Hoist_vars [c], T (3, w), T (3, h),  T (14, x), T (4, c), T (1, f), T (1, y), T (8, f)];170.48058772087097
147;MobilNet_6;1.365909;0.009361350597002547;1;axe_xx_0;14;[V f, U (2, f), U (7, y), U (3, h), T (32, c), Hoist_vars [c], T (3, w),  T (14, x), T (8, c), T (1, f), T (2, y), T (8, f)];171.56098747253418
148;MobilNet_6;0.49936980000000003;0.1118063330413801;1;axe_out_channels_0,axe_yy_0,axe_out_channels_1;18;[V f, U (1, f), U (14, y), U (3, h), T (32, c), Hoist_vars [c], T (3, w),  T (14, x), T (8, c), T (1, f), T (1, y), T (16, f)];172.65480756759644
149;MobilNet_6;0.9735149000000002;0.011019424862033406;1;axe_xx_0;14;[V f, U (1, f), U (14, y), U (3, h), T (64, c), Hoist_vars [c], T (3, w),  T (14, x), T (4, c), T (2, f), T (1, y), T (8, f)];173.74498414993286
150;MobilNet_6;0.5005265999999999;0.08366758889103953;1;axe_out_channels_0,axe_yy_0,axe_out_channels_1;8;[V f, U (2, f), U (7, y), U (3, h), U (3, w), T (64, c), Hoist_vars [c],  T (14, x), T (4, c), T (4, f), T (2, y), T (2, f)];174.98441553115845
151;MobilNet_6;0.4719932;0.10612892493830325;1;axe_out_channels_0,axe_yy_0,axe_out_channels_1;12;[V f, U (1, f), U (7, y), U (3, h), U (3, w), T (32, c), Hoist_vars [c],  T (14, x), T (8, c), T (2, f), T (2, y), T (8, f)];176.1598606109619
152;MobilNet_6;1.3741389;0.010650506358385025;1;axe_xx_0;14;[V f, U (2, f), U (7, y), U (3, h), T (32, c), Hoist_vars [c], T (3, w),  T (14, x), T (8, c), T (2, f), T (2, y), T (4, f)];177.2483298778534
153;MobilNet_6;0.9791127;0.012984834161821265;2;axe_xx1_0;14;[V f, U (2, f), ULambda y, U (3, h), T (64, c), Hoist_vars [c], T (3, w),  T (14, x), T (4, c), T (4, f),  Lambda_apply y [((Iter 1), (Arg 6)), ((Iter 1), (Arg 8))], T (2, f)];178.50517559051514
154;MobilNet_6;0.5847234;0.1026719566027647;1;axe_out_channels_1,axe_yy_0,axe_xx_0;20;[V f, U (1, f), U (7, y), U (3, w), T (64, c), Hoist_vars [c], T (3, h),  T (14, x), T (2, y), T (4, f), T (4, c), T (4, f)];179.54785299301147
155;MobilNet_6;0.7332150000000001;0.003386400507913972;1;axe_out_channels_0,axe_yy_0,axe_out_channels_1;18;[V f, U (1, f), U (14, y), U (3, h), T (128, c), Hoist_vars [c], T (3, w),  T (14, x), T (2, c), T (1, f), T (1, y), T (16, f)];180.72848916053772
156;MobilNet_6;0.6540448;0.011320225163838413;1;axe_out_channels_0,axe_yy_0,axe_out_channels_1;11;[V f, U (1, f), U (14, y), U (3, h), U (3, w), T (128, c), Hoist_vars [c],  T (14, x), T (2, c), T (8, f), T (1, y), T (2, f)];181.89383935928345
157;MobilNet_6;0.7370884;0.09965276167793843;1;axe_xx_0;14;[V f, U (2, f), U (14, y), T (64, c), Hoist_vars [c], T (3, w), T (3, h),  T (14, x), T (4, c), T (2, f), T (1, y), T (4, f)];182.96891069412231
158;MobilNet_6;0.7212507;0.06945346987883327;1;axe_xx_0;14;[V f, U (2, f), U (14, y), U (3, h), T (64, c), Hoist_vars [c], T (3, w),  T (14, x), T (4, c), T (2, f), T (1, y), T (4, f)];184.06338381767273
159;MobilNet_6;0.5246302;0.08110109083212136;2;axe_out_channels1_1,axe_yy1_0,axe_xx1_0;31;[V f, U (1, f), ULambda y, U (3, w), T (64, c), Hoist_vars [c], T (3, h),  T (14, x), Lambda_apply y [((Iter 1), (Arg 4)), ((Iter 2), (Arg 5))],  T (16, f), T (4, c), T (1, f)];185.24197602272034
160;MobilNet_6;0.594481;0.01586697755717832;1;axe_out_channels_1,axe_yy_0,axe_xx_0;20;[V f, U (1, f), U (7, y), U (3, w), T (32, c), Hoist_vars [c], T (3, h),  T (14, x), T (2, y), T (4, f), T (8, c), T (4, f)];186.27854180335999
161;MobilNet_6;1.5562275;0.004141464336439494;1;axe_xx_0;14;[V f, U (1, f), U (7, y), U (3, h), T (64, c), Hoist_vars [c], T (3, w),  T (14, x), T (4, c), T (4, f), T (2, y), T (4, f)];187.3727262020111
162;MobilNet_6;0.526899;0.04736591251944799;1;axe_out_channels_1,axe_yy_0,axe_xx_0;24;[V f, U (1, f), U (7, y), U (3, w), T (32, c), Hoist_vars [c], T (3, h),  T (14, x), T (2, y), T (8, f), T (8, c), T (2, f)];188.43118453025818
163;MobilNet_6;0.7372589000000002;0.08755338780818249;1;axe_out_channels_0,axe_yy_0,axe_out_channels_1;18;[V f, U (1, f), U (14, y), U (3, h), U (3, w), T (32, c), Hoist_vars [c],  T (14, x), T (8, c), T (1, f), T (1, y), T (16, f)];189.6081874370575
164;MobilNet_6;1.5643504;0.008707071151656047;1;axe_xx_0;14;[V f, U (1, f), U (7, y), U (3, h), T (64, c), Hoist_vars [c], T (3, w),  T (14, x), T (4, c), T (8, f), T (2, y), T (2, f)];190.68662357330322
165;MobilNet_6;0.4851287000000001;0.11270350657548328;1;axe_out_channels_0,axe_yy_0,axe_out_channels_1;8;[V f, U (2, f), U (7, y), U (3, h), U (3, w), T (32, c), Hoist_vars [c],  T (14, x), T (8, c), T (2, f), T (2, y), T (4, f)];191.90426206588745
166;MobilNet_6;2.3901789;0.00994343975141405;1;axe_xx_0;14;[V f, U (1, f), U (7, y), U (3, h), T (32, c), Hoist_vars [c], T (3, w),  T (14, x), T (8, c), T (4, f), T (2, y), T (4, f)];193.068119764328
167;MobilNet_6;0.9046658000000001;0.010376751204495558;1;axe_xx_0;14;[V f, U (2, f), U (14, y), T (32, c), Hoist_vars [c], T (3, w), T (3, h),  T (14, x), T (8, c), T (2, f), T (1, y), T (4, f)];194.13883566856384
168;MobilNet_6;0.9711487999999999;0.01315626475714135;2;axe_xx1_0;14;[V f, U (2, f), ULambda y, U (3, h), T (64, c), Hoist_vars [c], T (3, w),  T (14, x), T (4, c), T (2, f),  Lambda_apply y [((Iter 1), (Arg 6)), ((Iter 1), (Arg 8))], T (4, f)];195.36143517494202
169;MobilNet_6;0.6284143;0.007762523920091997;1;axe_out_channels_0,axe_yy_0,axe_out_channels_1;11;[V f, U (1, f), U (14, y), U (3, h), U (3, w), T (128, c), Hoist_vars [c],  T (14, x), T (2, c), T (2, f), T (1, y), T (8, f)];196.52460312843323
170;MobilNet_6;1.1381825000000003;0.009605537967755881;1;axe_xx_0;14;[V f, U (1, f), U (7, y), U (3, h), T (128, c), Hoist_vars [c], T (3, w),  T (14, x), T (2, c), T (8, f), T (2, y), T (2, f)];197.6358208656311
