IdRun;NameConv;Time(ms);std;NbMicroKernel;AxeFuse;SizeAxeFuse;Schema;Time_search(3.3891501426696777)
0;Yolo9000_5;0.5129473;0.11408254875225221;1;axe_yy_0,axe_xx_0;38;[V f, U (4, f), ULambda y, T (128, c), Hoist_vars [c], T (4, x),  Lambda_apply y [((Iter 1), (Arg 6)), ((Iter 4), (Arg 7))], T (1, c),  T (34, x), T (4, y)];4.272472143173218
1;Yolo9000_5;0.5750113;0.10306569194649594;2;axe_yy1_0,axe_xx1_0;139;[V f, U (4, f), ULambda y, T (128, c), Hoist_vars [c], T (1, x), T (8, y),  T (1, c), T (136, x),  Lambda_apply y [((Iter 3), (Arg 4)), ((Iter 1), (Arg 5))]];5.308374881744385
2;Yolo9000_5;0.5174753000000001;0.10641396601015302;1;axe_yy_0,axe_xx_0;25;[V f, U (2, f), ULambda y, T (128, c), Hoist_vars [c], T (8, x),  Lambda_apply y [((Iter 1), (Arg 8)), ((Iter 1), (Arg 9))], T (2, f),  T (17, x), T (8, y)];6.190154314041138
3;Yolo9000_5;0.5443621000000001;0.10841785138661438;2;axe_yy1_0,axe_xx1_0;137;[V f, U (4, f), ULambda y, T (128, c), Hoist_vars [c], T (1, x), T (8, y),  T (1, c), T (136, x),  Lambda_apply y [((Iter 1), (Arg 5)), ((Iter 2), (Arg 6))]];7.2633750438690186
5;Yolo9000_5;0.5638802999999999;0.11735808240854144;1;axe_yy_0,axe_xx_0;34;[V f, U (4, f), U (4, y), T (64, c), Hoist_vars [c], T (8, x), T (2, y),  T (2, c), T (17, x), T (17, y)];9.02981948852539
8;Yolo9000_5;0.4770638;0.12277097732672816;1;axe_yy_0,axe_xx_0;138;[V f, U (4, f), U (4, y), T (64, c), Hoist_vars [c], T (1, x), T (17, y),  T (2, c), T (136, x), T (2, y)];11.564594984054565
9;Yolo9000_5;0.5914953;0.11550062748751626;2;axe_yy1_0,axe_xx1_0;69;[V f, U (4, f), ULambda y, T (128, c), Hoist_vars [c], T (2, x), T (8, y),  T (1, c), T (68, x),  Lambda_apply y [((Iter 1), (Arg 3)), ((Iter 2), (Arg 7))]];12.615280151367188
10;Yolo9000_5;0.45304279999999997;0.12143789609903488;1;axe_yy_0,axe_xx_0;138;[V f, U (2, f), ULambda y, T (128, c), Hoist_vars [c], T (1, x),  Lambda_apply y [((Iter 3), (Arg 8)), ((Iter 4), (Arg 11))], T (2, f),  T (136, x), T (2, y)];13.48614501953125
11;Yolo9000_5;0.46250100000000005;0.030605823779143736;1;axe_yy_0,axe_xx_0;144;[V f, U (2, f), ULambda y, T (128, c), Hoist_vars [c], T (1, x),  Lambda_apply y [((Iter 1), (Arg 7)), ((Iter 1), (Arg 10))], T (2, f),  T (136, x), T (8, y)];14.35577392578125
12;Yolo9000_5;0.8642182;0.0028921778576014297;1;axe_yy_1;34;[V f, U (4, f), U (4, y), T (128, c), Hoist_vars [c], T (8, x), T (34, y),  T (1, c), T (17, x), T (1, y)];15.255537509918213
13;Yolo9000_5;0.4582235;0.12056741567459263;1;axe_yy_0,axe_xx_0;38;[V f, U (2, f), ULambda y, T (128, c), Hoist_vars [c], T (4, x),  Lambda_apply y [((Iter 2), (Arg 10)), ((Iter 1), (Arg 14))], T (2, f),  T (34, x), T (4, y)];16.15156650543213
14;Yolo9000_5;0.5881239;0.11368178378566197;2;axe_yy1_0,axe_xx1_0;71;[V f, U (4, f), ULambda y, T (128, c), Hoist_vars [c], T (2, x), T (8, y),  T (1, c), T (68, x),  Lambda_apply y [((Iter 3), (Arg 3)), ((Iter 2), (Arg 4))]];17.233741283416748
15;Yolo9000_5;0.4530467000000001;0.11142186032197633;1;axe_yy_0,axe_xx_0;140;[V f, U (4, f), ULambda y, T (128, c), Hoist_vars [c], T (1, x),  Lambda_apply y [((Iter 1), (Arg 6)), ((Iter 4), (Arg 7))], T (1, c),  T (136, x), T (4, y)];18.13472318649292
19;Yolo9000_5;0.4905258;0.06079616657454645;1;axe_yy_0,axe_xx_0;38;[V f, U (2, f), ULambda y, T (128, c), Hoist_vars [c], T (4, x),  Lambda_apply y [((Iter 3), (Arg 7)), ((Iter 1), (Arg 13))], T (2, f),  T (34, x), T (4, y)];21.580763339996338
21;Yolo9000_5;0.4640853;0.11507268621358417;1;axe_yy_0,axe_xx_0;70;[V f, U (2, f), ULambda y, T (128, c), Hoist_vars [c], T (2, x),  Lambda_apply y [((Iter 3), (Arg 8)), ((Iter 4), (Arg 11))], T (2, f),  T (68, x), T (2, y)];23.406129837036133
24;Yolo9000_5;0.5417456999999999;0.04358841113656243;2;axe_yy1_0,axe_xx1_0;73;[V f, U (4, f), ULambda y, T (128, c), Hoist_vars [c], T (2, x), T (4, y),  T (1, c), T (68, x),  Lambda_apply y [((Iter 5), (Arg 4)), ((Iter 2), (Arg 7))]];26.119600772857666
27;Yolo9000_5;0.509336;0.12116146487889622;1;axe_yy_0,axe_xx_0,axe_out_channels_0,axe_yy_1;37;[V f, U (2, f), U (8, y), T (128, c), Hoist_vars [c], T (8, x), T (1, y),  T (2, f), T (17, x), T (17, y)];28.751293659210205
29;Yolo9000_5;0.4922479;0.05000461362604453;1;axe_yy_0,axe_xx_0;76;[V f, U (2, f), ULambda y, T (128, c), Hoist_vars [c], T (2, x),  Lambda_apply y [((Iter 1), (Arg 7)), ((Iter 1), (Arg 10))], T (2, f),  T (68, x), T (8, y)];30.48486089706421
30;Yolo9000_5;0.6113254;0.10154084045072702;2;axe_yy1_0,axe_xx1_0;139;[V f, U (4, f), ULambda y, T (128, c), Hoist_vars [c], T (1, x), T (8, y),  T (1, c), T (136, x),  Lambda_apply y [((Iter 3), (Arg 3)), ((Iter 2), (Arg 4))]];31.459912300109863
31;Yolo9000_5;0.5114466;0.13387020244565254;1;axe_yy_0,axe_xx_0;70;[V f, U (2, f), ULambda y, T (128, c), Hoist_vars [c], T (2, x),  Lambda_apply y [((Iter 1), (Arg 8)), ((Iter 4), (Arg 15))], T (2, f),  T (68, x), T (2, y)];32.36735677719116
33;Yolo9000_5;0.44364590000000004;0.1056984259726227;1;axe_yy_0,axe_xx_0;138;[V f, U (2, f), ULambda y, T (128, c), Hoist_vars [c], T (1, x),  Lambda_apply y [((Iter 5), (Arg 7)), ((Iter 3), (Arg 11))], T (2, f),  T (136, x), T (2, y)];34.12060761451721
35;Yolo9000_5;0.523658;0.10968240546687512;1;axe_yy_0,axe_xx_0;140;[V f, U (2, f), ULambda y, T (128, c), Hoist_vars [c], T (1, x),  Lambda_apply y [((Iter 2), (Arg 10)), ((Iter 1), (Arg 14))], T (2, f),  T (136, x), T (4, y)];35.837480783462524
36;Yolo9000_5;0.5383519999999999;0.1114468903487217;1;axe_yy_0,axe_xx_0;85;[V f, U (4, f), U (4, y), T (64, c), Hoist_vars [c], T (2, x), T (2, y),  T (2, c), T (68, x), T (17, y)];36.71310091018677
43;Yolo9000_5;0.6417778000000001;0.10837665204627796;2;axe_yy1_0,axe_xx1_0;35;[V f, U (4, f), ULambda y, T (128, c), Hoist_vars [c], T (4, x), T (4, y),  T (1, c), T (34, x),  Lambda_apply y [((Iter 1), (Arg 6)), ((Iter 4), (Arg 7))]];42.826040267944336
45;Yolo9000_5;0.4290806;0.001965842221542709;1;axe_yy_0,axe_xx_0;38;[V f, U (4, f), ULambda y, T (128, c), Hoist_vars [c], T (4, x),  Lambda_apply y [((Iter 5), (Arg 4)), ((Iter 2), (Arg 7))], T (1, c),  T (34, x), T (4, y)];44.5363495349884
46;Yolo9000_5;0.42759980000000003;0.08223890753870701;1;axe_yy_0,axe_xx_0;72;[V f, U (4, f), ULambda y, T (128, c), Hoist_vars [c], T (2, x),  Lambda_apply y [((Iter 1), (Arg 6)), ((Iter 4), (Arg 7))], T (1, c),  T (68, x), T (4, y)];45.47048807144165
53;Yolo9000_5;0.4643778;0.11700866153648627;1;axe_yy_0,axe_xx_0;72;[V f, U (2, f), ULambda y, T (128, c), Hoist_vars [c], T (2, x),  Lambda_apply y [((Iter 1), (Arg 8)), ((Iter 2), (Arg 13))], T (2, f),  T (68, x), T (4, y)];51.214142084121704
54;Yolo9000_5;0.43701180000000006;0.09089527436429244;1;axe_yy_0,axe_xx_0;38;[V f, U (2, f), ULambda y, T (128, c), Hoist_vars [c], T (4, x),  Lambda_apply y [((Iter 1), (Arg 7)), ((Iter 3), (Arg 9))], T (2, f),  T (34, x), T (4, y)];52.070839166641235
56;Yolo9000_5;0.4664142;0.11739375469998391;1;axe_yy_0,axe_xx_0;70;[V f, U (2, f), ULambda y, T (128, c), Hoist_vars [c], T (2, x),  Lambda_apply y [((Iter 5), (Arg 8)), ((Iter 2), (Arg 14))], T (2, f),  T (68, x), T (2, y)];53.80081129074097
60;Yolo9000_5;0.47785690000000003;0.07253461739948726;1;axe_yy_0,axe_xx_0,axe_out_channels_0,axe_yy_1;156;[V f, U (2, f), U (8, y), T (128, c), Hoist_vars [c], T (1, x), T (1, y),  T (2, f), T (136, x), T (17, y)];57.04353141784668
62;Yolo9000_5;0.5206029999999999;0.1161592844123964;1;axe_yy_0,axe_xx_0;153;[V f, U (4, f), U (4, y), T (64, c), Hoist_vars [c], T (1, x), T (2, y),  T (2, c), T (136, x), T (17, y)];58.75723147392273
64;Yolo9000_5;0.5267891;0.1217164409054504;1;axe_yy_0,axe_xx_0;140;[V f, U (2, f), ULambda y, T (128, c), Hoist_vars [c], T (1, x),  Lambda_apply y [((Iter 1), (Arg 8)), ((Iter 2), (Arg 13))], T (2, f),  T (136, x), T (4, y)];60.43701219558716
66;Yolo9000_5;0.47579460000000007;0.1263523409764932;1;axe_yy_0,axe_xx_0;70;[V f, U (2, f), ULambda y, T (128, c), Hoist_vars [c], T (2, x),  Lambda_apply y [((Iter 4), (Arg 7)), ((Iter 5), (Arg 8))], T (2, f),  T (68, x), T (2, y)];62.11246180534363
68;Yolo9000_5;0.5303842000000001;0.12790096202437262;2;axe_yy1_0,axe_xx1_0;137;[V f, U (4, f), ULambda y, T (128, c), Hoist_vars [c], T (1, x), T (17, y),  T (1, c), T (136, x),  Lambda_apply y [((Iter 1), (Arg 3)), ((Iter 1), (Arg 5))]];63.81547427177429
69;Yolo9000_5;0.48365920000000007;0.11795152968215378;1;axe_yy_0,axe_xx_0;138;[V f, U (2, f), ULambda y, T (128, c), Hoist_vars [c], T (1, x),  Lambda_apply y [((Iter 2), (Arg 13)), ((Iter 3), (Arg 14))], T (2, f),  T (136, x), T (2, y)];64.71415877342224
70;Yolo9000_5;0.5048455;0.10556084664708787;1;axe_yy_0,axe_xx_0;138;[V f, U (2, f), ULambda y, T (128, c), Hoist_vars [c], T (1, x),  Lambda_apply y [((Iter 4), (Arg 7)), ((Iter 5), (Arg 8))], T (2, f),  T (136, x), T (2, y)];65.55516409873962
72;Yolo9000_5;1.0326377999999998;0.004957242878859236;1;axe_yy_1;17;[V f, U (4, f), U (4, y), T (128, c), Hoist_vars [c], T (17, x), T (17, y),  T (1, c), T (8, x), T (2, y)];67.45958232879639
74;Yolo9000_5;0.5197622;0.11026547682824392;1;axe_yy_0,axe_xx_0;70;[V f, U (2, f), ULambda y, T (128, c), Hoist_vars [c], T (2, x),  Lambda_apply y [((Iter 5), (Arg 7)), ((Iter 3), (Arg 11))], T (2, f),  T (68, x), T (2, y)];69.20824790000916
76;Yolo9000_5;0.5069742;0.07808872153493103;2;axe_yy1_0,axe_xx1_0;137;[V f, U (4, f), ULambda y, T (64, c), Hoist_vars [c], T (1, x), T (17, y),  T (2, c), T (136, x),  Lambda_apply y [((Iter 1), (Arg 3)), ((Iter 1), (Arg 5))]];71.00737142562866
78;Yolo9000_5;0.4830146;0.12760200603062632;1;axe_yy_0,axe_xx_0;137;[V f, U (2, f), ULambda y, T (128, c), Hoist_vars [c], T (1, x),  Lambda_apply y [((Iter 5), (Arg 9)), ((Iter 7), (Arg 13))], T (2, f),  T (136, x), T (1, y)];72.7203357219696
80;Yolo9000_5;0.5265077;0.1232033424206097;1;axe_yy_0,axe_xx_0;72;[V f, U (4, f), ULambda y, T (128, c), Hoist_vars [c], T (2, x),  Lambda_apply y [((Iter 1), (Arg 4)), ((Iter 5), (Arg 6))], T (1, c),  T (68, x), T (4, y)];74.46038293838501
82;Yolo9000_5;0.5286924;0.10132592251561294;2;axe_yy1_0,axe_xx1_0;138;[V f, U (4, f), ULambda y, T (128, c), Hoist_vars [c], T (1, x), T (8, y),  T (1, c), T (136, x),  Lambda_apply y [((Iter 2), (Arg 5)), ((Iter 1), (Arg 7))]];76.26667022705078
84;Yolo9000_5;0.46661929999999996;0.1243172066876102;1;axe_yy_0,axe_xx_0;138;[V f, U (4, f), U (4, y), T (128, c), Hoist_vars [c], T (1, x), T (17, y),  T (1, c), T (136, x), T (2, y)];77.97550702095032
85;Yolo9000_5;0.4832611000000001;0.04934782857320068;1;axe_yy_0,axe_xx_0;137;[V f, U (2, f), ULambda y, T (128, c), Hoist_vars [c], T (1, x),  Lambda_apply y [((Iter 11), (Arg 11)), ((Iter 1), (Arg 15))], T (2, f),  T (136, x), T (1, y)];78.86498045921326
87;Yolo9000_5;0.4983103;0.0508049857475622;1;axe_yy_0,axe_xx_0;153;[V f, U (4, f), U (4, y), T (128, c), Hoist_vars [c], T (1, x), T (2, y),  T (1, c), T (136, x), T (17, y)];80.52657914161682
88;Yolo9000_5;0.5263504999999999;0.10884827030803017;1;axe_yy_0,axe_xx_0;76;[V f, U (2, f), ULambda y, T (128, c), Hoist_vars [c], T (2, x),  Lambda_apply y [((Iter 1), (Arg 8)), ((Iter 1), (Arg 9))], T (2, f),  T (68, x), T (8, y)];81.42407202720642
89;Yolo9000_5;0.6127938;0.11138834356682029;2;axe_yy1_0,axe_xx1_0;139;[V f, U (4, f), ULambda y, T (64, c), Hoist_vars [c], T (1, x), T (8, y),  T (2, c), T (136, x),  Lambda_apply y [((Iter 3), (Arg 3)), ((Iter 2), (Arg 4))]];82.40375113487244
90;Yolo9000_5;0.5410988;0.12375890018483517;1;axe_yy_0,axe_xx_0;51;[V f, U (4, f), U (4, y), T (128, c), Hoist_vars [c], T (4, x), T (2, y),  T (1, c), T (34, x), T (17, y)];83.27824807167053
91;Yolo9000_5;0.5351265000000001;0.10991000901032626;1;axe_yy_0,axe_xx_0;72;[V f, U (2, f), ULambda y, T (128, c), Hoist_vars [c], T (2, x),  Lambda_apply y [((Iter 3), (Arg 8)), ((Iter 1), (Arg 10))], T (2, f),  T (68, x), T (4, y)];84.18048691749573
92;Yolo9000_5;0.5171346000000001;0.1321918373759893;1;axe_yy_0,axe_xx_0;38;[V f, U (2, f), ULambda y, T (128, c), Hoist_vars [c], T (4, x),  Lambda_apply y [((Iter 2), (Arg 11)), ((Iter 1), (Arg 12))], T (2, f),  T (34, x), T (4, y)];85.06759023666382
96;Yolo9000_5;0.5866325;0.059662801014116;2;axe_yy1_0,axe_xx1_0;69;[V f, U (4, f), ULambda y, T (128, c), Hoist_vars [c], T (2, x), T (8, y),  T (1, c), T (68, x),  Lambda_apply y [((Iter 1), (Arg 5)), ((Iter 2), (Arg 6))]];88.56637263298035
98;Yolo9000_5;0.5838252;0.0743864682772344;2;axe_yy1_0,axe_xx1_0;69;[V f, U (4, f), ULambda y, T (128, c), Hoist_vars [c], T (2, x), T (4, y),  T (1, c), T (68, x),  Lambda_apply y [((Iter 1), (Arg 4)), ((Iter 5), (Arg 6))]];90.43509840965271
100;Yolo9000_5;0.4956602;0.1259183249918772;1;axe_yy_0,axe_xx_0;138;[V f, U (2, f), ULambda y, T (128, c), Hoist_vars [c], T (1, x),  Lambda_apply y [((Iter 1), (Arg 8)), ((Iter 5), (Arg 12))], T (2, f),  T (136, x), T (2, y)];92.19366717338562
101;Yolo9000_5;0.4860164;0.12893093857271032;1;axe_yy_0,axe_xx_0;38;[V f, U (2, f), ULambda y, T (128, c), Hoist_vars [c], T (4, x),  Lambda_apply y [((Iter 1), (Arg 8)), ((Iter 2), (Arg 13))], T (2, f),  T (34, x), T (4, y)];93.07445096969604
102;Yolo9000_5;0.526807;0.12414520683779941;1;axe_yy_0,axe_xx_0;42;[V f, U (2, f), ULambda y, T (128, c), Hoist_vars [c], T (4, x),  Lambda_apply y [((Iter 1), (Arg 8)), ((Iter 1), (Arg 9))], T (2, f),  T (34, x), T (8, y)];93.93986296653748
103;Yolo9000_5;0.4629824;0.11775050037787527;1;axe_yy_0,axe_xx_0;137;[V f, U (2, f), ULambda y, T (128, c), Hoist_vars [c], T (1, x),  Lambda_apply y [((Iter 7), (Arg 12)), ((Iter 4), (Arg 13))], T (2, f),  T (136, x), T (1, y)];94.83504295349121
104;Yolo9000_5;0.4519362000000001;0.12082203228120275;1;axe_yy_0,axe_xx_0;70;[V f, U (2, f), ULambda y, T (128, c), Hoist_vars [c], T (2, x),  Lambda_apply y [((Iter 2), (Arg 9)), ((Iter 5), (Arg 10))], T (2, f),  T (68, x), T (2, y)];95.72702217102051
106;Yolo9000_5;0.49109060000000004;0.0850491249387082;1;axe_yy_0,axe_xx_0;70;[V f, U (2, f), ULambda y, T (128, c), Hoist_vars [c], T (2, x),  Lambda_apply y [((Iter 1), (Arg 12)), ((Iter 4), (Arg 14))], T (2, f),  T (68, x), T (2, y)];97.46466732025146
107;Yolo9000_5;0.5055103000000001;0.09006467105813466;1;axe_yy_0,axe_xx_0;137;[V f, U (2, f), ULambda y, T (128, c), Hoist_vars [c], T (1, x),  Lambda_apply y [((Iter 9), (Arg 9)), ((Iter 5), (Arg 11))], T (2, f),  T (136, x), T (1, y)];98.38184332847595
108;Yolo9000_5;0.4557164;0.10382300637546572;1;axe_yy_0,axe_xx_0;72;[V f, U (2, f), ULambda y, T (128, c), Hoist_vars [c], T (2, x),  Lambda_apply y [((Iter 1), (Arg 7)), ((Iter 3), (Arg 9))], T (2, f),  T (68, x), T (4, y)];99.26403069496155
110;Yolo9000_5;0.47848389999999996;0.05769818317321612;1;axe_yy_0,axe_xx_0;140;[V f, U (4, f), ULambda y, T (128, c), Hoist_vars [c], T (1, x),  Lambda_apply y [((Iter 5), (Arg 4)), ((Iter 2), (Arg 7))], T (1, c),  T (136, x), T (4, y)];100.98679637908936
111;Yolo9000_5;0.4747833;0.06369205735105439;1;axe_yy_0,axe_xx_0,axe_out_channels_0,axe_yy_1;88;[V f, U (2, f), U (8, y), T (128, c), Hoist_vars [c], T (2, x), T (1, y),  T (2, f), T (68, x), T (17, y)];101.82226991653442
112;Yolo9000_5;0.6282892999999999;0.06822271957060934;2;axe_yy1_0,axe_xx1_0;35;[V f, U (4, f), ULambda y, T (128, c), Hoist_vars [c], T (4, x), T (4, y),  T (1, c), T (34, x),  Lambda_apply y [((Iter 1), (Arg 4)), ((Iter 5), (Arg 6))]];102.886643409729
113;Yolo9000_5;0.5193375;0.07607189521137225;1;axe_yy_0,axe_xx_0;25;[V f, U (2, f), ULambda y, T (128, c), Hoist_vars [c], T (8, x),  Lambda_apply y [((Iter 1), (Arg 7)), ((Iter 1), (Arg 10))], T (2, f),  T (17, x), T (8, y)];103.75688529014587
114;Yolo9000_5;0.60897;0.10931214121038887;2;axe_yy1_0,axe_xx1_0;39;[V f, U (4, f), ULambda y, T (128, c), Hoist_vars [c], T (4, x), T (4, y),  T (1, c), T (34, x),  Lambda_apply y [((Iter 5), (Arg 4)), ((Iter 2), (Arg 7))]];104.8223385810852
115;Yolo9000_5;0.4286124;0.006823895488648693;1;axe_yy_0,axe_xx_0;137;[V f, U (2, f), ULambda y, T (128, c), Hoist_vars [c], T (1, x),  Lambda_apply y [((Iter 6), (Arg 11)), ((Iter 5), (Arg 14))], T (2, f),  T (136, x), T (1, y)];105.7056405544281
119;Yolo9000_5;0.48597550000000006;0.11200270891389189;1;axe_yy_0,axe_xx_0;72;[V f, U (4, f), ULambda y, T (128, c), Hoist_vars [c], T (2, x),  Lambda_apply y [((Iter 5), (Arg 4)), ((Iter 2), (Arg 7))], T (1, c),  T (68, x), T (4, y)];109.17254567146301
121;Yolo9000_5;0.5611872;0.011536140011286274;2;axe_yy1_0,axe_xx1_0;70;[V f, U (4, f), ULambda y, T (128, c), Hoist_vars [c], T (2, x), T (8, y),  T (1, c), T (68, x),  Lambda_apply y [((Iter 2), (Arg 5)), ((Iter 1), (Arg 7))]];111.02294540405273
122;Yolo9000_5;0.48135399999999995;0.06065653446744219;1;axe_yy_0,axe_xx_0;140;[V f, U (2, f), ULambda y, T (128, c), Hoist_vars [c], T (1, x),  Lambda_apply y [((Iter 3), (Arg 7)), ((Iter 1), (Arg 13))], T (2, f),  T (136, x), T (4, y)];111.8941113948822
123;Yolo9000_5;0.47123;0.12303832561035606;1;axe_yy_0,axe_xx_0;138;[V f, U (2, f), ULambda y, T (128, c), Hoist_vars [c], T (1, x),  Lambda_apply y [((Iter 2), (Arg 9)), ((Iter 5), (Arg 10))], T (2, f),  T (136, x), T (2, y)];112.75706148147583
124;Yolo9000_5;0.5162784999999999;0.11988262937327492;1;axe_yy_0,axe_xx_0;138;[V f, U (2, f), ULambda y, T (128, c), Hoist_vars [c], T (1, x),  Lambda_apply y [((Iter 5), (Arg 11)), ((Iter 1), (Arg 13))], T (2, f),  T (136, x), T (2, y)];113.62900376319885
125;Yolo9000_5;0.5632687000000001;0.11312371583629136;2;axe_yy1_0,axe_xx1_0;137;[V f, U (4, f), ULambda y, T (128, c), Hoist_vars [c], T (1, x), T (4, y),  T (1, c), T (136, x),  Lambda_apply y [((Iter 1), (Arg 4)), ((Iter 5), (Arg 6))]];114.59189820289612
130;Yolo9000_5;0.5771274;0.10804282127675119;2;axe_yy1_0,axe_xx1_0;137;[V f, U (4, f), ULambda y, T (128, c), Hoist_vars [c], T (1, x), T (8, y),  T (1, c), T (136, x),  Lambda_apply y [((Iter 1), (Arg 3)), ((Iter 2), (Arg 7))]];118.88044881820679
131;Yolo9000_5;0.5146466;0.12371276179214497;1;axe_yy_0,axe_xx_0;137;[V f, U (2, f), ULambda y, T (128, c), Hoist_vars [c], T (1, x),  Lambda_apply y [((Iter 13), (Arg 7)), ((Iter 3), (Arg 15))], T (2, f),  T (136, x), T (1, y)];119.75912094116211
132;Yolo9000_5;0.6363521999999999;0.12452101131118398;2;axe_yy1_0,axe_xx1_0;71;[V f, U (4, f), ULambda y, T (64, c), Hoist_vars [c], T (2, x), T (8, y),  T (2, c), T (68, x),  Lambda_apply y [((Iter 3), (Arg 3)), ((Iter 2), (Arg 4))]];120.82615375518799
133;Yolo9000_5;0.4853659;0.12834935991538873;1;axe_yy_0,axe_xx_0;38;[V f, U (2, f), ULambda y, T (128, c), Hoist_vars [c], T (4, x),  Lambda_apply y [((Iter 1), (Arg 10)), ((Iter 2), (Arg 12))], T (2, f),  T (34, x), T (4, y)];121.71683740615845
136;Yolo9000_5;0.5225875999999999;0.12348525994482096;1;axe_yy_0,axe_xx_0;42;[V f, U (2, f), ULambda y, T (128, c), Hoist_vars [c], T (4, x),  Lambda_apply y [((Iter 1), (Arg 7)), ((Iter 1), (Arg 10))], T (2, f),  T (34, x), T (8, y)];124.24842762947083
139;Yolo9000_5;0.41965810000000003;0.08507019577202111;1;axe_yy_0,axe_xx_0;70;[V f, U (2, f), ULambda y, T (128, c), Hoist_vars [c], T (2, x),  Lambda_apply y [((Iter 5), (Arg 11)), ((Iter 1), (Arg 13))], T (2, f),  T (68, x), T (2, y)];126.84949588775635
144;Yolo9000_5;0.4820371;0.12977235481445962;1;axe_yy_0,axe_xx_0;138;[V f, U (2, f), ULambda y, T (128, c), Hoist_vars [c], T (1, x),  Lambda_apply y [((Iter 1), (Arg 12)), ((Iter 4), (Arg 14))], T (2, f),  T (136, x), T (2, y)];131.1417374610901
145;Yolo9000_5;0.5135382;0.1323713088722779;1;axe_yy_0,axe_xx_0;140;[V f, U (4, f), ULambda y, T (128, c), Hoist_vars [c], T (1, x),  Lambda_apply y [((Iter 1), (Arg 4)), ((Iter 5), (Arg 6))], T (1, c),  T (136, x), T (4, y)];132.00701928138733
146;Yolo9000_5;0.6213207000000001;0.11983119944659654;2;axe_yy1_0,axe_xx1_0;69;[V f, U (4, f), ULambda y, T (64, c), Hoist_vars [c], T (2, x), T (8, y),  T (2, c), T (68, x),  Lambda_apply y [((Iter 1), (Arg 3)), ((Iter 2), (Arg 7))]];133.04971766471863
148;Yolo9000_5;0.4792402;0.10775142906226347;1;axe_yy_0,axe_xx_0,axe_out_channels_0,axe_yy_1;54;[V f, U (2, f), U (8, y), T (128, c), Hoist_vars [c], T (4, x), T (1, y),  T (2, f), T (34, x), T (17, y)];134.72781705856323
150;Yolo9000_5;0.4514165;0.1230682827785047;1;axe_yy_0,axe_xx_0;137;[V f, U (2, f), ULambda y, T (128, c), Hoist_vars [c], T (1, x),  Lambda_apply y [((Iter 7), (Arg 10)), ((Iter 6), (Arg 11))], T (2, f),  T (136, x), T (1, y)];136.43783450126648
151;Yolo9000_5;0.4979051000000001;0.12528937952392455;1;axe_yy_0,axe_xx_0;72;[V f, U (2, f), ULambda y, T (128, c), Hoist_vars [c], T (2, x),  Lambda_apply y [((Iter 3), (Arg 7)), ((Iter 1), (Arg 13))], T (2, f),  T (68, x), T (4, y)];137.32306814193726
153;Yolo9000_5;0.4790959999999999;0.12910380639082647;1;axe_yy_0,axe_xx_0;70;[V f, U (2, f), ULambda y, T (128, c), Hoist_vars [c], T (2, x),  Lambda_apply y [((Iter 8), (Arg 7)), ((Iter 1), (Arg 12))], T (2, f),  T (68, x), T (2, y)];139.03382015228271
154;Yolo9000_5;0.5111025;0.11122480697870417;1;axe_yy_0,axe_xx_0;70;[V f, U (2, f), ULambda y, T (128, c), Hoist_vars [c], T (2, x),  Lambda_apply y [((Iter 2), (Arg 13)), ((Iter 3), (Arg 14))], T (2, f),  T (68, x), T (2, y)];139.9528284072876
156;Yolo9000_5;0.49383370000000004;0.10388510179429003;1;axe_yy_0,axe_xx_0;72;[V f, U (2, f), ULambda y, T (128, c), Hoist_vars [c], T (2, x),  Lambda_apply y [((Iter 1), (Arg 10)), ((Iter 2), (Arg 12))], T (2, f),  T (68, x), T (4, y)];141.66144323349
157;Yolo9000_5;0.48722509999999997;0.11354828846834283;1;axe_yy_0,axe_xx_0;72;[V f, U (2, f), ULambda y, T (128, c), Hoist_vars [c], T (2, x),  Lambda_apply y [((Iter 2), (Arg 11)), ((Iter 1), (Arg 12))], T (2, f),  T (68, x), T (4, y)];142.55633807182312
161;Yolo9000_5;0.6210656;0.09829219623673081;2;axe_yy1_0,axe_xx1_0;69;[V f, U (4, f), ULambda y, T (128, c), Hoist_vars [c], T (2, x), T (4, y),  T (1, c), T (68, x),  Lambda_apply y [((Iter 1), (Arg 6)), ((Iter 4), (Arg 7))]];146.1652512550354
162;Yolo9000_5;0.5060228;0.0861996317147585;1;axe_yy_0,axe_xx_0;138;[V f, U (2, f), ULambda y, T (128, c), Hoist_vars [c], T (1, x),  Lambda_apply y [((Iter 8), (Arg 7)), ((Iter 1), (Arg 12))], T (2, f),  T (136, x), T (2, y)];147.031476020813
163;Yolo9000_5;0.5130279;0.06263143879466604;1;axe_yy_0,axe_xx_0;85;[V f, U (4, f), U (4, y), T (128, c), Hoist_vars [c], T (2, x), T (2, y),  T (1, c), T (68, x), T (17, y)];147.8977255821228
164;Yolo9000_5;0.4319466;0.07543845723926226;1;axe_yy_0,axe_xx_0;70;[V f, U (2, f), ULambda y, T (128, c), Hoist_vars [c], T (2, x),  Lambda_apply y [((Iter 6), (Arg 9)), ((Iter 1), (Arg 14))], T (2, f),  T (68, x), T (2, y)];148.78941416740417
165;Yolo9000_5;0.4297633;0.10510996890499968;1;axe_yy_0,axe_xx_0;138;[V f, U (2, f), ULambda y, T (128, c), Hoist_vars [c], T (1, x),  Lambda_apply y [((Iter 1), (Arg 8)), ((Iter 4), (Arg 15))], T (2, f),  T (136, x), T (2, y)];149.67344498634338
166;Yolo9000_5;0.42481460000000004;0.10414209291559295;1;axe_yy_0,axe_xx_0;137;[V f, U (2, f), ULambda y, T (128, c), Hoist_vars [c], T (1, x),  Lambda_apply y [((Iter 11), (Arg 10)), ((Iter 2), (Arg 13))], T (2, f),  T (136, x), T (1, y)];150.55935788154602
167;Yolo9000_5;0.43550389999999994;0.10569073112856209;1;axe_yy_0,axe_xx_0;72;[V f, U (2, f), ULambda y, T (128, c), Hoist_vars [c], T (2, x),  Lambda_apply y [((Iter 2), (Arg 10)), ((Iter 1), (Arg 14))], T (2, f),  T (68, x), T (4, y)];151.4448037147522
168;Yolo9000_5;0.48899990000000004;0.1300869024479021;1;axe_yy_0,axe_xx_0;140;[V f, U (2, f), ULambda y, T (128, c), Hoist_vars [c], T (1, x),  Lambda_apply y [((Iter 3), (Arg 8)), ((Iter 1), (Arg 10))], T (2, f),  T (136, x), T (4, y)];152.30913853645325
169;Yolo9000_5;0.5067527999999999;0.1285017844162485;1;axe_yy_0,axe_xx_0;70;[V f, U (2, f), ULambda y, T (128, c), Hoist_vars [c], T (2, x),  Lambda_apply y [((Iter 1), (Arg 8)), ((Iter 5), (Arg 12))], T (2, f),  T (68, x), T (2, y)];153.20320987701416
171;Yolo9000_5;0.5998015000000001;0.09582448779226528;2;axe_yy1_0,axe_xx1_0;141;[V f, U (4, f), ULambda y, T (128, c), Hoist_vars [c], T (1, x), T (4, y),  T (1, c), T (136, x),  Lambda_apply y [((Iter 5), (Arg 4)), ((Iter 2), (Arg 7))]];155.0076904296875
175;Yolo9000_5;0.47285279999999996;0.11814914720877169;1;axe_yy_0,axe_xx_0;140;[V f, U (2, f), ULambda y, T (128, c), Hoist_vars [c], T (1, x),  Lambda_apply y [((Iter 1), (Arg 10)), ((Iter 2), (Arg 12))], T (2, f),  T (136, x), T (4, y)];158.4573893547058
177;Yolo9000_5;0.4435531999999999;0.10238777463330279;1;axe_yy_0,axe_xx_0;38;[V f, U (2, f), ULambda y, T (128, c), Hoist_vars [c], T (4, x),  Lambda_apply y [((Iter 3), (Arg 8)), ((Iter 1), (Arg 10))], T (2, f),  T (34, x), T (4, y)];160.20011019706726
179;Yolo9000_5;0.519935;0.12327684963203756;1;axe_yy_0,axe_xx_0;138;[V f, U (2, f), ULambda y, T (128, c), Hoist_vars [c], T (1, x),  Lambda_apply y [((Iter 5), (Arg 8)), ((Iter 2), (Arg 14))], T (2, f),  T (136, x), T (2, y)];161.92796993255615
184;Yolo9000_5;0.6024650000000001;0.11713624000197377;2;axe_yy1_0,axe_xx1_0;71;[V f, U (4, f), ULambda y, T (128, c), Hoist_vars [c], T (2, x), T (8, y),  T (1, c), T (68, x),  Lambda_apply y [((Iter 3), (Arg 4)), ((Iter 1), (Arg 5))]];166.38456535339355
186;Yolo9000_5;0.7855667000000001;0.03790899666055539;1;axe_yy_1;34;[V f, U (4, f), U (4, y), T (128, c), Hoist_vars [c], T (17, x), T (34, y),  T (1, c), T (8, x), T (1, y)];168.20022082328796
187;Yolo9000_5;0.5270968;0.07899966866867227;1;axe_yy_0,axe_xx_0;51;[V f, U (4, f), U (4, y), T (64, c), Hoist_vars [c], T (4, x), T (2, y),  T (2, c), T (34, x), T (17, y)];169.06482768058777
189;Yolo9000_5;0.5020098000000001;0.10038148975363936;1;axe_yy_0,axe_xx_0;140;[V f, U (2, f), ULambda y, T (128, c), Hoist_vars [c], T (1, x),  Lambda_apply y [((Iter 2), (Arg 11)), ((Iter 1), (Arg 12))], T (2, f),  T (136, x), T (4, y)];170.80528450012207
191;Yolo9000_5;0.45781109999999997;0.1174504652442467;1;axe_yy_0,axe_xx_0;137;[V f, U (2, f), ULambda y, T (128, c), Hoist_vars [c], T (1, x),  Lambda_apply y [((Iter 7), (Arg 13)), ((Iter 3), (Arg 15))], T (2, f),  T (136, x), T (1, y)];172.54129266738892
192;Yolo9000_5;0.48754610000000004;0.1264853798400827;1;axe_yy_0,axe_xx_0;140;[V f, U (2, f), ULambda y, T (128, c), Hoist_vars [c], T (1, x),  Lambda_apply y [((Iter 1), (Arg 7)), ((Iter 3), (Arg 9))], T (2, f),  T (136, x), T (4, y)];173.48723196983337
194;Yolo9000_5;0.5904997000000002;0.1255682856568887;2;axe_yy1_0,axe_xx1_0;137;[V f, U (4, f), ULambda y, T (128, c), Hoist_vars [c], T (1, x), T (4, y),  T (1, c), T (136, x),  Lambda_apply y [((Iter 1), (Arg 6)), ((Iter 4), (Arg 7))]];175.32182240486145
195;Yolo9000_5;0.4970191;0.12668164531647824;1;axe_yy_0,axe_xx_0;138;[V f, U (2, f), ULambda y, T (128, c), Hoist_vars [c], T (1, x),  Lambda_apply y [((Iter 6), (Arg 9)), ((Iter 1), (Arg 14))], T (2, f),  T (136, x), T (2, y)];176.20294499397278
196;Yolo9000_5;0.501474;0.023376232027424778;1;axe_yy_0,axe_xx_0;34;[V f, U (4, f), U (4, y), T (128, c), Hoist_vars [c], T (8, x), T (2, y),  T (1, c), T (17, x), T (17, y)];177.13516521453857
197;Yolo9000_5;0.6065868;0.11261357101593039;2;axe_yy1_0,axe_xx1_0;137;[V f, U (4, f), ULambda y, T (64, c), Hoist_vars [c], T (1, x), T (8, y),  T (2, c), T (136, x),  Lambda_apply y [((Iter 1), (Arg 3)), ((Iter 2), (Arg 7))]];178.1279706954956
199;Yolo9000_5;0.4452261;0.10740590247416573;1;axe_yy_0,axe_xx_0;38;[V f, U (4, f), ULambda y, T (128, c), Hoist_vars [c], T (4, x),  Lambda_apply y [((Iter 1), (Arg 4)), ((Iter 5), (Arg 6))], T (1, c),  T (34, x), T (4, y)];179.8462975025177
