IdRun;NameConv;Time(ms);std;NbMicroKernel;AxeFuse;SizeAxeFuse;Schema;Time_search(5.721406698226929)
0;ResNet18_6;0.5474271999999999;0.10160536977522398;1;axe_out_channels_0,axe_yy_0,axe_out_channels_1;13;[V f, U (1, f), U (7, y), U (3, h), U (3, w), T (64, c), Hoist_vars [c],  T (28, x), T (2, c), T (8, f), T (4, y), T (1, f)];6.568375825881958
1;ResNet18_6;0.5264572000000001;0.09282667306738943;1;axe_out_channels_1,axe_yy_0,axe_xx_0;40;[V f, U (1, f), U (7, y), U (3, w), T (16, c), Hoist_vars [c], T (3, h),  T (28, x), T (4, y), T (8, f), T (8, c), T (1, f)];7.4054954051971436
2;ResNet18_6;0.9486422000000001;0.033388659026082526;1;axe_xx_0;28;[V f, U (2, f), U (7, y), U (3, w), T (32, c), Hoist_vars [c], T (3, h),  T (28, x), T (4, c), T (1, f), T (4, y), T (4, f)];8.312854528427124
3;ResNet18_6;0.5759556000000001;0.06261625572996203;1;axe_out_channels_0,axe_yy_0,axe_xx_0,axe_out_channels_1;11;[V f, U (2, f), U (14, y), U (3, h), T (64, c), Hoist_vars [c], T (7, x),  T (3, w), T (2, c), T (1, f), T (4, x), T (2, y), T (4, f)];9.177786588668823
4;ResNet18_6;0.5359291;0.04244981146353892;1;axe_out_channels_0,axe_yy_0,axe_out_channels_1;10;[V f, U (1, f), U (7, y), U (3, h), U (3, w), T (128, c), Hoist_vars [c],  T (28, x), T (1, c), T (4, f), T (4, y), T (2, f)];10.042484998703003
5;ResNet18_6;0.8259535000000001;0.06139525604678265;1;axe_out_channels_0,axe_yy_0,axe_xx_0,axe_out_channels_1;9;[V f, U (4, f), U (7, y), T (16, c), Hoist_vars [c], T (3, h), T (14, x),  T (3, w), T (8, c), T (2, f), T (2, x), T (4, y), T (1, f)];10.9938325881958
6;ResNet18_6;0.4552938;0.07404367321493442;1;axe_out_channels_0,axe_yy_0,axe_xx_0,axe_out_channels_1;11;[V f, U (2, f), U (7, y), U (3, h), T (32, c), Hoist_vars [c], T (14, x),  T (3, w), T (4, c), T (4, f), T (2, x), T (4, y), T (1, f)];11.950899362564087
7;ResNet18_6;0.6225682;0.12793387810021234;1;axe_out_channels_0,axe_yy_0,axe_xx_0,axe_out_channels_1;11;[V f, U (2, f), U (14, y), T (64, c), Hoist_vars [c], T (3, h), T (7, x),  T (3, w), T (2, c), T (1, f), T (4, x), T (2, y), T (4, f)];12.806407928466797
8;ResNet18_6;0.5326382000000001;0.017327128710781823;1;axe_out_channels_0,axe_yy_0,axe_out_channels_1;13;[V f, U (1, f), U (7, y), U (3, h), U (3, w), T (32, c), Hoist_vars [c],  T (28, x), T (4, c), T (8, f), T (4, y), T (1, f)];13.676658391952515
9;ResNet18_6;0.8638385;0.004323612407466707;1;axe_xx_0;28;[V f, U (4, f), U (4, y), U (3, h), T (32, c), Hoist_vars [c], T (3, w),  T (28, x), T (4, c), T (2, f), T (7, y), T (1, f)];14.52221155166626
10;ResNet18_6;0.6893174;0.1172330457534905;1;axe_xx_0;28;[V f, U (1, f), U (14, y), U (3, h), T (128, c), Hoist_vars [c], T (3, w),  T (28, x), T (1, c), T (8, f), T (2, y), T (1, f)];15.395598888397217
11;ResNet18_6;0.4850371;0.017190685242014062;1;axe_out_channels_0,axe_yy_0,axe_xx_0,axe_out_channels_1;11;[V f, U (2, f), U (7, y), T (32, c), Hoist_vars [c], T (3, h), T (14, x),  T (3, w), T (4, c), T (1, f), T (2, x), T (4, y), T (4, f)];16.37076187133789
12;ResNet18_6;0.4665857000000001;0.058846528681053056;1;axe_out_channels_1,axe_yy_0,axe_xx_0;43;[V f, U (1, f), U (4, y), U (3, w), T (16, c), Hoist_vars [c], T (3, h),  T (28, x), T (7, y), T (8, f), T (8, c), T (1, f)];17.185083627700806
13;ResNet18_6;0.6142584999999999;0.138269820764511;1;axe_out_channels_0,axe_yy_0,axe_xx_0,axe_out_channels_1;9;[V f, U (2, f), U (7, y), U (3, h), U (3, w), T (64, c), Hoist_vars [c],  T (28, x), T (2, c), T (2, f), T (1, x), T (4, y), T (2, f)];18.089300632476807
14;ResNet18_6;0.6848977999999999;0.08456295620045456;1;axe_out_channels_0,axe_yy_0,axe_xx_0,axe_out_channels_1;10;[V f, U (2, f), U (7, y), U (3, h), T (32, c), Hoist_vars [c], T (28, x),  T (3, w), T (4, c), T (4, f), T (1, x), T (4, y), T (1, f)];18.930736303329468
15;ResNet18_6;0.5418485000000001;0.0742782696732362;1;axe_out_channels_1,axe_yy_0,axe_xx_0;39;[V f, U (1, f), U (4, y), U (3, w), T (32, c), Hoist_vars [c], T (3, h),  T (28, x), T (7, y), T (4, f), T (4, c), T (2, f)];19.754335403442383
16;ResNet18_6;1.375222;0.009089537931050167;1;axe_xx_0;28;[V f, U (1, f), U (14, y), U (3, h), T (16, c), Hoist_vars [c], T (3, w),  T (28, x), T (8, c), T (2, f), T (2, y), T (4, f)];20.65820074081421
17;ResNet18_6;0.9581761999999999;0.012846215160894688;1;axe_out_channels_0,axe_yy_0,axe_xx_0,axe_out_channels_1;8;[V f, U (2, f), U (14, y), U (3, h), T (16, c), Hoist_vars [c], T (14, x),  T (3, w), T (8, c), T (2, f), T (2, x), T (2, y), T (2, f)];21.588701963424683
18;ResNet18_6;1.3712301;0.00838355421584426;1;axe_xx_0;28;[V f, U (2, f), U (4, y), U (3, w), T (32, c), Hoist_vars [c], T (3, h),  T (28, x), T (4, c), T (2, f), T (7, y), T (2, f)];22.468461275100708
19;ResNet18_6;1.2532239;0.006248541757082157;1;axe_xx_0;28;[V f, U (4, f), U (4, y), U (3, h), T (16, c), Hoist_vars [c], T (3, w),  T (28, x), T (8, c), T (1, f), T (7, y), T (2, f)];23.340237140655518
20;ResNet18_6;1.0547161999999999;0.004604799383252221;1;axe_xx_0;28;[V f, U (1, f), U (7, y), U (3, h), T (64, c), Hoist_vars [c], T (3, w),  T (28, x), T (2, c), T (2, f), T (4, y), T (4, f)];24.210891723632812
21;ResNet18_6;0.7369529;0.018787877679237768;1;axe_xx_0;28;[V f, U (1, f), U (14, y), U (3, h), T (64, c), Hoist_vars [c], T (3, w),  T (28, x), T (2, c), T (1, f), T (2, y), T (8, f)];25.07546877861023
22;ResNet18_6;0.5506967000000001;0.11989719320989128;1;axe_out_channels_0,axe_yy_0,axe_xx_0,axe_out_channels_1;11;[V f, U (2, f), U (14, y), T (64, c), Hoist_vars [c], T (3, h), T (7, x),  T (3, w), T (2, c), T (4, f), T (4, x), T (2, y), T (1, f)];25.938779830932617
23;ResNet18_6;0.6824663;0.06431041524208968;1;axe_out_channels_0,axe_yy_0,axe_xx_0,axe_out_channels_1;10;[V f, U (2, f), U (7, y), U (3, h), T (16, c), Hoist_vars [c], T (28, x),  T (3, w), T (8, c), T (1, f), T (1, x), T (4, y), T (4, f)];26.79196810722351
24;ResNet18_6;0.5334358;0.11331806353428389;1;axe_out_channels_0,axe_yy_0,axe_xx_0,axe_out_channels_1;10;[V f, U (2, f), U (7, y), T (16, c), Hoist_vars [c], T (3, h), T (14, x),  T (3, w), T (8, c), T (2, f), T (2, x), T (4, y), T (2, f)];27.74550175666809
25;ResNet18_6;1.5004243000000002;0.007542717521556804;1;axe_xx_0;28;[V f, U (1, f), U (7, y), U (3, h), T (32, c), Hoist_vars [c], T (3, w),  T (28, x), T (4, c), T (1, f), T (4, y), T (8, f)];28.645574808120728
26;ResNet18_6;1.2486456;0.005017373958556426;1;axe_xx_0;28;[V f, U (4, f), U (4, y), U (3, w), T (16, c), Hoist_vars [c], T (3, h),  T (28, x), T (8, c), T (1, f), T (7, y), T (2, f)];29.57180666923523
27;ResNet18_6;1.4999352;0.00507758213719877;1;axe_xx_0;28;[V f, U (1, f), U (7, y), U (3, h), T (32, c), Hoist_vars [c], T (3, w),  T (28, x), T (4, c), T (4, f), T (4, y), T (2, f)];30.460517644882202
28;ResNet18_6;0.548204;0.09471846118893615;1;axe_out_channels_0,axe_yy_0,axe_out_channels_1;11;[V f, U (1, f), U (14, y), U (3, h), U (3, w), T (128, c), Hoist_vars [c],  T (28, x), T (1, c), T (1, f), T (2, y), T (8, f)];31.380703926086426
29;ResNet18_6;0.948987;0.03391116202373488;1;axe_xx_0;28;[V f, U (1, f), U (14, y), U (3, h), T (32, c), Hoist_vars [c], T (3, w),  T (28, x), T (4, c), T (8, f), T (2, y), T (1, f)];32.25949740409851
30;ResNet18_6;0.6839932;0.10644125794051854;1;axe_out_channels_0,axe_yy_0,axe_xx_0,axe_out_channels_1;11;[V f, U (2, f), U (14, y), T (16, c), Hoist_vars [c], T (3, h), T (7, x),  T (3, w), T (8, c), T (4, f), T (4, x), T (2, y), T (1, f)];33.119579792022705
31;ResNet18_6;0.7482484;0.08057436276037187;1;axe_xx_0;28;[V f, U (1, f), U (14, y), U (3, h), T (64, c), Hoist_vars [c], T (3, w),  T (28, x), T (2, c), T (4, f), T (2, y), T (2, f)];33.9912109375
32;ResNet18_6;0.45316910000000005;0.07138593174911986;1;axe_out_channels_1,axe_yy_0,axe_xx_0;43;[V f, U (1, f), U (4, y), U (3, w), T (32, c), Hoist_vars [c], T (3, h),  T (28, x), T (7, y), T (8, f), T (4, c), T (1, f)];34.808475732803345
33;ResNet18_6;1.0770187;0.030552796006421433;1;axe_xx_0;28;[V f, U (1, f), U (7, y), U (3, h), T (64, c), Hoist_vars [c], T (3, w),  T (28, x), T (2, c), T (8, f), T (4, y), T (1, f)];35.671239376068115
34;ResNet18_6;0.5717928999999999;0.048224872616628035;1;axe_out_channels_0,axe_yy_0,axe_xx_0,axe_out_channels_1;10;[V f, U (2, f), U (7, y), T (32, c), Hoist_vars [c], T (3, h), T (28, x),  T (3, w), T (4, c), T (1, f), T (1, x), T (4, y), T (4, f)];36.525245666503906
35;ResNet18_6;0.514808;0.09823090716368245;1;axe_out_channels_0,axe_yy_0,axe_xx_0,axe_out_channels_1;9;[V f, U (4, f), U (7, y), T (32, c), Hoist_vars [c], T (3, h), T (14, x),  T (3, w), T (4, c), T (1, f), T (2, x), T (4, y), T (2, f)];37.498018980026245
36;ResNet18_6;0.554378;0.11070308026247508;1;axe_out_channels_0,axe_yy_0,axe_out_channels_1;10;[V f, U (1, f), U (7, y), U (3, h), U (3, w), T (64, c), Hoist_vars [c],  T (28, x), T (2, c), T (2, f), T (4, y), T (4, f)];38.362125396728516
37;ResNet18_6;0.5669673;0.09009608655435596;1;axe_out_channels_0,axe_yy_0,axe_out_channels_1;8;[V f, U (1, f), U (14, y), U (3, h), U (3, w), T (64, c), Hoist_vars [c],  T (28, x), T (2, c), T (2, f), T (2, y), T (4, f)];39.28885006904602
38;ResNet18_6;0.9351696;0.00506187511106308;1;axe_xx_0;28;[V f, U (2, f), U (7, y), U (3, w), T (32, c), Hoist_vars [c], T (3, h),  T (28, x), T (4, c), T (4, f), T (4, y), T (1, f)];40.16021919250488
39;ResNet18_6;0.4577711000000001;0.09800095109992556;1;axe_out_channels_0,axe_yy_0,axe_xx_0,axe_out_channels_1;11;[V f, U (2, f), U (7, y), T (64, c), Hoist_vars [c], T (3, h), T (14, x),  T (3, w), T (2, c), T (4, f), T (2, x), T (4, y), T (1, f)];41.09821271896362
40;ResNet18_6;0.5923001999999999;0.1108542716540955;1;axe_out_channels_0,axe_yy_0,axe_out_channels_1;11;[V f, U (1, f), U (14, y), U (3, h), U (3, w), T (128, c), Hoist_vars [c],  T (28, x), T (1, c), T (8, f), T (2, y), T (1, f)];42.02419400215149
41;ResNet18_6;0.44055479999999997;0.089565139279521;1;axe_out_channels_0,axe_yy_0,axe_xx_0,axe_out_channels_1;11;[V f, U (2, f), U (7, y), U (3, h), T (64, c), Hoist_vars [c], T (14, x),  T (3, w), T (2, c), T (1, f), T (2, x), T (4, y), T (4, f)];42.99921226501465
42;ResNet18_6;0.6163215;0.016682109616292545;1;axe_out_channels_0,axe_yy_0,axe_xx_0,axe_out_channels_1;9;[V f, U (2, f), U (7, y), T (32, c), Hoist_vars [c], T (3, h), T (28, x),  T (3, w), T (4, c), T (2, f), T (1, x), T (4, y), T (2, f)];43.84348130226135
43;ResNet18_6;0.7158232;0.09605981640186492;1;axe_xx_0;28;[V f, U (4, f), U (7, y), U (3, w), T (32, c), Hoist_vars [c], T (3, h),  T (28, x), T (4, c), T (1, f), T (4, y), T (2, f)];44.72445511817932
44;ResNet18_6;0.6870675;0.02930218357819087;1;axe_out_channels_0,axe_yy_0,axe_xx_0,axe_out_channels_1;11;[V f, U (2, f), U (14, y), T (16, c), Hoist_vars [c], T (3, h), T (7, x),  T (3, w), T (8, c), T (1, f), T (4, x), T (2, y), T (4, f)];45.58362674713135
45;ResNet18_6;0.4821485;0.006508811477527964;1;axe_out_channels_1,axe_yy_0,axe_xx_0;33;[V f, U (1, f), U (7, y), U (3, w), T (64, c), Hoist_vars [c], T (3, h),  T (28, x), T (4, y), T (1, f), T (2, c), T (8, f)];46.413652420043945
46;ResNet18_6;0.7236754000000001;0.0578945534695622;1;axe_out_channels_0,axe_yy_0,axe_xx_0,axe_out_channels_1;9;[V f, U (4, f), U (7, y), T (16, c), Hoist_vars [c], T (3, h), T (14, x),  T (3, w), T (8, c), T (1, f), T (2, x), T (4, y), T (2, f)];47.39043688774109
47;ResNet18_6;0.658194;0.1348191393949687;1;axe_out_channels_0,axe_yy_0,axe_xx_0,axe_out_channels_1;9;[V f, U (2, f), U (14, y), U (3, h), T (32, c), Hoist_vars [c], T (14, x),  T (3, w), T (4, c), T (1, f), T (2, x), T (2, y), T (4, f)];48.275137186050415
48;ResNet18_6;0.5210987;0.011632625439254895;1;axe_out_channels_0,axe_yy_0,axe_xx_0,axe_out_channels_1;11;[V f, U (2, f), U (7, y), U (3, h), T (16, c), Hoist_vars [c], T (14, x),  T (3, w), T (8, c), T (4, f), T (2, x), T (4, y), T (1, f)];49.222856521606445
49;ResNet18_6;0.6749566;0.10915968998050517;1;axe_xx_0;28;[V f, U (1, f), U (14, y), U (3, h), T (128, c), Hoist_vars [c], T (3, w),  T (28, x), T (1, c), T (1, f), T (2, y), T (8, f)];50.06937289237976
50;ResNet18_6;0.4729024;0.02446670436409448;1;axe_out_channels_0,axe_yy_0,axe_xx_0,axe_out_channels_1;10;[V f, U (2, f), U (7, y), U (3, h), T (16, c), Hoist_vars [c], T (14, x),  T (3, w), T (8, c), T (2, f), T (2, x), T (4, y), T (2, f)];51.03151869773865
51;ResNet18_6;0.5392347;0.0032996918053054634;1;axe_out_channels_0,axe_yy_0,axe_xx_0,axe_out_channels_1;8;[V f, U (2, f), U (14, y), U (3, h), U (3, w), T (64, c), Hoist_vars [c],  T (14, x), T (2, c), T (2, f), T (2, x), T (2, y), T (2, f)];52.01115393638611
52;ResNet18_6;0.4180606;0.036224949977053104;1;axe_out_channels_1,axe_yy_0,axe_xx_0;40;[V f, U (1, f), U (7, y), U (3, w), T (128, c), Hoist_vars [c], T (3, h),  T (28, x), T (4, y), T (8, f), T (1, c), T (1, f)];52.8194580078125
53;ResNet18_6;2.1113115000000002;0.00805500411235158;1;axe_xx_0;28;[V f, U (2, f), U (4, y), U (3, w), T (16, c), Hoist_vars [c], T (3, h),  T (28, x), T (8, c), T (4, f), T (7, y), T (1, f)];53.749916315078735
54;ResNet18_6;0.5173856;0.0910863679594263;1;axe_out_channels_1,axe_yy_0,axe_xx_0;37;[V f, U (1, f), U (4, y), U (3, w), T (64, c), Hoist_vars [c], T (3, h),  T (28, x), T (7, y), T (2, f), T (2, c), T (4, f)];54.5665168762207
55;ResNet18_6;0.5516873999999999;0.09421829789292524;1;axe_out_channels_1,axe_yy_0,axe_xx_0;36;[V f, U (1, f), U (4, y), U (3, w), T (64, c), Hoist_vars [c], T (3, h),  T (28, x), T (7, y), T (1, f), T (2, c), T (8, f)];55.38777446746826
56;ResNet18_6;0.6008698;0.09112714700219687;1;axe_out_channels_0,axe_yy_0,axe_out_channels_1;11;[V f, U (1, f), U (14, y), U (3, h), U (3, w), T (32, c), Hoist_vars [c],  T (28, x), T (4, c), T (8, f), T (2, y), T (1, f)];56.32166790962219
57;ResNet18_6;0.8257345;0.05434675567179697;1;axe_xx_0;28;[V f, U (4, f), U (7, y), U (3, h), T (32, c), Hoist_vars [c], T (3, w),  T (28, x), T (4, c), T (1, f), T (4, y), T (2, f)];57.278520345687866
58;ResNet18_6;0.6182171000000001;0.12833918187400917;1;axe_out_channels_0,axe_yy_0,axe_xx_0,axe_out_channels_1;9;[V f, U (2, f), U (14, y), U (3, h), U (3, w), T (64, c), Hoist_vars [c],  T (14, x), T (2, c), T (4, f), T (2, x), T (2, y), T (1, f)];58.2684371471405
59;ResNet18_6;1.4978553;0.005195482769675971;1;axe_xx_0;28;[V f, U (1, f), U (7, y), U (3, h), T (32, c), Hoist_vars [c], T (3, w),  T (28, x), T (4, c), T (2, f), T (4, y), T (4, f)];59.14961004257202
60;ResNet18_6;0.8653254;0.00657580252440719;1;axe_xx_0;28;[V f, U (4, f), U (4, y), U (3, w), T (32, c), Hoist_vars [c], T (3, h),  T (28, x), T (4, c), T (1, f), T (7, y), T (2, f)];60.00205039978027
61;ResNet18_6;0.9475391000000002;0.018883860142725074;1;axe_xx_0;28;[V f, U (1, f), U (14, y), U (3, h), T (32, c), Hoist_vars [c], T (3, w),  T (28, x), T (4, c), T (1, f), T (2, y), T (8, f)];60.88687801361084
62;ResNet18_6;2.3547466999999997;0.007745790431582858;1;axe_xx_0;28;[V f, U (1, f), U (7, y), U (3, h), T (16, c), Hoist_vars [c], T (3, w),  T (28, x), T (8, c), T (8, f), T (4, y), T (1, f)];61.81215953826904
63;ResNet18_6;1.4330382;0.015177022592063326;1;axe_out_channels_0,axe_yy_0,axe_xx_0,axe_out_channels_1;8;[V f, U (2, f), U (14, y), U (3, h), T (16, c), Hoist_vars [c], T (28, x),  T (3, w), T (8, c), T (4, f), T (1, x), T (2, y), T (1, f)];62.739444732666016
64;ResNet18_6;0.7625711999999999;0.08370889339466865;1;axe_xx_0;28;[V f, U (2, f), U (7, y), U (3, w), T (64, c), Hoist_vars [c], T (3, h),  T (28, x), T (2, c), T (2, f), T (4, y), T (2, f)];63.61797547340393
65;ResNet18_6;0.8861703000000001;0.04822988016790008;1;axe_out_channels_1,axe_yy_0,axe_xx_0;33;[V f, U (1, f), U (7, y), U (3, w), T (16, c), Hoist_vars [c], T (3, h),  T (28, x), T (4, y), T (1, f), T (8, c), T (8, f)];64.48770475387573
66;ResNet18_6;1.2478652000000001;0.005446309627628584;1;axe_xx_0;28;[V f, U (4, f), U (4, y), U (3, w), T (16, c), Hoist_vars [c], T (3, h),  T (28, x), T (8, c), T (2, f), T (7, y), T (1, f)];65.37995719909668
67;ResNet18_6;1.3878691;0.005528850123669441;1;axe_xx_0;28;[V f, U (2, f), U (7, y), U (3, w), T (16, c), Hoist_vars [c], T (3, h),  T (28, x), T (8, c), T (2, f), T (4, y), T (2, f)];66.26925349235535
68;ResNet18_6;0.8792864999999999;0.05168659826347636;1;axe_xx_0;28;[V f, U (1, f), U (7, y), U (3, h), T (128, c), Hoist_vars [c], T (3, w),  T (28, x), T (1, c), T (2, f), T (4, y), T (4, f)];67.1335232257843
69;ResNet18_6;1.3605085;0.003309665035921288;1;axe_xx_0;28;[V f, U (2, f), U (4, y), U (3, w), T (32, c), Hoist_vars [c], T (3, h),  T (28, x), T (4, c), T (1, f), T (7, y), T (4, f)];68.03258442878723
70;ResNet18_6;0.6139884;0.09684994878697663;1;axe_out_channels_0,axe_yy_0,axe_xx_0,axe_out_channels_1;11;[V f, U (2, f), U (7, y), T (16, c), Hoist_vars [c], T (3, h), T (14, x),  T (3, w), T (8, c), T (1, f), T (2, x), T (4, y), T (4, f)];69.01468825340271
71;ResNet18_6;0.9532442000000001;0.03143030394953258;1;axe_xx_0;28;[V f, U (1, f), U (14, y), U (3, h), T (32, c), Hoist_vars [c], T (3, w),  T (28, x), T (4, c), T (2, f), T (2, y), T (4, f)];69.88369870185852
72;ResNet18_6;0.8048619;0.07015638324835455;1;axe_out_channels_0,axe_yy_0,axe_xx_0,axe_out_channels_1;11;[V f, U (4, f), U (4, y), T (16, c), Hoist_vars [c], T (3, h), T (28, x),  T (3, w), T (8, c), T (1, f), T (1, x), T (7, y), T (2, f)];70.73528146743774
73;ResNet18_6;0.7324622;0.08264752373640724;1;axe_out_channels_0,axe_yy_0,axe_xx_0,axe_out_channels_1;8;[V f, U (2, f), U (14, y), T (32, c), Hoist_vars [c], T (3, h), T (14, x),  T (3, w), T (4, c), T (2, f), T (2, x), T (2, y), T (2, f)];71.58540987968445
74;ResNet18_6;0.6155210000000001;0.04109803056595292;1;axe_out_channels_0,axe_yy_0,axe_xx_0,axe_out_channels_1;11;[V f, U (2, f), U (14, y), T (32, c), Hoist_vars [c], T (3, h), T (7, x),  T (3, w), T (4, c), T (1, f), T (4, x), T (2, y), T (4, f)];72.42526125907898
75;ResNet18_6;1.3940247;0.007813162010991461;1;axe_xx_0;28;[V f, U (1, f), U (14, y), U (3, h), T (16, c), Hoist_vars [c], T (3, w),  T (28, x), T (8, c), T (4, f), T (2, y), T (2, f)];73.31527185440063
76;ResNet18_6;0.40468590000000004;0.0733607801477738;1;axe_out_channels_1,axe_yy_0,axe_xx_0;39;[V f, U (1, f), U (4, y), U (3, w), T (64, c), Hoist_vars [c], T (3, h),  T (28, x), T (7, y), T (4, f), T (2, c), T (2, f)];74.13666987419128
77;ResNet18_6;0.5034897;0.07437549045760976;1;axe_out_channels_0,axe_yy_0,axe_out_channels_1;11;[V f, U (1, f), U (14, y), U (3, h), U (3, w), T (64, c), Hoist_vars [c],  T (28, x), T (2, c), T (1, f), T (2, y), T (8, f)];75.06680083274841
78;ResNet18_6;0.8916651999999999;0.013473359542445228;1;axe_out_channels_1,axe_yy_0,axe_xx_0;36;[V f, U (1, f), U (4, y), U (3, w), T (16, c), Hoist_vars [c], T (3, h),  T (28, x), T (7, y), T (1, f), T (8, c), T (8, f)];75.9039797782898
79;ResNet18_6;0.6201852;0.043241426000537965;1;axe_out_channels_0,axe_yy_0,axe_xx_0,axe_out_channels_1;9;[V f, U (2, f), U (14, y), T (32, c), Hoist_vars [c], T (3, h), T (14, x),  T (3, w), T (4, c), T (1, f), T (2, x), T (2, y), T (4, f)];76.76353168487549
80;ResNet18_6;0.6871876;0.11271305791184978;1;axe_xx_0;28;[V f, U (1, f), U (14, y), U (3, h), T (128, c), Hoist_vars [c], T (3, w),  T (28, x), T (1, c), T (2, f), T (2, y), T (4, f)];77.62446570396423
81;ResNet18_6;0.8764459;0.0043605543787458645;1;axe_xx_0;28;[V f, U (4, f), U (4, y), U (3, h), T (32, c), Hoist_vars [c], T (3, w),  T (28, x), T (4, c), T (1, f), T (7, y), T (2, f)];78.4640941619873
82;ResNet18_6;1.4901287;0.014249701555120313;1;axe_out_channels_0,axe_yy_0,axe_xx_0,axe_out_channels_1;7;[V f, U (2, f), U (14, y), U (3, h), T (16, c), Hoist_vars [c], T (28, x),  T (3, w), T (8, c), T (2, f), T (1, x), T (2, y), T (2, f)];79.3940327167511
83;ResNet18_6;2.0990359;0.005530481903957478;1;axe_xx_0;28;[V f, U (2, f), U (4, y), U (3, w), T (16, c), Hoist_vars [c], T (3, h),  T (28, x), T (8, c), T (2, f), T (7, y), T (2, f)];80.32034850120544
84;ResNet18_6;0.7117859;0.010533197173223312;1;axe_out_channels_0,axe_yy_0,axe_xx_0,axe_out_channels_1;10;[V f, U (2, f), U (7, y), T (16, c), Hoist_vars [c], T (3, h), T (28, x),  T (3, w), T (8, c), T (4, f), T (1, x), T (4, y), T (1, f)];81.18429923057556
85;ResNet18_6;0.5997943;0.03685212941757913;1;axe_out_channels_0,axe_yy_0,axe_xx_0,axe_out_channels_1;11;[V f, U (2, f), U (7, y), U (3, h), T (16, c), Hoist_vars [c], T (14, x),  T (3, w), T (8, c), T (1, f), T (2, x), T (4, y), T (4, f)];82.17672967910767
86;ResNet18_6;0.5512306;0.11931170725306045;1;axe_out_channels_0,axe_yy_0,axe_xx_0,axe_out_channels_1;11;[V f, U (2, f), U (7, y), T (32, c), Hoist_vars [c], T (3, h), T (14, x),  T (3, w), T (4, c), T (4, f), T (2, x), T (4, y), T (1, f)];83.1118745803833
87;ResNet18_6;1.2562444;0.00681455862400492;1;axe_xx_0;28;[V f, U (4, f), U (4, y), U (3, h), T (16, c), Hoist_vars [c], T (3, w),  T (28, x), T (8, c), T (2, f), T (7, y), T (1, f)];83.98729038238525
88;ResNet18_6;0.6540358000000002;0.007863215764558435;1;axe_out_channels_0,axe_yy_0,axe_xx_0,axe_out_channels_1;10;[V f, U (2, f), U (7, y), T (16, c), Hoist_vars [c], T (3, h), T (28, x),  T (3, w), T (8, c), T (1, f), T (1, x), T (4, y), T (4, f)];84.86560368537903
89;ResNet18_6;1.3627764;0.008093541637626869;1;axe_xx_0;28;[V f, U (2, f), U (4, y), U (3, w), T (32, c), Hoist_vars [c], T (3, h),  T (28, x), T (4, c), T (4, f), T (7, y), T (1, f)];85.76411604881287
90;ResNet18_6;0.5530357;0.14415214349710517;1;axe_out_channels_0,axe_yy_0,axe_xx_0,axe_out_channels_1;10;[V f, U (2, f), U (14, y), T (64, c), Hoist_vars [c], T (3, h), T (7, x),  T (3, w), T (2, c), T (2, f), T (4, x), T (2, y), T (2, f)];86.63457083702087
91;ResNet18_6;0.6303861;0.024196766488314092;1;axe_out_channels_1,axe_yy_0,axe_xx_0;36;[V f, U (1, f), U (4, y), U (3, w), T (32, c), Hoist_vars [c], T (3, h),  T (28, x), T (7, y), T (1, f), T (4, c), T (8, f)];87.45027327537537
92;ResNet18_6;0.9745896999999999;0.05183146726275461;1;axe_out_channels_0,axe_yy_0,axe_xx_0,axe_out_channels_1;8;[V f, U (2, f), U (14, y), U (3, h), U (3, w), T (32, c), Hoist_vars [c],  T (28, x), T (4, c), T (4, f), T (1, x), T (2, y), T (1, f)];88.46454286575317
93;ResNet18_6;0.6372300000000001;0.07494997518878843;1;axe_out_channels_0,axe_yy_0,axe_xx_0,axe_out_channels_1;9;[V f, U (2, f), U (7, y), U (3, h), T (32, c), Hoist_vars [c], T (28, x),  T (3, w), T (4, c), T (2, f), T (1, x), T (4, y), T (2, f)];89.32883501052856
94;ResNet18_6;0.4999861;0.08927186374939194;1;axe_out_channels_1,axe_yy_0,axe_xx_0;34;[V f, U (1, f), U (7, y), U (3, w), T (128, c), Hoist_vars [c], T (3, h),  T (28, x), T (4, y), T (2, f), T (1, c), T (4, f)];90.1734504699707
95;ResNet18_6;0.7932117;0.054581992338224514;1;axe_out_channels_0,axe_yy_0,axe_xx_0,axe_out_channels_1;9;[V f, U (2, f), U (14, y), U (3, h), T (32, c), Hoist_vars [c], T (14, x),  T (3, w), T (4, c), T (4, f), T (2, x), T (2, y), T (1, f)];91.05054211616516
96;ResNet18_6;0.503484;0.0506774145473109;1;axe_out_channels_1,axe_yy_0,axe_xx_0;34;[V f, U (1, f), U (7, y), U (3, w), T (64, c), Hoist_vars [c], T (3, h),  T (28, x), T (4, y), T (2, f), T (2, c), T (4, f)];91.85288190841675
97;ResNet18_6;2.1110344999999997;0.004680480343939143;1;axe_xx_0;28;[V f, U (2, f), U (4, y), U (3, w), T (16, c), Hoist_vars [c], T (3, h),  T (28, x), T (8, c), T (1, f), T (7, y), T (4, f)];92.77337217330933
98;ResNet18_6;0.5379224;0.039517236799148786;1;axe_out_channels_0,axe_yy_0,axe_out_channels_1;10;[V f, U (1, f), U (7, y), U (3, h), U (3, w), T (32, c), Hoist_vars [c],  T (28, x), T (4, c), T (2, f), T (4, y), T (4, f)];93.63582158088684
99;ResNet18_6;0.7507826;0.05394598818670393;1;axe_xx_0;28;[V f, U (2, f), U (7, y), U (3, w), T (64, c), Hoist_vars [c], T (3, h),  T (28, x), T (2, c), T (4, f), T (4, y), T (1, f)];94.49051928520203
100;ResNet18_6;0.5444299;0.08749869218045489;1;axe_out_channels_0,axe_yy_0,axe_out_channels_1;8;[V f, U (1, f), U (14, y), U (3, h), U (3, w), T (64, c), Hoist_vars [c],  T (28, x), T (2, c), T (4, f), T (2, y), T (2, f)];95.43461799621582
101;ResNet18_6;1.8801535;0.003024186874186193;1;axe_out_channels_0,axe_yy_0,axe_xx_0,axe_out_channels_1;8;[V f, U (4, f), U (7, y), T (16, c), Hoist_vars [c], T (3, h), T (28, x),  T (3, w), T (8, c), T (1, f), T (1, x), T (4, y), T (2, f)];96.36122059822083
102;ResNet18_6;0.5326008;0.06754046684144253;1;axe_out_channels_1,axe_yy_0,axe_xx_0;37;[V f, U (1, f), U (4, y), U (3, w), T (32, c), Hoist_vars [c], T (3, h),  T (28, x), T (7, y), T (2, f), T (4, c), T (4, f)];97.18615198135376
103;ResNet18_6;0.86161;0.005054992739856285;1;axe_out_channels_0,axe_yy_0,axe_xx_0,axe_out_channels_1;8;[V f, U (2, f), U (14, y), U (3, h), U (3, w), T (64, c), Hoist_vars [c],  T (28, x), T (2, c), T (1, f), T (1, x), T (2, y), T (4, f)];98.20473456382751
104;ResNet18_6;1.3764788000000001;0.008464938461678295;1;axe_xx_0;28;[V f, U (2, f), U (7, y), U (3, w), T (16, c), Hoist_vars [c], T (3, h),  T (28, x), T (8, c), T (4, f), T (4, y), T (1, f)];99.08653855323792
105;ResNet18_6;0.48427430000000005;0.0671731023819058;1;axe_out_channels_1,axe_yy_0,axe_xx_0;43;[V f, U (1, f), U (4, y), U (3, w), T (64, c), Hoist_vars [c], T (3, h),  T (28, x), T (7, y), T (8, f), T (2, c), T (1, f)];99.89208340644836
106;ResNet18_6;0.5875104999999999;0.07951167909841923;1;axe_out_channels_0,axe_yy_0,axe_xx_0,axe_out_channels_1;8;[V f, U (2, f), U (14, y), U (3, h), U (3, w), T (32, c), Hoist_vars [c],  T (14, x), T (4, c), T (2, f), T (2, x), T (2, y), T (2, f)];100.8914532661438
107;ResNet18_6;0.5577325;0.10982647660764684;1;axe_out_channels_0,axe_yy_0,axe_out_channels_1;13;[V f, U (1, f), U (7, y), U (3, h), U (3, w), T (128, c), Hoist_vars [c],  T (28, x), T (1, c), T (1, f), T (4, y), T (8, f)];101.77382612228394
108;ResNet18_6;0.5967936;0.08486600737774812;1;axe_out_channels_0,axe_yy_0,axe_xx_0,axe_out_channels_1;11;[V f, U (2, f), U (14, y), U (3, h), T (32, c), Hoist_vars [c], T (7, x),  T (3, w), T (4, c), T (4, f), T (4, x), T (2, y), T (1, f)];102.63705325126648
109;ResNet18_6;0.6026582;0.08355384151168635;1;axe_out_channels_0,axe_yy_0,axe_out_channels_1;8;[V f, U (1, f), U (14, y), U (3, h), U (3, w), T (32, c), Hoist_vars [c],  T (28, x), T (4, c), T (2, f), T (2, y), T (4, f)];103.56415176391602
110;ResNet18_6;1.3120077;0.0037050181659472954;1;axe_out_channels_0,axe_yy_0,axe_xx_0,axe_out_channels_1;7;[V f, U (2, f), U (14, y), T (16, c), Hoist_vars [c], T (3, h), T (28, x),  T (3, w), T (8, c), T (2, f), T (1, x), T (2, y), T (2, f)];104.48367094993591
111;ResNet18_6;0.4712912;0.10499518063206519;1;axe_out_channels_0,axe_yy_0,axe_xx_0,axe_out_channels_1;10;[V f, U (2, f), U (7, y), U (3, h), T (32, c), Hoist_vars [c], T (14, x),  T (3, w), T (4, c), T (2, f), T (2, x), T (4, y), T (2, f)];105.45026302337646
112;ResNet18_6;0.8051862999999999;0.010771235361368741;1;axe_xx_0;28;[V f, U (4, f), U (7, y), U (3, h), T (32, c), Hoist_vars [c], T (3, w),  T (28, x), T (4, c), T (2, f), T (4, y), T (1, f)];106.32976937294006
113;ResNet18_6;0.6377357;0.09232619698660828;1;axe_out_channels_0,axe_yy_0,axe_xx_0,axe_out_channels_1;10;[V f, U (2, f), U (7, y), U (3, h), T (32, c), Hoist_vars [c], T (28, x),  T (3, w), T (4, c), T (1, f), T (1, x), T (4, y), T (4, f)];107.17404341697693
114;ResNet18_6;0.9289021;0.004250480218751768;1;axe_xx_0;28;[V f, U (1, f), U (14, y), U (3, h), T (32, c), Hoist_vars [c], T (3, w),  T (28, x), T (4, c), T (4, f), T (2, y), T (2, f)];108.04653263092041
115;ResNet18_6;2.3520715;0.005480752379920163;1;axe_xx_0;28;[V f, U (1, f), U (7, y), U (3, h), T (16, c), Hoist_vars [c], T (3, w),  T (28, x), T (8, c), T (1, f), T (4, y), T (8, f)];108.95344567298889
116;ResNet18_6;2.346005;0.0071917761088621125;1;axe_xx_0;28;[V f, U (1, f), U (7, y), U (3, h), T (16, c), Hoist_vars [c], T (3, w),  T (28, x), T (8, c), T (2, f), T (4, y), T (4, f)];109.87506699562073
117;ResNet18_6;0.6326962;0.00446542803771376;1;axe_out_channels_0,axe_yy_0,axe_xx_0,axe_out_channels_1;11;[V f, U (4, f), U (4, y), T (32, c), Hoist_vars [c], T (3, h), T (28, x),  T (3, w), T (4, c), T (1, f), T (1, x), T (7, y), T (2, f)];110.71134209632874
118;ResNet18_6;0.8746328999999999;0.006098450958235218;1;axe_xx_0;28;[V f, U (4, f), U (7, y), U (3, w), T (16, c), Hoist_vars [c], T (3, h),  T (28, x), T (8, c), T (1, f), T (4, y), T (2, f)];111.58734583854675
119;ResNet18_6;0.7800649;0.005700190074901022;1;axe_out_channels_0,axe_yy_0,axe_xx_0,axe_out_channels_1;10;[V f, U (2, f), U (7, y), U (3, h), T (16, c), Hoist_vars [c], T (28, x),  T (3, w), T (8, c), T (4, f), T (1, x), T (4, y), T (1, f)];112.43839764595032
120;ResNet18_6;1.1037937;0.006805980811756696;1;axe_out_channels_0,axe_yy_0,axe_xx_0,axe_out_channels_1;8;[V f, U (2, f), U (14, y), T (16, c), Hoist_vars [c], T (3, h), T (28, x),  T (3, w), T (8, c), T (1, f), T (1, x), T (2, y), T (4, f)];113.3236014842987
121;ResNet18_6;0.48282099999999994;0.003473691034044352;1;axe_out_channels_0,axe_yy_0,axe_out_channels_1;13;[V f, U (1, f), U (7, y), U (3, h), U (3, w), T (128, c), Hoist_vars [c],  T (28, x), T (1, c), T (8, f), T (4, y), T (1, f)];114.1885883808136
122;ResNet18_6;1.1571395999999998;0.0045998025001080115;1;axe_out_channels_0,axe_yy_0,axe_xx_0,axe_out_channels_1;8;[V f, U (2, f), U (14, y), U (3, h), T (16, c), Hoist_vars [c], T (28, x),  T (3, w), T (8, c), T (1, f), T (1, x), T (2, y), T (4, f)];115.09931707382202
123;ResNet18_6;0.7243847;0.005252632084012748;1;axe_xx_0;28;[V f, U (2, f), U (7, y), U (3, w), T (64, c), Hoist_vars [c], T (3, h),  T (28, x), T (2, c), T (1, f), T (4, y), T (4, f)];115.94829821586609
124;ResNet18_6;0.42847749999999996;0.06912689031086239;1;axe_out_channels_0,axe_yy_0,axe_xx_0,axe_out_channels_1;11;[V f, U (2, f), U (7, y), U (3, h), T (64, c), Hoist_vars [c], T (14, x),  T (3, w), T (2, c), T (4, f), T (2, x), T (4, y), T (1, f)];116.89130353927612
125;ResNet18_6;0.42144630000000005;0.09403955036371667;1;axe_out_channels_1,axe_yy_0,axe_xx_0;40;[V f, U (1, f), U (7, y), U (3, w), T (64, c), Hoist_vars [c], T (3, h),  T (28, x), T (4, y), T (8, f), T (2, c), T (1, f)];117.70057225227356
126;ResNet18_6;0.9089999000000001;0.0032187061515459533;1;axe_out_channels_0,axe_yy_0,axe_xx_0,axe_out_channels_1;8;[V f, U (2, f), U (14, y), U (3, h), U (3, w), T (64, c), Hoist_vars [c],  T (28, x), T (2, c), T (4, f), T (1, x), T (2, y), T (1, f)];118.74046301841736
127;ResNet18_6;0.7476335000000001;0.06852433472606648;1;axe_out_channels_0,axe_yy_0,axe_xx_0,axe_out_channels_1;9;[V f, U (2, f), U (7, y), T (16, c), Hoist_vars [c], T (3, h), T (28, x),  T (3, w), T (8, c), T (2, f), T (1, x), T (4, y), T (2, f)];119.61278319358826
128;ResNet18_6;0.47050200000000003;0.08463588094301376;1;axe_out_channels_1,axe_yy_0,axe_xx_0;40;[V f, U (1, f), U (7, y), U (3, w), T (32, c), Hoist_vars [c], T (3, h),  T (28, x), T (4, y), T (8, f), T (4, c), T (1, f)];120.45740866661072
129;ResNet18_6;0.8895749000000001;0.002415404539616489;1;axe_out_channels_0,axe_yy_0,axe_xx_0,axe_out_channels_1;8;[V f, U (2, f), U (14, y), U (3, h), U (3, w), T (32, c), Hoist_vars [c],  T (28, x), T (4, c), T (1, f), T (1, x), T (2, y), T (4, f)];121.46940350532532
130;ResNet18_6;0.6956521;0.020873367205364816;1;axe_out_channels_0,axe_yy_0,axe_xx_0,axe_out_channels_1;9;[V f, U (2, f), U (14, y), U (3, h), T (16, c), Hoist_vars [c], T (14, x),  T (3, w), T (8, c), T (1, f), T (2, x), T (2, y), T (4, f)];122.3578588962555
131;ResNet18_6;0.5070975;0.005009357668404219;1;axe_out_channels_0,axe_yy_0,axe_out_channels_1;8;[V f, U (1, f), U (14, y), U (3, h), U (3, w), T (128, c), Hoist_vars [c],  T (28, x), T (1, c), T (4, f), T (2, y), T (2, f)];123.27578401565552
132;ResNet18_6;0.6419355999999999;0.0026676474729618823;1;axe_out_channels_0,axe_yy_0,axe_xx_0,axe_out_channels_1;9;[V f, U (2, f), U (14, y), T (16, c), Hoist_vars [c], T (3, h), T (14, x),  T (3, w), T (8, c), T (1, f), T (2, x), T (2, y), T (4, f)];124.12563109397888
133;ResNet18_6;0.4998596;0.04840211679503284;1;axe_out_channels_1,axe_yy_0,axe_xx_0;36;[V f, U (1, f), U (7, y), U (3, w), T (32, c), Hoist_vars [c], T (3, h),  T (28, x), T (4, y), T (4, f), T (4, c), T (2, f)];124.95593500137329
134;ResNet18_6;0.5792609999999999;0.1392845474437132;1;axe_out_channels_0,axe_yy_0,axe_xx_0,axe_out_channels_1;10;[V f, U (2, f), U (14, y), T (16, c), Hoist_vars [c], T (3, h), T (7, x),  T (3, w), T (8, c), T (2, f), T (4, x), T (2, y), T (2, f)];125.80804562568665
135;ResNet18_6;0.5413691;0.10121315319211235;1;axe_out_channels_1,axe_yy_0,axe_xx_0;33;[V f, U (1, f), U (7, y), U (3, w), T (128, c), Hoist_vars [c], T (3, h),  T (28, x), T (4, y), T (1, f), T (1, c), T (8, f)];126.65992832183838
136;ResNet18_6;0.6041738000000001;0.09776919070627513;1;axe_out_channels_0,axe_yy_0,axe_xx_0,axe_out_channels_1;10;[V f, U (2, f), U (7, y), U (3, h), U (3, w), T (64, c), Hoist_vars [c],  T (28, x), T (2, c), T (4, f), T (1, x), T (4, y), T (1, f)];127.55716681480408
137;ResNet18_6;1.0280573;0.006991236214719119;1;axe_xx_0;28;[V f, U (4, f), U (7, y), U (3, h), T (16, c), Hoist_vars [c], T (3, w),  T (28, x), T (8, c), T (1, f), T (4, y), T (2, f)];128.44576811790466
138;ResNet18_6;0.5526934000000001;0.1072183370093008;1;axe_out_channels_0,axe_yy_0,axe_out_channels_1;8;[V f, U (1, f), U (14, y), U (3, h), U (3, w), T (128, c), Hoist_vars [c],  T (28, x), T (1, c), T (2, f), T (2, y), T (4, f)];129.4020984172821
139;ResNet18_6;2.3470948000000003;0.006134204199405165;1;axe_xx_0;28;[V f, U (1, f), U (7, y), U (3, h), T (16, c), Hoist_vars [c], T (3, w),  T (28, x), T (8, c), T (4, f), T (4, y), T (2, f)];130.33055686950684
140;ResNet18_6;1.3784519000000002;0.006636630040163407;1;axe_xx_0;28;[V f, U (1, f), U (14, y), U (3, h), T (16, c), Hoist_vars [c], T (3, w),  T (28, x), T (8, c), T (8, f), T (2, y), T (1, f)];131.21819233894348
141;ResNet18_6;0.5163626;0.08358467401527628;1;axe_out_channels_0,axe_yy_0,axe_xx_0,axe_out_channels_1;11;[V f, U (2, f), U (7, y), T (64, c), Hoist_vars [c], T (3, h), T (14, x),  T (3, w), T (2, c), T (1, f), T (2, x), T (4, y), T (4, f)];132.19338870048523
142;ResNet18_6;1.0291350000000001;0.01036759447509402;1;axe_xx_0;28;[V f, U (4, f), U (7, y), U (3, h), T (16, c), Hoist_vars [c], T (3, w),  T (28, x), T (8, c), T (2, f), T (4, y), T (1, f)];133.08008098602295
143;ResNet18_6;0.5738428;0.07376343199282417;1;axe_out_channels_0,axe_yy_0,axe_out_channels_1;10;[V f, U (1, f), U (7, y), U (3, h), U (3, w), T (32, c), Hoist_vars [c],  T (28, x), T (4, c), T (4, f), T (4, y), T (2, f)];133.94700860977173
144;ResNet18_6;0.7307188;0.07237641283567459;1;axe_out_channels_0,axe_yy_0,axe_xx_0,axe_out_channels_1;8;[V f, U (2, f), U (14, y), U (3, h), T (32, c), Hoist_vars [c], T (14, x),  T (3, w), T (4, c), T (2, f), T (2, x), T (2, y), T (2, f)];134.83444166183472
145;ResNet18_6;0.5014480000000001;0.08298227791281702;1;axe_out_channels_0,axe_yy_0,axe_xx_0,axe_out_channels_1;10;[V f, U (2, f), U (7, y), U (3, h), T (64, c), Hoist_vars [c], T (14, x),  T (3, w), T (2, c), T (2, f), T (2, x), T (4, y), T (2, f)];135.80038404464722
146;ResNet18_6;1.5064826;0.005209373017936014;1;axe_xx_0;28;[V f, U (1, f), U (7, y), U (3, h), T (32, c), Hoist_vars [c], T (3, w),  T (28, x), T (4, c), T (8, f), T (4, y), T (1, f)];136.68275237083435
147;ResNet18_6;0.5527658;0.10560757648748502;1;axe_out_channels_0,axe_yy_0,axe_xx_0,axe_out_channels_1;11;[V f, U (2, f), U (14, y), U (3, h), T (64, c), Hoist_vars [c], T (7, x),  T (3, w), T (2, c), T (4, f), T (4, x), T (2, y), T (1, f)];137.57271790504456
148;ResNet18_6;0.6023731999999999;0.10370030394343115;1;axe_out_channels_0,axe_yy_0,axe_xx_0,axe_out_channels_1;9;[V f, U (2, f), U (7, y), U (3, h), U (3, w), T (32, c), Hoist_vars [c],  T (28, x), T (4, c), T (2, f), T (1, x), T (4, y), T (2, f)];138.4737741947174
149;ResNet18_6;0.7558377999999999;0.07361938221392515;1;axe_xx_0;28;[V f, U (1, f), U (14, y), U (3, h), T (64, c), Hoist_vars [c], T (3, w),  T (28, x), T (2, c), T (2, f), T (2, y), T (4, f)];139.34259963035583
150;ResNet18_6;1.0083621999999999;0.011502323241849919;1;axe_out_channels_0,axe_yy_0,axe_xx_0,axe_out_channels_1;9;[V f, U (2, f), U (14, y), T (16, c), Hoist_vars [c], T (3, h), T (14, x),  T (3, w), T (8, c), T (4, f), T (2, x), T (2, y), T (1, f)];140.2107663154602
151;ResNet18_6;0.5792978;0.11068134291993388;1;axe_out_channels_0,axe_yy_0,axe_out_channels_1;13;[V f, U (1, f), U (7, y), U (3, h), U (3, w), T (64, c), Hoist_vars [c],  T (28, x), T (2, c), T (1, f), T (4, y), T (8, f)];141.08866596221924
152;ResNet18_6;0.6097021;0.11741480916430434;1;axe_out_channels_0,axe_yy_0,axe_xx_0,axe_out_channels_1;10;[V f, U (2, f), U (7, y), U (3, h), U (3, w), T (32, c), Hoist_vars [c],  T (28, x), T (4, c), T (4, f), T (1, x), T (4, y), T (1, f)];141.98194456100464
153;ResNet18_6;1.0653804;0.008449681002262737;1;axe_xx_0;28;[V f, U (1, f), U (7, y), U (3, h), T (64, c), Hoist_vars [c], T (3, w),  T (28, x), T (2, c), T (4, f), T (4, y), T (2, f)];142.85025882720947
154;ResNet18_6;0.5282846;0.05536388377670049;1;axe_out_channels_0,axe_yy_0,axe_out_channels_1;10;[V f, U (1, f), U (7, y), U (3, h), U (3, w), T (128, c), Hoist_vars [c],  T (28, x), T (1, c), T (2, f), T (4, y), T (4, f)];143.70750546455383
155;ResNet18_6;0.9301907999999999;0.005750971653555596;1;axe_xx_0;28;[V f, U (2, f), U (7, y), U (3, w), T (32, c), Hoist_vars [c], T (3, h),  T (28, x), T (4, c), T (2, f), T (4, y), T (2, f)];144.59611129760742
156;ResNet18_6;0.6556854000000001;0.038105662151968964;1;axe_out_channels_0,axe_yy_0,axe_xx_0,axe_out_channels_1;10;[V f, U (2, f), U (7, y), T (32, c), Hoist_vars [c], T (3, h), T (28, x),  T (3, w), T (4, c), T (4, f), T (1, x), T (4, y), T (1, f)];145.46393370628357
157;ResNet18_6;0.5233425;0.03154362489077626;1;axe_out_channels_0,axe_yy_0,axe_xx_0,axe_out_channels_1;10;[V f, U (2, f), U (7, y), U (3, h), U (3, w), T (64, c), Hoist_vars [c],  T (28, x), T (2, c), T (1, f), T (1, x), T (4, y), T (4, f)];146.36462950706482
158;ResNet18_6;0.5749605000000001;0.1343272500665818;1;axe_out_channels_0,axe_yy_0,axe_xx_0,axe_out_channels_1;10;[V f, U (2, f), U (14, y), T (32, c), Hoist_vars [c], T (3, h), T (7, x),  T (3, w), T (4, c), T (2, f), T (4, x), T (2, y), T (2, f)];147.23322749137878
159;ResNet18_6;0.9686058;0.009995042148985687;1;axe_out_channels_0,axe_yy_0,axe_xx_0,axe_out_channels_1;7;[V f, U (2, f), U (14, y), U (3, h), U (3, w), T (32, c), Hoist_vars [c],  T (28, x), T (4, c), T (2, f), T (1, x), T (2, y), T (2, f)];148.2491478919983
160;ResNet18_6;0.402299;0.09781450848008182;1;axe_out_channels_1,axe_yy_0,axe_xx_0;36;[V f, U (1, f), U (7, y), U (3, w), T (128, c), Hoist_vars [c], T (3, h),  T (28, x), T (4, y), T (4, f), T (1, c), T (2, f)];149.07350707054138
161;ResNet18_6;0.9035173000000001;0.055904162229748186;1;axe_xx_0;28;[V f, U (4, f), U (7, y), U (3, w), T (16, c), Hoist_vars [c], T (3, h),  T (28, x), T (8, c), T (2, f), T (4, y), T (1, f)];149.96509909629822
162;ResNet18_6;0.5806001999999999;0.0983223580685492;1;axe_out_channels_0,axe_yy_0,axe_out_channels_1;8;[V f, U (1, f), U (14, y), U (3, h), U (3, w), T (32, c), Hoist_vars [c],  T (28, x), T (4, c), T (4, f), T (2, y), T (2, f)];150.9027862548828
163;ResNet18_6;0.6290943;0.05336913970460831;1;axe_out_channels_1,axe_yy_0,axe_xx_0;33;[V f, U (1, f), U (7, y), U (3, w), T (32, c), Hoist_vars [c], T (3, h),  T (28, x), T (4, y), T (1, f), T (4, c), T (8, f)];151.73918294906616
164;ResNet18_6;0.4737159999999999;0.10313154908368244;1;axe_out_channels_1,axe_yy_0,axe_xx_0;36;[V f, U (1, f), U (7, y), U (3, w), T (64, c), Hoist_vars [c], T (3, h),  T (28, x), T (4, y), T (4, f), T (2, c), T (2, f)];152.58485770225525
165;ResNet18_6;1.3766587;0.005662303330800969;1;axe_xx_0;28;[V f, U (2, f), U (7, y), U (3, w), T (16, c), Hoist_vars [c], T (3, h),  T (28, x), T (8, c), T (1, f), T (4, y), T (4, f)];153.46005058288574
166;ResNet18_6;0.5956610999999999;0.11649876706596511;1;axe_out_channels_0,axe_yy_0,axe_out_channels_1;13;[V f, U (1, f), U (7, y), U (3, h), U (3, w), T (32, c), Hoist_vars [c],  T (28, x), T (4, c), T (1, f), T (4, y), T (8, f)];154.32018876075745
167;ResNet18_6;0.5252076;0.06951642741424503;1;axe_out_channels_1,axe_yy_0,axe_xx_0;34;[V f, U (1, f), U (7, y), U (3, w), T (32, c), Hoist_vars [c], T (3, h),  T (28, x), T (4, y), T (2, f), T (4, c), T (4, f)];155.1485311985016
168;ResNet18_6;0.5707031999999999;0.09849554509499403;1;axe_out_channels_0,axe_yy_0,axe_xx_0,axe_out_channels_1;11;[V f, U (2, f), U (7, y), T (16, c), Hoist_vars [c], T (3, h), T (14, x),  T (3, w), T (8, c), T (4, f), T (2, x), T (4, y), T (1, f)];156.08258485794067
169;ResNet18_6;0.6736184;0.05435067059604692;1;axe_xx_0;28;[V f, U (1, f), U (14, y), U (3, h), T (128, c), Hoist_vars [c], T (3, w),  T (28, x), T (1, c), T (4, f), T (2, y), T (2, f)];156.92945194244385
170;ResNet18_6;1.8126439;0.00774507850767187;1;axe_out_channels_0,axe_yy_0,axe_xx_0,axe_out_channels_1;8;[V f, U (4, f), U (7, y), T (16, c), Hoist_vars [c], T (3, h), T (28, x),  T (3, w), T (8, c), T (2, f), T (1, x), T (4, y), T (1, f)];157.86615753173828
171;ResNet18_6;0.4585639;0.039455408411141826;1;axe_out_channels_0,axe_yy_0,axe_xx_0,axe_out_channels_1;10;[V f, U (2, f), U (7, y), T (32, c), Hoist_vars [c], T (3, h), T (14, x),  T (3, w), T (4, c), T (2, f), T (2, x), T (4, y), T (2, f)];158.83159804344177
172;ResNet18_6;0.7674922000000001;0.015004870927802071;1;axe_xx_0;28;[V f, U (1, f), U (14, y), U (3, h), T (64, c), Hoist_vars [c], T (3, w),  T (28, x), T (2, c), T (8, f), T (2, y), T (1, f)];159.70957374572754
173;ResNet18_6;0.5221866;0.006653821461385933;1;axe_out_channels_0,axe_yy_0,axe_xx_0,axe_out_channels_1;9;[V f, U (2, f), U (14, y), U (3, h), U (3, w), T (32, c), Hoist_vars [c],  T (14, x), T (4, c), T (1, f), T (2, x), T (2, y), T (4, f)];160.69576859474182
174;ResNet18_6;0.9234961;0.04164908346038358;1;axe_xx_0;28;[V f, U (4, f), U (4, y), U (3, w), T (32, c), Hoist_vars [c], T (3, h),  T (28, x), T (4, c), T (2, f), T (7, y), T (1, f)];161.549968957901
175;ResNet18_6;0.6779436000000001;0.0030873821661724955;1;axe_out_channels_0,axe_yy_0,axe_xx_0,axe_out_channels_1;9;[V f, U (2, f), U (14, y), T (32, c), Hoist_vars [c], T (3, h), T (14, x),  T (3, w), T (4, c), T (4, f), T (2, x), T (2, y), T (1, f)];162.40248203277588
176;ResNet18_6;0.4939292999999999;0.07967350656278409;1;axe_out_channels_0,axe_yy_0,axe_out_channels_1;11;[V f, U (1, f), U (14, y), U (3, h), U (3, w), T (32, c), Hoist_vars [c],  T (28, x), T (4, c), T (1, f), T (2, y), T (8, f)];163.33955907821655
177;ResNet18_6;0.5292589999999999;0.08013242703050995;1;axe_out_channels_0,axe_yy_0,axe_xx_0,axe_out_channels_1;10;[V f, U (2, f), U (7, y), U (3, h), U (3, w), T (32, c), Hoist_vars [c],  T (28, x), T (4, c), T (1, f), T (1, x), T (4, y), T (4, f)];164.2364857196808
178;ResNet18_6;0.6354564;0.06127853333786638;1;axe_out_channels_0,axe_yy_0,axe_xx_0,axe_out_channels_1;9;[V f, U (4, f), U (7, y), T (32, c), Hoist_vars [c], T (3, h), T (14, x),  T (3, w), T (4, c), T (2, f), T (2, x), T (4, y), T (1, f)];165.18025994300842
179;ResNet18_6;0.587654;0.08628210979455705;1;axe_out_channels_0,axe_yy_0,axe_out_channels_1;11;[V f, U (1, f), U (14, y), U (3, h), U (3, w), T (64, c), Hoist_vars [c],  T (28, x), T (2, c), T (8, f), T (2, y), T (1, f)];166.1141939163208
180;ResNet18_6;1.1325649000000002;0.008986281193575012;1;axe_xx_0;28;[V f, U (1, f), U (7, y), U (3, h), T (64, c), Hoist_vars [c], T (3, w),  T (28, x), T (2, c), T (1, f), T (4, y), T (8, f)];167.00109481811523
181;ResNet18_6;0.5712746000000001;0.07949897690813386;1;axe_out_channels_0,axe_yy_0,axe_out_channels_1;10;[V f, U (1, f), U (7, y), U (3, h), U (3, w), T (64, c), Hoist_vars [c],  T (28, x), T (2, c), T (4, f), T (4, y), T (2, f)];167.8754539489746
182;ResNet18_6;0.9239915;0.0471688881154729;1;axe_xx_0;28;[V f, U (1, f), U (7, y), U (3, h), T (128, c), Hoist_vars [c], T (3, w),  T (28, x), T (1, c), T (4, f), T (4, y), T (2, f)];168.76798176765442
183;ResNet18_6;0.5488447;0.07047461830198161;1;axe_out_channels_0,axe_yy_0,axe_xx_0,axe_out_channels_1;11;[V f, U (2, f), U (14, y), T (32, c), Hoist_vars [c], T (3, h), T (7, x),  T (3, w), T (4, c), T (4, f), T (4, x), T (2, y), T (1, f)];169.6166422367096
184;ResNet18_6;0.5932845;0.13102817970898473;1;axe_out_channels_0,axe_yy_0,axe_xx_0,axe_out_channels_1;9;[V f, U (2, f), U (14, y), U (3, h), U (3, w), T (64, c), Hoist_vars [c],  T (14, x), T (2, c), T (1, f), T (2, x), T (2, y), T (4, f)];170.6008062362671
185;ResNet18_6;0.8420256;0.05871841674159822;1;axe_out_channels_0,axe_yy_0,axe_xx_0,axe_out_channels_1;8;[V f, U (2, f), U (14, y), T (16, c), Hoist_vars [c], T (3, h), T (14, x),  T (3, w), T (8, c), T (2, f), T (2, x), T (2, y), T (2, f)];171.45595264434814
186;ResNet18_6;0.9683648;0.020377646040698645;1;axe_out_channels_0,axe_yy_0,axe_xx_0,axe_out_channels_1;9;[V f, U (2, f), U (14, y), U (3, h), T (16, c), Hoist_vars [c], T (14, x),  T (3, w), T (8, c), T (4, f), T (2, x), T (2, y), T (1, f)];172.35028624534607
187;ResNet18_6;0.6619084999999999;0.06847917750272708;1;axe_out_channels_0,axe_yy_0,axe_xx_0,axe_out_channels_1;11;[V f, U (4, f), U (4, y), T (32, c), Hoist_vars [c], T (3, h), T (28, x),  T (3, w), T (4, c), T (2, f), T (1, x), T (7, y), T (1, f)];173.23072147369385
188;ResNet18_6;1.2946332999999999;0.007168741508103034;1;axe_out_channels_0,axe_yy_0,axe_xx_0,axe_out_channels_1;8;[V f, U (2, f), U (14, y), T (16, c), Hoist_vars [c], T (3, h), T (28, x),  T (3, w), T (8, c), T (4, f), T (1, x), T (2, y), T (1, f)];174.14144921302795
189;ResNet18_6;1.4783123;0.00660854499946846;1;axe_xx_0;28;[V f, U (1, f), U (14, y), U (3, h), T (16, c), Hoist_vars [c], T (3, w),  T (28, x), T (8, c), T (1, f), T (2, y), T (8, f)];175.04390835762024
190;ResNet18_6;0.5223682;0.08460402767811946;1;axe_out_channels_0,axe_yy_0,axe_xx_0,axe_out_channels_1;10;[V f, U (2, f), U (14, y), U (3, h), T (64, c), Hoist_vars [c], T (7, x),  T (3, w), T (2, c), T (2, f), T (4, x), T (2, y), T (2, f)];175.9144310951233
191;ResNet18_6;0.7869352000000001;0.016740857473857163;1;axe_out_channels_0,axe_yy_0,axe_xx_0,axe_out_channels_1;11;[V f, U (4, f), U (4, y), T (16, c), Hoist_vars [c], T (3, h), T (28, x),  T (3, w), T (8, c), T (2, f), T (1, x), T (7, y), T (1, f)];176.79082322120667
192;ResNet18_6;0.7001836000000001;0.008979536270877246;1;axe_out_channels_0,axe_yy_0,axe_xx_0,axe_out_channels_1;9;[V f, U (2, f), U (7, y), U (3, h), T (16, c), Hoist_vars [c], T (28, x),  T (3, w), T (8, c), T (2, f), T (1, x), T (4, y), T (2, f)];177.64162015914917
193;ResNet18_6;0.4456771;0.06430911131006241;1;axe_out_channels_0,axe_yy_0,axe_xx_0,axe_out_channels_1;10;[V f, U (2, f), U (7, y), T (64, c), Hoist_vars [c], T (3, h), T (14, x),  T (3, w), T (2, c), T (2, f), T (2, x), T (4, y), T (2, f)];178.6281521320343
194;ResNet18_6;0.7186289;0.022622840495614145;1;axe_xx_0;28;[V f, U (4, f), U (7, y), U (3, w), T (32, c), Hoist_vars [c], T (3, h),  T (28, x), T (4, c), T (2, f), T (4, y), T (1, f)];179.5063419342041
195;ResNet18_6;0.9168687999999999;0.024139074608609177;1;axe_xx_0;28;[V f, U (1, f), U (7, y), U (3, h), T (128, c), Hoist_vars [c], T (3, w),  T (28, x), T (1, c), T (8, f), T (4, y), T (1, f)];180.4295198917389
196;ResNet18_6;0.9317248999999999;0.07786363772063311;1;axe_xx_0;28;[V f, U (1, f), U (7, y), U (3, h), T (128, c), Hoist_vars [c], T (3, w),  T (28, x), T (1, c), T (1, f), T (4, y), T (8, f)];181.27786493301392
197;ResNet18_6;0.5171067;0.11100941168031657;1;axe_out_channels_0,axe_yy_0,axe_xx_0,axe_out_channels_1;11;[V f, U (2, f), U (7, y), U (3, h), T (32, c), Hoist_vars [c], T (14, x),  T (3, w), T (4, c), T (1, f), T (2, x), T (4, y), T (4, f)];182.24798464775085
198;ResNet18_6;0.5839321;0.00442071612863798;1;axe_out_channels_0,axe_yy_0,axe_xx_0,axe_out_channels_1;9;[V f, U (2, f), U (14, y), U (3, h), U (3, w), T (32, c), Hoist_vars [c],  T (14, x), T (4, c), T (4, f), T (2, x), T (2, y), T (1, f)];183.2516131401062
199;ResNet18_6;0.9277729999999998;0.006394792318754366;1;axe_out_channels_0,axe_yy_0,axe_xx_0,axe_out_channels_1;7;[V f, U (2, f), U (14, y), U (3, h), U (3, w), T (64, c), Hoist_vars [c],  T (28, x), T (2, c), T (2, f), T (1, x), T (2, y), T (2, f)];184.28943824768066
