IdRun;NameConv;Time(ms);std;NbMicroKernel;AxeFuse;SizeAxeFuse;Schema;Time_search(4.321300983428955)
0;ResNet18_6;0.9347756;0.00670225783150721;2;axe_out_channels1_0,axe_yy1_0,axe_xx1_0,axe_out_channels1_1;7;[V f, U (2, f), ULambda y, T (32, c), Hoist_vars [c], T (3, h), T (28, x),  T (3, w), T (4, c), T (1, f), T (1, x),  Lambda_apply y [((Iter 1), (Arg 8)), ((Iter 2), (Arg 10))], T (4, f)];5.6359686851501465
1;ResNet18_6;0.26472169999999995;0.000691909105302134;1;axe_out_channels_0,axe_yy_0,axe_xx_0,axe_out_channels_1;11;[V f, U (4, f), U (7, y), U (3, h), T (32, c), Hoist_vars [c], T (7, x),  T (3, w), T (4, c), T (2, f), T (4, x), T (4, y), T (1, f)];6.819593191146851
2;ResNet18_6;0.4289276;0.003899465455674657;1;axe_xx_0;28;[V f, U (1, f), U (14, y), U (3, h), T (64, c), Hoist_vars [c], T (3, w),  T (28, x), T (2, c), T (2, f), T (2, y), T (4, f)];7.904282569885254
3;ResNet18_6;0.5456124;0.008659991803691262;1;axe_out_channels_0,axe_yy_0,axe_xx_0,axe_out_channels_1;8;[V f, U (4, f), U (7, y), U (3, w), T (128, c), Hoist_vars [c], T (28, x),  T (3, h), T (1, c), T (2, f), T (1, x), T (4, y), T (1, f)];9.007281064987183
4;ResNet18_6;0.22683209999999998;0.0068331778763617785;2;axe_out_channels1_0,axe_yy1_0,axe_xx1_0,axe_out_channels1_1;10;[V f, U (2, f), ULambda y, T (64, c), Hoist_vars [c], T (3, h), T (7, x),  T (3, w), T (2, c), T (2, f), T (4, x),  Lambda_apply y [((Iter 2), (Arg 8)), ((Iter 1), (Arg 12))], T (2, f)];10.481383085250854
5;ResNet18_6;0.7576156999999999;0.006466297967925693;2;axe_out_channels1_0,axe_yy1_0,axe_xx1_0,axe_out_channels1_1;8;[V f, U (2, f), ULambda y, T (32, c), Hoist_vars [c], T (3, h), T (14, x),  T (3, w), T (4, c), T (2, f), T (2, x),  Lambda_apply y [((Iter 2), (Arg 9)), ((Iter 1), (Arg 10))], T (2, f)];11.786833047866821
6;ResNet18_6;1.0581214;0.007651707563674941;2;axe_out_channels1_0,axe_yy1_0,axe_xx1_0,axe_out_channels1_1;8;[V f, U (2, f), ULambda y, T (32, c), Hoist_vars [c], T (3, h), T (28, x),  T (3, w), T (4, c), T (4, f), T (1, x),  Lambda_apply y [((Iter 2), (Arg 9)), ((Iter 1), (Arg 10))], T (1, f)];13.15036416053772
7;ResNet18_6;0.5097620999999999;0.0028406986270986326;1;axe_out_channels_0,axe_yy_0,axe_xx_0,axe_out_channels_1;8;[V f, U (4, f), U (7, y), U (3, w), T (128, c), Hoist_vars [c], T (28, x),  T (3, h), T (1, c), T (1, f), T (1, x), T (4, y), T (2, f)];14.283337831497192
8;ResNet18_6;1.0104431;0.007427852481706948;1;axe_xx_0;28;[V f, U (1, f), U (14, y), U (3, h), T (16, c), Hoist_vars [c], T (3, w),  T (28, x), T (8, c), T (1, f), T (2, y), T (8, f)];15.394770383834839
9;ResNet18_6;0.28206600000000004;0.003018604777045184;2;axe_out_channels1_0,axe_yy1_0,axe_xx1_0,axe_out_channels1_1;7;[V f, U (4, f), ULambda y, U (3, w), T (128, c), Hoist_vars [c], T (14, x),  T (3, h), T (1, c), T (2, f), T (2, x),  Lambda_apply y [((Iter 2), (Arg 5)), ((Iter 3), (Arg 6))], T (1, f)];16.968238592147827
10;ResNet18_6;0.3347348;0.005810680077237087;2;axe_out_channels1_0,axe_yy1_0,axe_xx1_0,axe_out_channels1_1;11;[V f, U (2, f), ULambda y, T (32, c), Hoist_vars [c], T (3, h), T (7, x),  T (3, w), T (4, c), T (4, f), T (4, x),  Lambda_apply y [((Iter 2), (Arg 8)), ((Iter 1), (Arg 12))], T (1, f)];18.39180827140808
11;ResNet18_6;0.6019336;0.013824918453285711;2;axe_out_channels1_0,axe_yy1_0,axe_xx1_0,axe_out_channels1_1;10;[V f, U (2, f), ULambda y, T (64, c), Hoist_vars [c], T (3, h), T (7, x),  T (3, w), T (2, c), T (4, f), T (4, x),  Lambda_apply y [((Iter 1), (Arg 13)), ((Iter 1), (Arg 15))], T (1, f)];19.702346563339233
12;ResNet18_6;0.17276640000000001;0.00046262667454438915;1;axe_out_channels_0,axe_yy_0,axe_xx_0,axe_out_channels_1;11;[V f, U (4, f), U (7, y), U (3, w), T (128, c), Hoist_vars [c], T (7, x),  T (3, h), T (1, c), T (2, f), T (4, x), T (4, y), T (1, f)];20.890990257263184
13;ResNet18_6;0.1902451;0.0025041219798564067;1;axe_out_channels_0,axe_yy_0,axe_xx_0,axe_out_channels_1;10;[V f, U (2, f), U (14, y), T (64, c), Hoist_vars [c], T (3, h), T (7, x),  T (3, w), T (2, c), T (2, f), T (4, x), T (2, y), T (2, f)];21.976917266845703
14;ResNet18_6;0.9006523999999999;0.0046540570516485896;2;axe_xx1_0;28;[V f, U (1, f), ULambda y, U (3, h), T (32, c), Hoist_vars [c], T (3, w),  T (28, x), T (4, c), T (8, f),  Lambda_apply y [((Iter 2), (Arg 9)), ((Iter 1), (Arg 10))], T (1, f)];23.269874095916748
15;ResNet18_6;0.7902644;0.004672538650455445;2;axe_out_channels1_0,axe_yy1_0,axe_xx1_0,axe_out_channels1_1;8;[V f, U (2, f), ULambda y, U (3, h), T (32, c), Hoist_vars [c], T (14, x),  T (3, w), T (4, c), T (2, f), T (2, x),  Lambda_apply y [((Iter 2), (Arg 9)), ((Iter 1), (Arg 10))], T (2, f)];24.572831392288208
16;ResNet18_6;0.6030580000000001;0.003648417081420374;2;axe_xx1_0;28;[V f, U (1, f), ULambda y, U (3, h), T (64, c), Hoist_vars [c], T (3, w),  T (28, x), T (2, c), T (4, f),  Lambda_apply y [((Iter 2), (Arg 9)), ((Iter 1), (Arg 10))], T (2, f)];25.871230125427246
17;ResNet18_6;0.5792686;0.012534200295192345;1;axe_out_channels_0,axe_yy_0,axe_xx_0,axe_out_channels_1;8;[V f, U (4, f), U (7, y), U (3, w), T (64, c), Hoist_vars [c], T (28, x),  T (3, h), T (2, c), T (2, f), T (1, x), T (4, y), T (1, f)];26.98740243911743
18;ResNet18_6;0.4725092999999999;0.014638984719235143;1;axe_out_channels_0,axe_yy_0,axe_xx_0,axe_out_channels_1;11;[V f, U (2, f), U (14, y), T (16, c), Hoist_vars [c], T (3, h), T (7, x),  T (3, w), T (8, c), T (1, f), T (4, x), T (2, y), T (4, f)];28.110026121139526
19;ResNet18_6;0.6019994;0.004177021886464081;1;axe_xx_0;28;[V f, U (1, f), U (14, y), U (3, h), T (32, c), Hoist_vars [c], T (3, w),  T (28, x), T (4, c), T (8, f), T (2, y), T (1, f)];29.1988582611084
20;ResNet18_6;0.9773206;0.00547049500868068;1;axe_xx_0;28;[V f, U (1, f), U (14, y), U (3, h), T (16, c), Hoist_vars [c], T (3, w),  T (28, x), T (8, c), T (8, f), T (2, y), T (1, f)];30.30578303337097
21;ResNet18_6;1.1948093;0.0059921537371799925;2;axe_out_channels1_0,axe_yy1_0,axe_xx1_0,axe_out_channels1_1;7;[V f, U (2, f), ULambda y, T (32, c), Hoist_vars [c], T (3, h), T (14, x),  T (3, w), T (4, c), T (2, f), T (2, x),  Lambda_apply y [((Iter 1), (Arg 13)), ((Iter 1), (Arg 15))], T (2, f)];31.639172792434692
22;ResNet18_6;0.8158800999999999;0.0076942983754205935;2;axe_out_channels1_0,axe_yy1_0,axe_xx1_0,axe_out_channels1_1;6;[V f, U (4, f), ULambda y, U (3, w), T (64, c), Hoist_vars [c], T (28, x),  T (3, h), T (2, c), T (2, f), T (1, x),  Lambda_apply y [((Iter 2), (Arg 5)), ((Iter 3), (Arg 6))], T (1, f)];32.9776177406311
23;ResNet18_6;0.30729329999999994;0.005900659489413023;1;axe_out_channels_0,axe_yy_0,axe_xx_0,axe_out_channels_1;11;[V f, U (4, f), U (4, y), U (3, w), T (128, c), Hoist_vars [c], T (28, x),  T (3, h), T (1, c), T (2, f), T (1, x), T (7, y), T (1, f)];34.02177929878235
24;ResNet18_6;0.4424074;0.0051967701353821645;2;axe_xx1_0;28;[V f, U (1, f), ULambda y, U (3, h), T (128, c), Hoist_vars [c], T (3, w),  T (28, x), T (1, c), T (2, f),  Lambda_apply y [((Iter 2), (Arg 9)), ((Iter 1), (Arg 10))], T (4, f)];35.31043267250061
25;ResNet18_6;0.7245603;0.005734224255293827;2;axe_out_channels1_0,axe_yy1_0,axe_xx1_0,axe_out_channels1_1;7;[V f, U (2, f), ULambda y, T (32, c), Hoist_vars [c], T (3, h), T (14, x),  T (3, w), T (4, c), T (2, f), T (2, x),  Lambda_apply y [((Iter 1), (Arg 8)), ((Iter 2), (Arg 10))], T (2, f)];36.585705280303955
26;ResNet18_6;0.1787036;0.0025506691357367367;1;axe_out_channels_0,axe_yy_0,axe_xx_0,axe_out_channels_1;13;[V f, U (2, f), U (14, y), T (64, c), Hoist_vars [c], T (3, h), T (4, x),  T (3, w), T (2, c), T (2, f), T (7, x), T (2, y), T (2, f)];37.693780183792114
27;ResNet18_6;0.7688172;0.010388228451473329;1;axe_out_channels_0,axe_yy_0,axe_xx_0,axe_out_channels_1;9;[V f, U (2, f), U (14, y), T (16, c), Hoist_vars [c], T (3, h), T (14, x),  T (3, w), T (8, c), T (4, f), T (2, x), T (2, y), T (1, f)];38.80613708496094
28;ResNet18_6;0.9581351999999999;0.005700482712893699;2;axe_out_channels1_0,axe_yy1_0,axe_xx1_0,axe_out_channels1_1;8;[V f, U (2, f), ULambda y, U (3, h), T (32, c), Hoist_vars [c], T (28, x),  T (3, w), T (4, c), T (1, f), T (1, x),  Lambda_apply y [((Iter 2), (Arg 9)), ((Iter 1), (Arg 10))], T (4, f)];40.19071340560913
29;ResNet18_6;0.8521919;0.006046265532541565;2;axe_xx1_0;28;[V f, U (1, f), ULambda y, U (3, h), T (32, c), Hoist_vars [c], T (3, w),  T (28, x), T (4, c), T (2, f),  Lambda_apply y [((Iter 2), (Arg 9)), ((Iter 1), (Arg 10))], T (4, f)];41.50808835029602
30;ResNet18_6;0.9509548999999999;0.0044387337259628465;1;axe_out_channels_0,axe_yy_0,axe_xx_0,axe_out_channels_1;8;[V f, U (4, f), U (7, y), U (3, h), T (16, c), Hoist_vars [c], T (28, x),  T (3, w), T (8, c), T (1, f), T (1, x), T (4, y), T (2, f)];42.66244435310364
31;ResNet18_6;0.9784964;0.014274774577554652;1;axe_out_channels_0,axe_yy_0,axe_xx_0,axe_out_channels_1;7;[V f, U (2, f), U (14, y), T (16, c), Hoist_vars [c], T (3, h), T (28, x),  T (3, w), T (8, c), T (2, f), T (1, x), T (2, y), T (2, f)];43.78504419326782
32;ResNet18_6;0.1645488;0.0019149913211291615;1;axe_out_channels_0,axe_yy_0,axe_xx_0,axe_out_channels_1;14;[V f, U (2, f), U (14, y), T (32, c), Hoist_vars [c], T (3, h), T (4, x),  T (3, w), T (4, c), T (4, f), T (7, x), T (2, y), T (1, f)];44.90516209602356
33;ResNet18_6;0.3651679;0.005696789524811318;1;axe_out_channels_0,axe_yy_0,axe_xx_0,axe_out_channels_1;11;[V f, U (4, f), U (4, y), U (3, w), T (64, c), Hoist_vars [c], T (28, x),  T (3, h), T (2, c), T (2, f), T (1, x), T (7, y), T (1, f)];45.95917773246765
34;ResNet18_6;0.32873230000000003;0.0012234667179780623;2;axe_out_channels1_0,axe_yy1_0,axe_xx1_0,axe_out_channels1_1;7;[V f, U (4, f), ULambda y, U (3, h), T (32, c), Hoist_vars [c], T (14, x),  T (3, w), T (4, c), T (1, f), T (2, x),  Lambda_apply y [((Iter 2), (Arg 5)), ((Iter 3), (Arg 6))], T (2, f)];47.5658004283905
35;ResNet18_6;0.3089663;0.0009849877207356425;1;axe_out_channels_0,axe_yy_0,axe_xx_0,axe_out_channels_1;9;[V f, U (4, f), U (7, y), U (3, h), T (32, c), Hoist_vars [c], T (14, x),  T (3, w), T (4, c), T (1, f), T (2, x), T (4, y), T (2, f)];48.85870027542114
36;ResNet18_6;0.7804317999999999;0.005992822253329393;2;axe_out_channels1_0,axe_yy1_0,axe_xx1_0,axe_out_channels1_1;9;[V f, U (2, f), ULambda y, T (32, c), Hoist_vars [c], T (3, h), T (14, x),  T (3, w), T (4, c), T (4, f), T (2, x),  Lambda_apply y [((Iter 2), (Arg 8)), ((Iter 1), (Arg 12))], T (1, f)];50.16385555267334
37;ResNet18_6;0.3839996;0.0046767961725950906;1;axe_out_channels_0,axe_yy_0,axe_xx_0,axe_out_channels_1;9;[V f, U (2, f), U (14, y), T (16, c), Hoist_vars [c], T (3, h), T (14, x),  T (3, w), T (8, c), T (1, f), T (2, x), T (2, y), T (4, f)];51.25373840332031
38;ResNet18_6;0.2202542;0.005023396357047693;1;axe_out_channels_0,axe_yy_0,axe_xx_0,axe_out_channels_1;11;[V f, U (4, f), U (7, y), T (16, c), Hoist_vars [c], T (3, h), T (7, x),  T (3, w), T (8, c), T (2, f), T (4, x), T (4, y), T (1, f)];52.37634992599487
39;ResNet18_6;0.2710353;0.0029086065065594487;1;axe_out_channels_0,axe_yy_0,axe_xx_0,axe_out_channels_1;9;[V f, U (4, f), U (7, y), U (3, w), T (64, c), Hoist_vars [c], T (14, x),  T (3, h), T (2, c), T (2, f), T (2, x), T (4, y), T (1, f)];53.608004570007324
40;ResNet18_6;0.3081067;0.009697803638453397;2;axe_out_channels1_0,axe_yy1_0,axe_xx1_0,axe_out_channels1_1;11;[V f, U (2, f), ULambda y, T (32, c), Hoist_vars [c], T (3, h), T (7, x),  T (3, w), T (4, c), T (4, f), T (4, x),  Lambda_apply y [((Iter 2), (Arg 9)), ((Iter 1), (Arg 10))], T (1, f)];55.00163722038269
41;ResNet18_6;0.15334050000000002;0.0016537624527119977;1;axe_out_channels_0,axe_yy_0,axe_xx_0,axe_out_channels_1;12;[V f, U (4, f), U (4, y), U (3, w), T (128, c), Hoist_vars [c], T (14, x),  T (3, h), T (1, c), T (2, f), T (2, x), T (7, y), T (1, f)];56.15235137939453
42;ResNet18_6;0.2515655;0.004508173626869319;2;axe_out_channels1_0,axe_yy1_0,axe_xx1_0,axe_out_channels1_1;9;[V f, U (2, f), ULambda y, T (32, c), Hoist_vars [c], T (3, h), T (7, x),  T (3, w), T (4, c), T (2, f), T (4, x),  Lambda_apply y [((Iter 1), (Arg 8)), ((Iter 2), (Arg 10))], T (2, f)];57.58579063415527
43;ResNet18_6;0.32303590000000004;0.000841567400746967;1;axe_xx_0;28;[V f, U (1, f), U (14, y), U (3, h), T (128, c), Hoist_vars [c], T (3, w),  T (28, x), T (1, c), T (4, f), T (2, y), T (2, f)];58.67655062675476
44;ResNet18_6;0.5853097999999999;0.011274296100422378;1;axe_out_channels_0,axe_yy_0,axe_xx_0,axe_out_channels_1;9;[V f, U (2, f), U (14, y), T (32, c), Hoist_vars [c], T (3, h), T (14, x),  T (3, w), T (4, c), T (4, f), T (2, x), T (2, y), T (1, f)];59.77940654754639
45;ResNet18_6;0.43836259999999994;0.006471718244794038;2;axe_xx1_0;28;[V f, U (1, f), ULambda y, U (3, h), T (128, c), Hoist_vars [c], T (3, w),  T (28, x), T (1, c), T (4, f),  Lambda_apply y [((Iter 2), (Arg 9)), ((Iter 1), (Arg 10))], T (2, f)];61.07714581489563
46;ResNet18_6;0.1849261;0.0011640230624863064;1;axe_out_channels_0,axe_yy_0,axe_xx_0,axe_out_channels_1;11;[V f, U (4, f), U (7, y), U (3, w), T (64, c), Hoist_vars [c], T (7, x),  T (3, h), T (2, c), T (2, f), T (4, x), T (4, y), T (1, f)];62.249423027038574
47;ResNet18_6;0.3633616;0.006100146952328268;1;axe_out_channels_0,axe_yy_0,axe_xx_0,axe_out_channels_1;11;[V f, U (4, f), U (7, y), T (16, c), Hoist_vars [c], T (3, h), T (7, x),  T (3, w), T (8, c), T (1, f), T (4, x), T (4, y), T (2, f)];63.38662648200989
48;ResNet18_6;0.30729280000000003;0.009382938226376652;1;axe_out_channels_0,axe_yy_0,axe_xx_0,axe_out_channels_1;11;[V f, U (4, f), U (4, y), U (3, w), T (128, c), Hoist_vars [c], T (28, x),  T (3, h), T (1, c), T (1, f), T (1, x), T (7, y), T (2, f)];64.47305464744568
49;ResNet18_6;0.7657284;0.010356839529508978;1;axe_out_channels_0,axe_yy_0,axe_xx_0,axe_out_channels_1;8;[V f, U (2, f), U (14, y), T (16, c), Hoist_vars [c], T (3, h), T (14, x),  T (3, w), T (8, c), T (2, f), T (2, x), T (2, y), T (2, f)];65.5704927444458
50;ResNet18_6;0.23196429999999996;0.0022305497999372177;2;axe_out_channels1_0,axe_yy1_0,axe_xx1_0,axe_out_channels1_1;11;[V f, U (2, f), ULambda y, T (32, c), Hoist_vars [c], T (3, h), T (7, x),  T (3, w), T (4, c), T (1, f), T (4, x),  Lambda_apply y [((Iter 2), (Arg 8)), ((Iter 1), (Arg 12))], T (4, f)];67.0057303905487
51;ResNet18_6;0.45401120000000006;0.002311891554550079;2;axe_xx1_0;28;[V f, U (1, f), ULambda y, U (3, h), T (128, c), Hoist_vars [c], T (3, w),  T (28, x), T (1, c), T (8, f),  Lambda_apply y [((Iter 2), (Arg 9)), ((Iter 1), (Arg 10))], T (1, f)];68.29246711730957
52;ResNet18_6;0.31096270000000004;0.002634627224105893;1;axe_out_channels_0,axe_yy_0,axe_xx_0,axe_out_channels_1;11;[V f, U (2, f), U (14, y), T (32, c), Hoist_vars [c], T (3, h), T (7, x),  T (3, w), T (4, c), T (1, f), T (4, x), T (2, y), T (4, f)];69.37528133392334
53;ResNet18_6;1.0207893000000001;0.01507361992389353;2;axe_out_channels1_0,axe_yy1_0,axe_xx1_0,axe_out_channels1_1;7;[V f, U (2, f), ULambda y, U (3, h), T (32, c), Hoist_vars [c], T (28, x),  T (3, w), T (4, c), T (2, f), T (1, x),  Lambda_apply y [((Iter 2), (Arg 9)), ((Iter 1), (Arg 10))], T (2, f)];70.73766469955444
54;ResNet18_6;0.5805819999999999;0.0065446165815882746;1;axe_out_channels_0,axe_yy_0,axe_xx_0,axe_out_channels_1;8;[V f, U (2, f), U (14, y), T (32, c), Hoist_vars [c], T (3, h), T (14, x),  T (3, w), T (4, c), T (2, f), T (2, x), T (2, y), T (2, f)];71.83118104934692
55;ResNet18_6;0.2345289;0.000971745589133289;2;axe_out_channels1_0,axe_yy1_0,axe_xx1_0,axe_out_channels1_1;11;[V f, U (2, f), ULambda y, T (32, c), Hoist_vars [c], T (3, h), T (7, x),  T (3, w), T (4, c), T (1, f), T (4, x),  Lambda_apply y [((Iter 2), (Arg 9)), ((Iter 1), (Arg 10))], T (4, f)];73.29129934310913
56;ResNet18_6;0.2924197;0.0018488964303064613;1;axe_out_channels_0,axe_yy_0,axe_xx_0,axe_out_channels_1;9;[V f, U (2, f), U (14, y), T (32, c), Hoist_vars [c], T (3, h), T (14, x),  T (3, w), T (4, c), T (1, f), T (2, x), T (2, y), T (4, f)];74.35029292106628
57;ResNet18_6;0.5437773;0.0034959326380810244;1;axe_out_channels_0,axe_yy_0,axe_xx_0,axe_out_channels_1;8;[V f, U (4, f), U (7, y), U (3, w), T (64, c), Hoist_vars [c], T (28, x),  T (3, h), T (2, c), T (1, f), T (1, x), T (4, y), T (2, f)];75.48722171783447
58;ResNet18_6;0.19464739999999997;0.0010197946067713865;1;axe_out_channels_0,axe_yy_0,axe_xx_0,axe_out_channels_1;11;[V f, U (4, f), U (7, y), U (3, w), T (32, c), Hoist_vars [c], T (7, x),  T (3, h), T (4, c), T (2, f), T (4, x), T (4, y), T (1, f)];76.69227194786072
59;ResNet18_6;0.20299679999999998;0.001805579009625441;2;axe_out_channels1_0,axe_yy1_0,axe_xx1_0,axe_out_channels1_1;9;[V f, U (2, f), ULambda y, T (64, c), Hoist_vars [c], T (3, h), T (7, x),  T (3, w), T (2, c), T (2, f), T (4, x),  Lambda_apply y [((Iter 1), (Arg 8)), ((Iter 2), (Arg 10))], T (2, f)];78.13335275650024
60;ResNet18_6;0.9263785999999999;0.006123308977995472;2;axe_out_channels1_0,axe_yy1_0,axe_xx1_0,axe_out_channels1_1;6;[V f, U (4, f), ULambda y, U (3, w), T (32, c), Hoist_vars [c], T (28, x),  T (3, h), T (4, c), T (1, f), T (1, x),  Lambda_apply y [((Iter 2), (Arg 5)), ((Iter 3), (Arg 6))], T (2, f)];79.51305294036865
61;ResNet18_6;0.1777577;0.0013318168079732282;1;axe_out_channels_0,axe_yy_0,axe_xx_0,axe_out_channels_1;11;[V f, U (4, f), U (7, y), T (32, c), Hoist_vars [c], T (3, h), T (7, x),  T (3, w), T (4, c), T (2, f), T (4, x), T (4, y), T (1, f)];80.65373659133911
62;ResNet18_6;0.7836677999999999;0.00472834315167585;2;axe_out_channels1_0,axe_yy1_0,axe_xx1_0,axe_out_channels1_1;6;[V f, U (4, f), ULambda y, U (3, w), T (64, c), Hoist_vars [c], T (28, x),  T (3, h), T (2, c), T (1, f), T (1, x),  Lambda_apply y [((Iter 2), (Arg 5)), ((Iter 3), (Arg 6))], T (2, f)];82.0411913394928
63;ResNet18_6;0.2346815;0.0036810332584751204;1;axe_out_channels_0,axe_yy_0,axe_xx_0,axe_out_channels_1;12;[V f, U (4, f), U (4, y), U (3, w), T (64, c), Hoist_vars [c], T (14, x),  T (3, h), T (2, c), T (1, f), T (2, x), T (7, y), T (2, f)];83.18795871734619
64;ResNet18_6;0.2331047;0.006337534363614935;2;axe_out_channels1_0,axe_yy1_0,axe_xx1_0,axe_out_channels1_1;11;[V f, U (2, f), ULambda y, T (64, c), Hoist_vars [c], T (3, h), T (7, x),  T (3, w), T (2, c), T (4, f), T (4, x),  Lambda_apply y [((Iter 2), (Arg 9)), ((Iter 1), (Arg 10))], T (1, f)];84.59105467796326
65;ResNet18_6;0.38345670000000004;0.005466698145132946;1;axe_out_channels_0,axe_yy_0,axe_xx_0,axe_out_channels_1;11;[V f, U (4, f), U (4, y), U (3, w), T (64, c), Hoist_vars [c], T (28, x),  T (3, h), T (2, c), T (1, f), T (1, x), T (7, y), T (2, f)];85.67526626586914
66;ResNet18_6;0.2122137;0.0017220065069563466;1;axe_out_channels_0,axe_yy_0,axe_xx_0,axe_out_channels_1;9;[V f, U (4, f), U (7, y), U (3, w), T (128, c), Hoist_vars [c], T (14, x),  T (3, h), T (1, c), T (2, f), T (2, x), T (4, y), T (1, f)];86.9107015132904
67;ResNet18_6;0.210927;0.003871456160154726;2;axe_out_channels1_0,axe_yy1_0,axe_xx1_0,axe_out_channels1_1;10;[V f, U (2, f), ULambda y, T (64, c), Hoist_vars [c], T (3, h), T (7, x),  T (3, w), T (2, c), T (2, f), T (4, x),  Lambda_apply y [((Iter 2), (Arg 9)), ((Iter 1), (Arg 10))], T (2, f)];88.34264636039734
68;ResNet18_6;0.25894039999999996;0.0026158258428266956;1;axe_out_channels_0,axe_yy_0,axe_xx_0,axe_out_channels_1;9;[V f, U (4, f), U (7, y), T (32, c), Hoist_vars [c], T (3, h), T (14, x),  T (3, w), T (4, c), T (1, f), T (2, x), T (4, y), T (2, f)];89.60511469841003
69;ResNet18_6;0.23964870000000005;0.0005802749434535386;1;axe_out_channels_0,axe_yy_0,axe_xx_0,axe_out_channels_1;9;[V f, U (4, f), U (7, y), U (3, w), T (32, c), Hoist_vars [c], T (14, x),  T (3, h), T (4, c), T (1, f), T (2, x), T (4, y), T (2, f)];90.87600040435791
70;ResNet18_6;0.6285079;0.004570721747164216;1;axe_out_channels_0,axe_yy_0,axe_xx_0,axe_out_channels_1;8;[V f, U (4, f), U (7, y), U (3, w), T (32, c), Hoist_vars [c], T (28, x),  T (3, h), T (4, c), T (1, f), T (1, x), T (4, y), T (2, f)];92.0035617351532
71;ResNet18_6;0.1790942;0.0036207737791803547;1;axe_out_channels_0,axe_yy_0,axe_xx_0,axe_out_channels_1;12;[V f, U (4, f), U (4, y), U (3, w), T (32, c), Hoist_vars [c], T (14, x),  T (3, h), T (4, c), T (2, f), T (2, x), T (7, y), T (1, f)];93.15265130996704
72;ResNet18_6;0.30242230000000003;0.0015079328930691783;2;axe_out_channels1_0,axe_yy1_0,axe_xx1_0,axe_out_channels1_1;7;[V f, U (4, f), ULambda y, U (3, w), T (32, c), Hoist_vars [c], T (14, x),  T (3, h), T (4, c), T (1, f), T (2, x),  Lambda_apply y [((Iter 2), (Arg 5)), ((Iter 3), (Arg 6))], T (2, f)];94.77772736549377
73;ResNet18_6;0.1603854;0.0028184117939009604;1;axe_out_channels_0,axe_yy_0,axe_xx_0,axe_out_channels_1;12;[V f, U (4, f), U (4, y), U (3, w), T (64, c), Hoist_vars [c], T (14, x),  T (3, h), T (2, c), T (2, f), T (2, x), T (7, y), T (1, f)];95.93387842178345
74;ResNet18_6;0.6280343;0.004745131653600337;1;axe_xx_0;28;[V f, U (1, f), U (14, y), U (3, h), T (32, c), Hoist_vars [c], T (3, w),  T (28, x), T (4, c), T (2, f), T (2, y), T (4, f)];97.03727531433105
75;ResNet18_6;1.0493156;0.014890069651952617;2;axe_out_channels1_0,axe_yy1_0,axe_xx1_0,axe_out_channels1_1;7;[V f, U (2, f), ULambda y, T (32, c), Hoist_vars [c], T (3, h), T (28, x),  T (3, w), T (4, c), T (2, f), T (1, x),  Lambda_apply y [((Iter 2), (Arg 9)), ((Iter 1), (Arg 10))], T (2, f)];98.38879418373108
76;ResNet18_6;0.24260149999999997;0.0008292593382048776;2;axe_out_channels1_0,axe_yy1_0,axe_xx1_0,axe_out_channels1_1;7;[V f, U (4, f), ULambda y, U (3, w), T (128, c), Hoist_vars [c], T (14, x),  T (3, h), T (1, c), T (1, f), T (2, x),  Lambda_apply y [((Iter 2), (Arg 5)), ((Iter 3), (Arg 6))], T (2, f)];99.99641370773315
77;ResNet18_6;0.3301362;0.0039729215396229495;1;axe_xx_0;28;[V f, U (1, f), U (14, y), U (3, h), T (128, c), Hoist_vars [c], T (3, w),  T (28, x), T (1, c), T (2, f), T (2, y), T (4, f)];101.13480591773987
78;ResNet18_6;0.33051339999999996;0.00604811865293662;1;axe_xx_0;28;[V f, U (1, f), U (14, y), U (3, h), T (128, c), Hoist_vars [c], T (3, w),  T (28, x), T (1, c), T (8, f), T (2, y), T (1, f)];102.20731163024902
79;ResNet18_6;0.2696897;0.007992035360907751;2;axe_out_channels1_0,axe_yy1_0,axe_xx1_0,axe_out_channels1_1;10;[V f, U (2, f), ULambda y, T (32, c), Hoist_vars [c], T (3, h), T (7, x),  T (3, w), T (4, c), T (2, f), T (4, x),  Lambda_apply y [((Iter 2), (Arg 9)), ((Iter 1), (Arg 10))], T (2, f)];103.6045970916748
80;ResNet18_6;0.45617840000000004;0.0032260739359165308;2;axe_out_channels1_0,axe_yy1_0,axe_xx1_0,axe_out_channels1_1;9;[V f, U (2, f), ULambda y, T (32, c), Hoist_vars [c], T (3, h), T (14, x),  T (3, w), T (4, c), T (1, f), T (2, x),  Lambda_apply y [((Iter 2), (Arg 8)), ((Iter 1), (Arg 12))], T (4, f)];104.90459108352661
81;ResNet18_6;0.7189867999999999;0.007365491033189838;2;axe_out_channels1_0,axe_yy1_0,axe_xx1_0,axe_out_channels1_1;8;[V f, U (2, f), ULambda y, T (32, c), Hoist_vars [c], T (3, h), T (14, x),  T (3, w), T (4, c), T (4, f), T (2, x),  Lambda_apply y [((Iter 1), (Arg 8)), ((Iter 2), (Arg 10))], T (1, f)];106.19783926010132
82;ResNet18_6;0.9924704;0.0055375889735515705;2;axe_out_channels1_0,axe_yy1_0,axe_xx1_0,axe_out_channels1_1;8;[V f, U (2, f), ULambda y, T (32, c), Hoist_vars [c], T (3, h), T (28, x),  T (3, w), T (4, c), T (1, f), T (1, x),  Lambda_apply y [((Iter 2), (Arg 9)), ((Iter 1), (Arg 10))], T (4, f)];107.55477046966553
83;ResNet18_6;0.9600001;0.012603229811837938;1;axe_out_channels_0,axe_yy_0,axe_xx_0,axe_out_channels_1;8;[V f, U (2, f), U (14, y), T (16, c), Hoist_vars [c], T (3, h), T (28, x),  T (3, w), T (8, c), T (4, f), T (1, x), T (2, y), T (1, f)];108.67801403999329
84;ResNet18_6;0.3685998;0.0036262721850407135;1;axe_out_channels_0,axe_yy_0,axe_xx_0,axe_out_channels_1;9;[V f, U (4, f), U (7, y), T (32, c), Hoist_vars [c], T (3, h), T (14, x),  T (3, w), T (4, c), T (2, f), T (2, x), T (4, y), T (1, f)];109.88034772872925
85;ResNet18_6;0.49074799999999996;0.007156393533058399;1;axe_out_channels_0,axe_yy_0,axe_xx_0,axe_out_channels_1;11;[V f, U (4, f), U (4, y), U (3, w), T (32, c), Hoist_vars [c], T (28, x),  T (3, h), T (4, c), T (2, f), T (1, x), T (7, y), T (1, f)];110.95665788650513
86;ResNet18_6;1.0156433999999996;0.007627256180304934;2;axe_out_channels1_0,axe_yy1_0,axe_xx1_0,axe_out_channels1_1;8;[V f, U (2, f), ULambda y, U (3, h), T (32, c), Hoist_vars [c], T (28, x),  T (3, w), T (4, c), T (4, f), T (1, x),  Lambda_apply y [((Iter 2), (Arg 9)), ((Iter 1), (Arg 10))], T (1, f)];112.32196259498596
87;ResNet18_6;0.4141726;0.003101334654628554;2;axe_out_channels1_0,axe_yy1_0,axe_xx1_0,axe_out_channels1_1;8;[V f, U (2, f), ULambda y, T (32, c), Hoist_vars [c], T (3, h), T (14, x),  T (3, w), T (4, c), T (1, f), T (2, x),  Lambda_apply y [((Iter 1), (Arg 8)), ((Iter 2), (Arg 10))], T (4, f)];113.60156726837158
88;ResNet18_6;0.33033809999999997;0.003783690089053275;2;axe_out_channels1_0,axe_yy1_0,axe_xx1_0,axe_out_channels1_1;7;[V f, U (4, f), ULambda y, U (3, w), T (64, c), Hoist_vars [c], T (14, x),  T (3, h), T (2, c), T (2, f), T (2, x),  Lambda_apply y [((Iter 2), (Arg 5)), ((Iter 3), (Arg 6))], T (1, f)];115.15846395492554
89;ResNet18_6;0.2904079;0.003152465620748301;2;axe_out_channels1_0,axe_yy1_0,axe_xx1_0,axe_out_channels1_1;10;[V f, U (2, f), ULambda y, T (32, c), Hoist_vars [c], T (3, h), T (7, x),  T (3, w), T (4, c), T (2, f), T (4, x),  Lambda_apply y [((Iter 2), (Arg 8)), ((Iter 1), (Arg 12))], T (2, f)];116.59861254692078
90;ResNet18_6;0.2484858;0.0023977183654466066;1;axe_out_channels_0,axe_yy_0,axe_xx_0,axe_out_channels_1;14;[V f, U (2, f), U (14, y), T (16, c), Hoist_vars [c], T (3, h), T (4, x),  T (3, w), T (8, c), T (1, f), T (7, x), T (2, y), T (4, f)];117.73669147491455
91;ResNet18_6;0.6825433999999999;0.010753749385214437;2;axe_out_channels1_0,axe_yy1_0,axe_xx1_0,axe_out_channels1_1;10;[V f, U (2, f), ULambda y, T (32, c), Hoist_vars [c], T (3, h), T (7, x),  T (3, w), T (4, c), T (4, f), T (4, x),  Lambda_apply y [((Iter 1), (Arg 13)), ((Iter 1), (Arg 15))], T (1, f)];119.02047657966614
92;ResNet18_6;0.49124350000000006;0.01119298257168301;1;axe_out_channels_0,axe_yy_0,axe_xx_0,axe_out_channels_1;11;[V f, U (4, f), U (4, y), U (3, w), T (32, c), Hoist_vars [c], T (28, x),  T (3, h), T (4, c), T (1, f), T (1, x), T (7, y), T (2, f)];120.10916805267334
93;ResNet18_6;0.2513792;0.008347253761567341;2;axe_out_channels1_0,axe_yy1_0,axe_xx1_0,axe_out_channels1_1;11;[V f, U (2, f), ULambda y, T (64, c), Hoist_vars [c], T (3, h), T (7, x),  T (3, w), T (2, c), T (4, f), T (4, x),  Lambda_apply y [((Iter 2), (Arg 8)), ((Iter 1), (Arg 12))], T (1, f)];121.57015323638916
94;ResNet18_6;0.7672034;0.010974006626569882;2;axe_out_channels1_0,axe_yy1_0,axe_xx1_0,axe_out_channels1_1;8;[V f, U (2, f), ULambda y, T (32, c), Hoist_vars [c], T (3, h), T (14, x),  T (3, w), T (4, c), T (1, f), T (2, x),  Lambda_apply y [((Iter 1), (Arg 13)), ((Iter 1), (Arg 15))], T (4, f)];122.8684196472168
95;ResNet18_6;0.9705315000000001;0.0061385588414545715;2;axe_out_channels1_0,axe_yy1_0,axe_xx1_0,axe_out_channels1_1;6;[V f, U (4, f), ULambda y, U (3, w), T (32, c), Hoist_vars [c], T (28, x),  T (3, h), T (4, c), T (2, f), T (1, x),  Lambda_apply y [((Iter 2), (Arg 5)), ((Iter 3), (Arg 6))], T (1, f)];124.27294063568115
96;ResNet18_6;0.8799843;0.005709605451342492;2;axe_xx1_0;28;[V f, U (1, f), ULambda y, U (3, h), T (32, c), Hoist_vars [c], T (3, w),  T (28, x), T (4, c), T (1, f),  Lambda_apply y [((Iter 2), (Arg 9)), ((Iter 1), (Arg 10))], T (8, f)];125.57249689102173
97;ResNet18_6;0.42812340000000004;0.0059613892709669694;2;axe_out_channels1_0,axe_yy1_0,axe_xx1_0,axe_out_channels1_1;7;[V f, U (4, f), ULambda y, U (3, w), T (32, c), Hoist_vars [c], T (14, x),  T (3, h), T (4, c), T (2, f), T (2, x),  Lambda_apply y [((Iter 2), (Arg 5)), ((Iter 3), (Arg 6))], T (1, f)];127.15157842636108
98;ResNet18_6;0.4294517;0.003607764018058839;1;axe_xx_0;28;[V f, U (1, f), U (14, y), U (3, h), T (64, c), Hoist_vars [c], T (3, w),  T (28, x), T (2, c), T (4, f), T (2, y), T (2, f)];128.24692463874817
99;ResNet18_6;0.2515327;0.002694562934874588;1;axe_out_channels_0,axe_yy_0,axe_xx_0,axe_out_channels_1;11;[V f, U (4, f), U (7, y), T (32, c), Hoist_vars [c], T (3, h), T (7, x),  T (3, w), T (4, c), T (1, f), T (4, x), T (4, y), T (2, f)];129.40729928016663
100;ResNet18_6;0.1933911;0.0018359365702550865;1;axe_out_channels_0,axe_yy_0,axe_xx_0,axe_out_channels_1;12;[V f, U (4, f), U (4, y), U (3, w), T (128, c), Hoist_vars [c], T (14, x),  T (3, h), T (1, c), T (1, f), T (2, x), T (7, y), T (2, f)];130.549560546875
101;ResNet18_6;0.20544099999999998;0.0016541047729814453;2;axe_out_channels1_0,axe_yy1_0,axe_xx1_0,axe_out_channels1_1;10;[V f, U (2, f), ULambda y, U (3, h), T (64, c), Hoist_vars [c], T (7, x),  T (3, w), T (2, c), T (2, f), T (4, x),  Lambda_apply y [((Iter 2), (Arg 9)), ((Iter 1), (Arg 10))], T (2, f)];132.00542163848877
102;ResNet18_6;0.6164832;0.004743441615536124;1;axe_out_channels_0,axe_yy_0,axe_xx_0,axe_out_channels_1;9;[V f, U (4, f), U (7, y), U (3, h), T (16, c), Hoist_vars [c], T (14, x),  T (3, w), T (8, c), T (2, f), T (2, x), T (4, y), T (1, f)];133.26293754577637
103;ResNet18_6;0.21122880000000005;0.005973872492780544;1;axe_out_channels_0,axe_yy_0,axe_xx_0,axe_out_channels_1;13;[V f, U (2, f), U (14, y), T (32, c), Hoist_vars [c], T (3, h), T (4, x),  T (3, w), T (4, c), T (2, f), T (7, x), T (2, y), T (2, f)];134.39372897148132
104;ResNet18_6;0.2579723;0.0011576067596554564;1;axe_out_channels_0,axe_yy_0,axe_xx_0,axe_out_channels_1;10;[V f, U (2, f), U (14, y), T (16, c), Hoist_vars [c], T (3, h), T (7, x),  T (3, w), T (8, c), T (2, f), T (4, x), T (2, y), T (2, f)];135.46437120437622
105;ResNet18_6;0.4316671;0.0023572112527306542;2;axe_out_channels1_0,axe_yy1_0,axe_xx1_0,axe_out_channels1_1;9;[V f, U (2, f), ULambda y, T (32, c), Hoist_vars [c], T (3, h), T (14, x),  T (3, w), T (4, c), T (1, f), T (2, x),  Lambda_apply y [((Iter 2), (Arg 9)), ((Iter 1), (Arg 10))], T (4, f)];136.7476544380188
106;ResNet18_6;0.2288254;0.009249620902501893;2;axe_out_channels1_0,axe_yy1_0,axe_xx1_0,axe_out_channels1_1;10;[V f, U (2, f), ULambda y, T (64, c), Hoist_vars [c], T (3, h), T (7, x),  T (3, w), T (2, c), T (4, f), T (4, x),  Lambda_apply y [((Iter 1), (Arg 8)), ((Iter 2), (Arg 10))], T (1, f)];138.18089532852173
107;ResNet18_6;0.4445689;0.0048303895381221615;2;axe_xx1_0;28;[V f, U (1, f), ULambda y, U (3, h), T (128, c), Hoist_vars [c], T (3, w),  T (28, x), T (1, c), T (1, f),  Lambda_apply y [((Iter 2), (Arg 9)), ((Iter 1), (Arg 10))], T (8, f)];139.46678161621094
108;ResNet18_6;0.2354766;0.002072965180604824;2;axe_out_channels1_0,axe_yy1_0,axe_xx1_0,axe_out_channels1_1;10;[V f, U (2, f), ULambda y, T (32, c), Hoist_vars [c], T (3, h), T (7, x),  T (3, w), T (4, c), T (1, f), T (4, x),  Lambda_apply y [((Iter 1), (Arg 8)), ((Iter 2), (Arg 10))], T (4, f)];140.89089703559875
109;ResNet18_6;0.7539507000000001;0.006710005663932021;2;axe_out_channels1_0,axe_yy1_0,axe_xx1_0,axe_out_channels1_1;9;[V f, U (2, f), ULambda y, T (32, c), Hoist_vars [c], T (3, h), T (14, x),  T (3, w), T (4, c), T (4, f), T (2, x),  Lambda_apply y [((Iter 2), (Arg 9)), ((Iter 1), (Arg 10))], T (1, f)];142.18736720085144
110;ResNet18_6;0.32370440000000006;0.0018374733848412618;1;axe_xx_0;28;[V f, U (1, f), U (14, y), U (3, h), T (128, c), Hoist_vars [c], T (3, w),  T (28, x), T (1, c), T (1, f), T (2, y), T (8, f)];143.2636842727661
111;ResNet18_6;0.23539349999999998;0.002217646240950072;1;axe_out_channels_0,axe_yy_0,axe_xx_0,axe_out_channels_1;11;[V f, U (4, f), U (7, y), U (3, w), T (32, c), Hoist_vars [c], T (7, x),  T (3, h), T (4, c), T (1, f), T (4, x), T (4, y), T (2, f)];144.4717423915863
112;ResNet18_6;0.7110196;0.005039085893294529;2;axe_out_channels1_0,axe_yy1_0,axe_xx1_0,axe_out_channels1_1;6;[V f, U (4, f), ULambda y, U (3, w), T (128, c), Hoist_vars [c], T (28, x),  T (3, h), T (1, c), T (1, f), T (1, x),  Lambda_apply y [((Iter 2), (Arg 5)), ((Iter 3), (Arg 6))], T (2, f)];145.84469532966614
113;ResNet18_6;0.1909636;0.0009215278834631129;2;axe_out_channels1_0,axe_yy1_0,axe_xx1_0,axe_out_channels1_1;10;[V f, U (2, f), ULambda y, T (64, c), Hoist_vars [c], T (3, h), T (7, x),  T (3, w), T (2, c), T (1, f), T (4, x),  Lambda_apply y [((Iter 1), (Arg 8)), ((Iter 2), (Arg 10))], T (4, f)];147.33532905578613
114;ResNet18_6;0.20503390000000002;0.0021116127698988718;1;axe_out_channels_0,axe_yy_0,axe_xx_0,axe_out_channels_1;14;[V f, U (2, f), U (14, y), T (32, c), Hoist_vars [c], T (3, h), T (4, x),  T (3, w), T (4, c), T (1, f), T (7, x), T (2, y), T (4, f)];148.44662237167358
115;ResNet18_6;0.4503991;0.009180052368587014;1;axe_out_channels_0,axe_yy_0,axe_xx_0,axe_out_channels_1;11;[V f, U (2, f), U (14, y), T (16, c), Hoist_vars [c], T (3, h), T (7, x),  T (3, w), T (8, c), T (4, f), T (4, x), T (2, y), T (1, f)];149.52643156051636
116;ResNet18_6;0.4626143;0.004063478880220742;2;axe_out_channels1_0,axe_yy1_0,axe_xx1_0,axe_out_channels1_1;7;[V f, U (4, f), ULambda y, U (3, h), T (32, c), Hoist_vars [c], T (14, x),  T (3, w), T (4, c), T (2, f), T (2, x),  Lambda_apply y [((Iter 2), (Arg 5)), ((Iter 3), (Arg 6))], T (1, f)];151.07876896858215
117;ResNet18_6;0.4219959999999999;0.004190405469641333;1;axe_xx_0;28;[V f, U (1, f), U (14, y), U (3, h), T (64, c), Hoist_vars [c], T (3, w),  T (28, x), T (2, c), T (1, f), T (2, y), T (8, f)];152.16254258155823
118;ResNet18_6;0.15224200000000002;0.00213190262441792;1;axe_out_channels_0,axe_yy_0,axe_xx_0,axe_out_channels_1;14;[V f, U (2, f), U (14, y), T (64, c), Hoist_vars [c], T (3, h), T (4, x),  T (3, w), T (2, c), T (4, f), T (7, x), T (2, y), T (1, f)];153.27615094184875
119;ResNet18_6;0.7223164000000001;0.006554859879509247;1;axe_out_channels_0,axe_yy_0,axe_xx_0,axe_out_channels_1;8;[V f, U (4, f), U (7, y), U (3, w), T (32, c), Hoist_vars [c], T (28, x),  T (3, h), T (4, c), T (2, f), T (1, x), T (4, y), T (1, f)];154.38315200805664
120;ResNet18_6;1.0115968;0.006758478642416505;1;axe_xx_0;28;[V f, U (1, f), U (14, y), U (3, h), T (16, c), Hoist_vars [c], T (3, w),  T (28, x), T (8, c), T (4, f), T (2, y), T (2, f)];155.49995017051697
121;ResNet18_6;0.6210197;0.004548383736009959;1;axe_xx_0;28;[V f, U (1, f), U (14, y), U (3, h), T (32, c), Hoist_vars [c], T (3, w),  T (28, x), T (4, c), T (1, f), T (2, y), T (8, f)];156.58829641342163
122;ResNet18_6;0.5121165000000001;0.00810860731876935;1;axe_out_channels_0,axe_yy_0,axe_xx_0,axe_out_channels_1;9;[V f, U (4, f), U (7, y), T (16, c), Hoist_vars [c], T (3, h), T (14, x),  T (3, w), T (8, c), T (2, f), T (2, x), T (4, y), T (1, f)];157.79521560668945
123;ResNet18_6;1.1267041999999998;0.006910982387475776;1;axe_out_channels_0,axe_yy_0,axe_xx_0,axe_out_channels_1;8;[V f, U (4, f), U (7, y), U (3, h), T (16, c), Hoist_vars [c], T (28, x),  T (3, w), T (8, c), T (2, f), T (1, x), T (4, y), T (1, f)];158.93311619758606
124;ResNet18_6;0.602532;0.004010744394747659;2;axe_xx1_0;28;[V f, U (1, f), ULambda y, U (3, h), T (64, c), Hoist_vars [c], T (3, w),  T (28, x), T (2, c), T (1, f),  Lambda_apply y [((Iter 2), (Arg 9)), ((Iter 1), (Arg 10))], T (8, f)];160.21477890014648
125;ResNet18_6;0.6467346;0.005804369254277345;1;axe_out_channels_0,axe_yy_0,axe_xx_0,axe_out_channels_1;8;[V f, U (2, f), U (14, y), T (16, c), Hoist_vars [c], T (3, h), T (28, x),  T (3, w), T (8, c), T (1, f), T (1, x), T (2, y), T (4, f)];161.30931854248047
126;ResNet18_6;0.18525979999999997;0.012121799716213764;1;axe_out_channels_0,axe_yy_0,axe_xx_0,axe_out_channels_1;14;[V f, U (2, f), U (14, y), T (64, c), Hoist_vars [c], T (3, h), T (4, x),  T (3, w), T (2, c), T (1, f), T (7, x), T (2, y), T (4, f)];162.42720484733582
127;ResNet18_6;0.3021004;0.009663553789367549;1;axe_out_channels_0,axe_yy_0,axe_xx_0,axe_out_channels_1;12;[V f, U (4, f), U (4, y), U (3, w), T (32, c), Hoist_vars [c], T (14, x),  T (3, h), T (4, c), T (1, f), T (2, x), T (7, y), T (2, f)];163.5865433216095
128;ResNet18_6;0.1959981;0.002521283183222386;2;axe_out_channels1_0,axe_yy1_0,axe_xx1_0,axe_out_channels1_1;11;[V f, U (2, f), ULambda y, T (64, c), Hoist_vars [c], T (3, h), T (7, x),  T (3, w), T (2, c), T (1, f), T (4, x),  Lambda_apply y [((Iter 2), (Arg 8)), ((Iter 1), (Arg 12))], T (4, f)];165.0581078529358
129;ResNet18_6;0.1825564;0.0015701648448491004;1;axe_out_channels_0,axe_yy_0,axe_xx_0,axe_out_channels_1;14;[V f, U (2, f), U (14, y), T (16, c), Hoist_vars [c], T (3, h), T (4, x),  T (3, w), T (8, c), T (4, f), T (7, x), T (2, y), T (1, f)];166.17047476768494
130;ResNet18_6;0.3061389;0.0014147700484530934;1;axe_out_channels_0,axe_yy_0,axe_xx_0,axe_out_channels_1;11;[V f, U (4, f), U (7, y), U (3, h), T (32, c), Hoist_vars [c], T (7, x),  T (3, w), T (4, c), T (1, f), T (4, x), T (4, y), T (2, f)];167.3512041568756
131;ResNet18_6;0.3775632;0.00492179349018221;1;axe_out_channels_0,axe_yy_0,axe_xx_0,axe_out_channels_1;9;[V f, U (4, f), U (7, y), U (3, w), T (32, c), Hoist_vars [c], T (14, x),  T (3, h), T (4, c), T (2, f), T (2, x), T (4, y), T (1, f)];168.58170771598816
132;ResNet18_6;1.1218842;0.010438719153229498;1;axe_out_channels_0,axe_yy_0,axe_xx_0,axe_out_channels_1;8;[V f, U (4, f), U (7, y), T (16, c), Hoist_vars [c], T (3, h), T (28, x),  T (3, w), T (8, c), T (1, f), T (1, x), T (4, y), T (2, f)];169.69014978408813
133;ResNet18_6;0.3056221;0.003036303458154339;2;axe_out_channels1_0,axe_yy1_0,axe_xx1_0,axe_out_channels1_1;10;[V f, U (2, f), ULambda y, T (32, c), Hoist_vars [c], T (3, h), T (7, x),  T (3, w), T (4, c), T (4, f), T (4, x),  Lambda_apply y [((Iter 1), (Arg 8)), ((Iter 2), (Arg 10))], T (1, f)];171.06455945968628
134;ResNet18_6;0.208658;0.0007043459377323063;1;axe_out_channels_0,axe_yy_0,axe_xx_0,axe_out_channels_1;9;[V f, U (4, f), U (7, y), U (3, w), T (64, c), Hoist_vars [c], T (14, x),  T (3, h), T (2, c), T (1, f), T (2, x), T (4, y), T (2, f)];172.33925199508667
135;ResNet18_6;0.4146693999999999;0.002125691238162303;2;axe_out_channels1_0,axe_yy1_0,axe_xx1_0,axe_out_channels1_1;9;[V f, U (2, f), ULambda y, U (3, h), T (32, c), Hoist_vars [c], T (14, x),  T (3, w), T (4, c), T (1, f), T (2, x),  Lambda_apply y [((Iter 2), (Arg 9)), ((Iter 1), (Arg 10))], T (4, f)];173.64133739471436
136;ResNet18_6;0.2535598;0.0033991973405496797;1;axe_out_channels_0,axe_yy_0,axe_xx_0,axe_out_channels_1;13;[V f, U (2, f), U (14, y), T (16, c), Hoist_vars [c], T (3, h), T (4, x),  T (3, w), T (8, c), T (2, f), T (7, x), T (2, y), T (2, f)];174.72799158096313
137;ResNet18_6;1.0330796;0.003681798207398091;1;axe_out_channels_0,axe_yy_0,axe_xx_0,axe_out_channels_1;8;[V f, U (4, f), U (7, y), T (16, c), Hoist_vars [c], T (3, h), T (28, x),  T (3, w), T (8, c), T (2, f), T (1, x), T (4, y), T (1, f)];175.82805252075195
138;ResNet18_6;0.18394870000000002;0.00038980534886017584;1;axe_out_channels_0,axe_yy_0,axe_xx_0,axe_out_channels_1;11;[V f, U (4, f), U (7, y), U (3, w), T (128, c), Hoist_vars [c], T (7, x),  T (3, h), T (1, c), T (1, f), T (4, x), T (4, y), T (2, f)];176.98455286026
139;ResNet18_6;1.0055332999999997;0.005509184659275824;2;axe_out_channels1_0,axe_yy1_0,axe_xx1_0,axe_out_channels1_1;7;[V f, U (2, f), ULambda y, T (32, c), Hoist_vars [c], T (3, h), T (28, x),  T (3, w), T (4, c), T (4, f), T (1, x),  Lambda_apply y [((Iter 1), (Arg 8)), ((Iter 2), (Arg 10))], T (1, f)];178.3194658756256
140;ResNet18_6;0.21008369999999998;0.0011395580766244504;1;axe_out_channels_0,axe_yy_0,axe_xx_0,axe_out_channels_1;10;[V f, U (2, f), U (14, y), T (32, c), Hoist_vars [c], T (3, h), T (7, x),  T (3, w), T (4, c), T (2, f), T (4, x), T (2, y), T (2, f)];179.37884974479675
141;ResNet18_6;0.4409063;0.005147574905720166;1;axe_out_channels_0,axe_yy_0,axe_xx_0,axe_out_channels_1;9;[V f, U (4, f), U (7, y), U (3, h), T (32, c), Hoist_vars [c], T (14, x),  T (3, w), T (4, c), T (2, f), T (2, x), T (4, y), T (1, f)];180.59454584121704
142;ResNet18_6;0.22364679999999998;0.003218128145366493;2;axe_out_channels1_0,axe_yy1_0,axe_xx1_0,axe_out_channels1_1;11;[V f, U (2, f), ULambda y, U (3, h), T (64, c), Hoist_vars [c], T (7, x),  T (3, w), T (2, c), T (4, f), T (4, x),  Lambda_apply y [((Iter 2), (Arg 9)), ((Iter 1), (Arg 10))], T (1, f)];181.97323966026306
143;ResNet18_6;0.44368470000000004;0.0015330595585299463;2;axe_out_channels1_0,axe_yy1_0,axe_xx1_0,axe_out_channels1_1;10;[V f, U (2, f), ULambda y, T (32, c), Hoist_vars [c], T (3, h), T (7, x),  T (3, w), T (4, c), T (1, f), T (4, x),  Lambda_apply y [((Iter 1), (Arg 13)), ((Iter 1), (Arg 15))], T (4, f)];183.25440859794617
144;ResNet18_6;0.7594149;0.0061237227149831056;2;axe_out_channels1_0,axe_yy1_0,axe_xx1_0,axe_out_channels1_1;9;[V f, U (2, f), ULambda y, U (3, h), T (32, c), Hoist_vars [c], T (14, x),  T (3, w), T (4, c), T (4, f), T (2, x),  Lambda_apply y [((Iter 2), (Arg 9)), ((Iter 1), (Arg 10))], T (1, f)];184.54654741287231
145;ResNet18_6;0.3787597;0.003462468947153169;1;axe_out_channels_0,axe_yy_0,axe_xx_0,axe_out_channels_1;9;[V f, U (4, f), U (7, y), T (16, c), Hoist_vars [c], T (3, h), T (14, x),  T (3, w), T (8, c), T (1, f), T (2, x), T (4, y), T (2, f)];185.77175855636597
146;ResNet18_6;0.5952379000000001;0.006517488833131988;2;axe_xx1_0;28;[V f, U (1, f), ULambda y, U (3, h), T (64, c), Hoist_vars [c], T (3, w),  T (28, x), T (2, c), T (2, f),  Lambda_apply y [((Iter 2), (Arg 9)), ((Iter 1), (Arg 10))], T (4, f)];187.0158770084381
147;ResNet18_6;0.2621419;0.000868291362389364;2;axe_out_channels1_0,axe_yy1_0,axe_xx1_0,axe_out_channels1_1;7;[V f, U (4, f), ULambda y, U (3, w), T (64, c), Hoist_vars [c], T (14, x),  T (3, h), T (2, c), T (1, f), T (2, x),  Lambda_apply y [((Iter 2), (Arg 5)), ((Iter 3), (Arg 6))], T (2, f)];188.61727356910706
148;ResNet18_6;0.9967952;0.005048863590947943;2;axe_out_channels1_0,axe_yy1_0,axe_xx1_0,axe_out_channels1_1;6;[V f, U (2, f), ULambda y, T (32, c), Hoist_vars [c], T (3, h), T (28, x),  T (3, w), T (4, c), T (2, f), T (1, x),  Lambda_apply y [((Iter 1), (Arg 8)), ((Iter 2), (Arg 10))], T (2, f)];189.955313205719
149;ResNet18_6;0.1876706;0.0003976868617392332;1;axe_out_channels_0,axe_yy_0,axe_xx_0,axe_out_channels_1;9;[V f, U (4, f), U (7, y), U (3, w), T (128, c), Hoist_vars [c], T (14, x),  T (3, h), T (1, c), T (1, f), T (2, x), T (4, y), T (2, f)];191.22111129760742
150;ResNet18_6;0.20588490000000004;0.000685358657930286;1;axe_out_channels_0,axe_yy_0,axe_xx_0,axe_out_channels_1;11;[V f, U (4, f), U (7, y), U (3, w), T (64, c), Hoist_vars [c], T (7, x),  T (3, h), T (2, c), T (1, f), T (4, x), T (4, y), T (2, f)];192.39236211776733
151;ResNet18_6;0.8685778;0.01010064513583165;2;axe_xx1_0;28;[V f, U (1, f), ULambda y, U (3, h), T (32, c), Hoist_vars [c], T (3, w),  T (28, x), T (4, c), T (4, f),  Lambda_apply y [((Iter 2), (Arg 9)), ((Iter 1), (Arg 10))], T (2, f)];193.71166229248047
152;ResNet18_6;0.26919699999999996;0.0051088618497665385;1;axe_out_channels_0,axe_yy_0,axe_xx_0,axe_out_channels_1;11;[V f, U (2, f), U (14, y), T (64, c), Hoist_vars [c], T (3, h), T (7, x),  T (3, w), T (2, c), T (4, f), T (4, x), T (2, y), T (1, f)];194.7698118686676
153;ResNet18_6;0.5946897;0.004979114480507561;2;axe_xx1_0;28;[V f, U (1, f), ULambda y, U (3, h), T (64, c), Hoist_vars [c], T (3, w),  T (28, x), T (2, c), T (8, f),  Lambda_apply y [((Iter 2), (Arg 9)), ((Iter 1), (Arg 10))], T (1, f)];196.03891777992249
154;ResNet18_6;0.7967628;0.0057807515912725125;2;axe_out_channels1_0,axe_yy1_0,axe_xx1_0,axe_out_channels1_1;8;[V f, U (2, f), ULambda y, T (32, c), Hoist_vars [c], T (3, h), T (14, x),  T (3, w), T (4, c), T (2, f), T (2, x),  Lambda_apply y [((Iter 2), (Arg 8)), ((Iter 1), (Arg 12))], T (2, f)];197.2967128753662
155;ResNet18_6;0.43515519999999996;0.003768345148735718;1;axe_xx_0;28;[V f, U (1, f), U (14, y), U (3, h), T (64, c), Hoist_vars [c], T (3, w),  T (28, x), T (2, c), T (8, f), T (2, y), T (1, f)];198.3624119758606
156;ResNet18_6;0.2655903;0.0028665108075847188;1;axe_out_channels_0,axe_yy_0,axe_xx_0,axe_out_channels_1;11;[V f, U (2, f), U (14, y), T (64, c), Hoist_vars [c], T (3, h), T (7, x),  T (3, w), T (2, c), T (1, f), T (4, x), T (2, y), T (4, f)];199.4235758781433
157;ResNet18_6;0.3402363;0.0036275473270517165;1;axe_out_channels_0,axe_yy_0,axe_xx_0,axe_out_channels_1;11;[V f, U (2, f), U (14, y), T (32, c), Hoist_vars [c], T (3, h), T (7, x),  T (3, w), T (4, c), T (4, f), T (4, x), T (2, y), T (1, f)];200.47272944450378
158;ResNet18_6;1.1322182;0.009728272516742102;2;axe_out_channels1_0,axe_yy1_0,axe_xx1_0,axe_out_channels1_1;8;[V f, U (2, f), ULambda y, T (32, c), Hoist_vars [c], T (3, h), T (14, x),  T (3, w), T (4, c), T (4, f), T (2, x),  Lambda_apply y [((Iter 1), (Arg 13)), ((Iter 1), (Arg 15))], T (1, f)];201.78375482559204
159;ResNet18_6;0.35917229999999994;0.005411536104471634;2;axe_out_channels1_0,axe_yy1_0,axe_xx1_0,axe_out_channels1_1;10;[V f, U (2, f), ULambda y, T (64, c), Hoist_vars [c], T (3, h), T (7, x),  T (3, w), T (2, c), T (1, f), T (4, x),  Lambda_apply y [((Iter 1), (Arg 13)), ((Iter 1), (Arg 15))], T (4, f)];203.0351047515869
160;ResNet18_6;0.5801810000000001;0.012259886353469987;2;axe_out_channels1_0,axe_yy1_0,axe_xx1_0,axe_out_channels1_1;9;[V f, U (2, f), ULambda y, T (64, c), Hoist_vars [c], T (3, h), T (7, x),  T (3, w), T (2, c), T (2, f), T (4, x),  Lambda_apply y [((Iter 1), (Arg 13)), ((Iter 1), (Arg 15))], T (2, f)];204.32426500320435
161;ResNet18_6;0.6204933;0.002739747033943073;1;axe_xx_0;28;[V f, U (1, f), U (14, y), U (3, h), T (32, c), Hoist_vars [c], T (3, w),  T (28, x), T (4, c), T (4, f), T (2, y), T (2, f)];205.41500282287598
162;ResNet18_6;0.7041761;0.009835688877246982;2;axe_out_channels1_0,axe_yy1_0,axe_xx1_0,axe_out_channels1_1;9;[V f, U (2, f), ULambda y, T (32, c), Hoist_vars [c], T (3, h), T (7, x),  T (3, w), T (4, c), T (2, f), T (4, x),  Lambda_apply y [((Iter 1), (Arg 13)), ((Iter 1), (Arg 15))], T (2, f)];206.68884325027466
163;ResNet18_6;0.1879389;0.0038159342879562283;2;axe_out_channels1_0,axe_yy1_0,axe_xx1_0,axe_out_channels1_1;11;[V f, U (2, f), ULambda y, T (64, c), Hoist_vars [c], T (3, h), T (7, x),  T (3, w), T (2, c), T (1, f), T (4, x),  Lambda_apply y [((Iter 2), (Arg 9)), ((Iter 1), (Arg 10))], T (4, f)];208.15177035331726
164;ResNet18_6;1.0211535;0.005949198908256457;1;axe_xx_0;28;[V f, U (1, f), U (14, y), U (3, h), T (16, c), Hoist_vars [c], T (3, w),  T (28, x), T (8, c), T (2, f), T (2, y), T (4, f)];209.26466608047485
165;ResNet18_6;0.7326474000000001;0.0025087291683240707;2;axe_out_channels1_0,axe_yy1_0,axe_xx1_0,axe_out_channels1_1;6;[V f, U (4, f), ULambda y, U (3, w), T (128, c), Hoist_vars [c], T (28, x),  T (3, h), T (1, c), T (2, f), T (1, x),  Lambda_apply y [((Iter 2), (Arg 5)), ((Iter 3), (Arg 6))], T (1, f)];210.5982847213745
