IdRun;NameConv;Time(ms);std;NbMicroKernel;AxeFuse;SizeAxeFuse;Schema
0;ResNet18_1;0.39785718666666664;0.09394230998803374;2;axe_out_channels1_0,axe_yy1_0,axe_xx1_1;65;[V f, U (2, f), ULambda y, T (3, c), Hoist_vars [c], T (1, x), T (7, w),  T (7, h), T (56, x),  Lambda_apply y [((Iter 7), (Arg 8)), ((Iter 4), (Arg 14))], T (2, f),  T (1, c), T (2, x)]
1;ResNet18_1;0.17829008666666665;0.0014688451328396291;2;axe_xx1_0;28;[V f, U (2, f), ULambda y, T (3, c), Hoist_vars [c], T (4, x), T (7, w),  T (7, h), T (1, x),  Lambda_apply y [((Iter 1), (Arg 8)), ((Iter 8), (Arg 13))], T (2, f),  T (1, c), T (28, x)]
2;ResNet18_1;6.911132426666667;0.8030249629116142;2;axe_out_channels1_0,axe_yy1_0,axe_xx1_1;10;[V f, U (2, f), ULambda y, T (3, c), Hoist_vars [c], T (28, x), T (7, w),  T (7, h), T (1, x),  Lambda_apply y [((Iter 7), (Arg 8)), ((Iter 4), (Arg 14))], T (2, f),  T (1, c), T (4, x)]
3;ResNet18_1;1.61574015;0.16697993656471713;2;axe_out_channels1_0,axe_yy1_0,axe_xx1_1;20;[V f, U (2, f), ULambda y, T (3, c), Hoist_vars [c], T (16, x), T (7, w),  T (7, h), T (7, x),  Lambda_apply y [((Iter 11), (Arg 9)), ((Iter 1), (Arg 13))], T (2, f),  T (1, c), T (1, x)]
4;ResNet18_1;2.41872487;0.5171355618677166;2;axe_out_channels1_0,axe_yy1_0,axe_xx1_1;7;[V f, U (2, f), ULambda y, T (3, c), Hoist_vars [c], T (56, x), T (7, w),  T (7, h), T (2, x),  Lambda_apply y [((Iter 3), (Arg 8)), ((Iter 8), (Arg 11))], T (2, f),  T (1, c), T (1, x)]
5;ResNet18_1;2.0690293333333334;0.05204000856940757;1;axe_out_channels_0,axe_yy_0,axe_xx_1;20;[V f, U (2, f), U (8, y), T (3, c), Hoist_vars [c], T (28, x), T (7, w),  T (7, h), T (4, x), T (14, y), T (2, f), T (1, c), T (1, x)]
6;ResNet18_1;1.0820721033333334;0.24937043091929342;2;axe_out_channels1_0,axe_yy1_0,axe_xx1_1;11;[V f, U (2, f), ULambda y, T (3, c), Hoist_vars [c], T (7, x), T (7, w),  T (7, h), T (2, x),  Lambda_apply y [((Iter 7), (Arg 8)), ((Iter 4), (Arg 14))], T (2, f),  T (1, c), T (8, x)]
7;ResNet18_1;3.3646132433333333;0.2837552056797565;2;axe_out_channels1_0,axe_yy1_0,axe_xx1_1;15;[V f, U (2, f), ULambda y, T (1, c), Hoist_vars [c], T (14, x), T (7, w),  T (7, h), T (8, x),  Lambda_apply y [((Iter 5), (Arg 8)), ((Iter 8), (Arg 9))], T (2, f),  T (3, c), T (1, x)]
8;ResNet18_1;3.03558584;0.2849463010791884;1;axe_out_channels_0,axe_yy_0,axe_xx_1;17;[V f, U (2, f), U (8, y), T (3, c), Hoist_vars [c], T (56, x), T (7, w),  T (7, h), T (1, x), T (14, y), T (2, f), T (1, c), T (2, x)]
9;ResNet18_1;0.18957596333333332;0.010436664782321225;2;axe_xx1_0;112;[V f, U (2, f), ULambda y, T (3, c), Hoist_vars [c], T (1, x), T (7, w),  T (7, h), T (1, x),  Lambda_apply y [((Iter 7), (Arg 10)), ((Iter 3), (Arg 14))], T (2, f),  T (1, c), T (112, x)]
10;ResNet18_1;0.23736955666666665;0.04258389440902393;1;axe_out_channels_0,axe_yy_0,axe_xx_1;72;[V f, U (2, f), U (8, y), T (3, c), Hoist_vars [c], T (2, x), T (7, w),  T (7, h), T (56, x), T (14, y), T (2, f), T (1, c), T (1, x)]
11;ResNet18_1;0.55435817;0.003519679106189164;2;axe_xx1_0;16;[V f, U (2, f), ULambda y, T (1, c), Hoist_vars [c], T (7, x), T (7, w),  T (7, h), T (1, x),  Lambda_apply y [((Iter 5), (Arg 8)), ((Iter 8), (Arg 9))], T (2, f),  T (3, c), T (16, x)]
12;ResNet18_1;0.3646923833333333;0.051729888670364245;2;axe_xx1_0;112;[V f, U (2, f), ULambda y, T (1, c), Hoist_vars [c], T (1, x), T (7, w),  T (7, h), T (1, x),  Lambda_apply y [((Iter 9), (Arg 10)), ((Iter 2), (Arg 11))], T (2, f),  T (3, c), T (112, x)]
13;ResNet18_1;0.16517094333333332;0.0014422141858229387;2;axe_xx1_0;56;[V f, U (2, f), ULambda y, T (3, c), Hoist_vars [c], T (2, x), T (7, w),  T (7, h), T (1, x),  Lambda_apply y [((Iter 5), (Arg 8)), ((Iter 8), (Arg 9))], T (2, f),  T (1, c), T (56, x)]
14;ResNet18_1;1.5469612833333333;0.48841449245627105;2;axe_out_channels1_0,axe_yy1_0,axe_xx1_1;19;[V f, U (2, f), ULambda y, T (1, c), Hoist_vars [c], T (1, x), T (7, w),  T (7, h), T (8, x),  Lambda_apply y [((Iter 9), (Arg 10)), ((Iter 2), (Arg 11))], T (2, f),  T (3, c), T (14, x)]
15;ResNet18_1;0.46975675;0.0708079460732092;2;axe_out_channels1_0,axe_yy1_0,axe_xx1_1;117;[V f, U (2, f), ULambda y, T (3, c), Hoist_vars [c], T (1, x), T (7, w),  T (7, h), T (112, x),  Lambda_apply y [((Iter 3), (Arg 8)), ((Iter 8), (Arg 11))], T (2, f),  T (1, c), T (1, x)]
16;ResNet18_1;0.4074932733333333;0.08568795927017439;2;axe_xx1_0;28;[V f, U (2, f), ULambda y, T (1, c), Hoist_vars [c], T (1, x), T (7, w),  T (7, h), T (4, x),  Lambda_apply y [((Iter 7), (Arg 12)), ((Iter 2), (Arg 14))], T (2, f),  T (3, c), T (28, x)]
17;ResNet18_1;0.36325173;0.06767303255952511;2;axe_xx1_0;28;[V f, U (2, f), ULambda y, T (1, c), Hoist_vars [c], T (1, x), T (7, w),  T (7, h), T (4, x),  Lambda_apply y [((Iter 7), (Arg 10)), ((Iter 3), (Arg 14))], T (2, f),  T (3, c), T (28, x)]
18;ResNet18_1;3.6219863100000005;0.542348769713194;2;axe_out_channels1_0,axe_yy1_0,axe_xx1_1;12;[V f, U (2, f), ULambda y, T (1, c), Hoist_vars [c], T (16, x), T (7, w),  T (7, h), T (7, x),  Lambda_apply y [((Iter 3), (Arg 8)), ((Iter 8), (Arg 11))], T (2, f),  T (3, c), T (1, x)]
19;ResNet18_1;0.3068859133333333;0.03546348976816143;1;axe_xx_0;28;[V f, U (2, f), U (8, y), T (1, c), Hoist_vars [c], T (4, x), T (7, w),  T (7, h), T (1, x), T (14, y), T (2, f), T (3, c), T (28, x)]
20;ResNet18_1;0.6024101866666667;0.1940240242720274;2;axe_out_channels1_0,axe_yy1_0,axe_xx1_1;37;[V f, U (2, f), ULambda y, T (3, c), Hoist_vars [c], T (1, x), T (7, w),  T (7, h), T (28, x),  Lambda_apply y [((Iter 7), (Arg 8)), ((Iter 4), (Arg 14))], T (2, f),  T (1, c), T (4, x)]
21;ResNet18_1;0.8387133133333332;0.22710622668667102;2;axe_out_channels1_0,axe_yy1_0,axe_xx1_1;23;[V f, U (2, f), ULambda y, T (3, c), Hoist_vars [c], T (1, x), T (7, w),  T (7, h), T (16, x),  Lambda_apply y [((Iter 5), (Arg 12)), ((Iter 4), (Arg 13))], T (2, f),  T (1, c), T (7, x)]
22;ResNet18_1;0.16547544333333336;0.001443811722417058;2;axe_xx1_0;56;[V f, U (2, f), ULambda y, T (3, c), Hoist_vars [c], T (2, x), T (7, w),  T (7, h), T (1, x),  Lambda_apply y [((Iter 5), (Arg 8)), ((Iter 8), (Arg 9))], T (2, f),  T (1, c), T (56, x)]
23;ResNet18_1;0.6829043233333334;0.1631507584897192;2;axe_out_channels1_0,axe_yy1_0,axe_xx1_1;69;[V f, U (2, f), ULambda y, T (1, c), Hoist_vars [c], T (2, x), T (7, w),  T (7, h), T (56, x),  Lambda_apply y [((Iter 11), (Arg 9)), ((Iter 1), (Arg 13))], T (2, f),  T (3, c), T (1, x)]
24;ResNet18_1;0.7260018433333333;0.19939172622476486;2;axe_out_channels1_0,axe_yy1_0,axe_xx1_1;39;[V f, U (2, f), ULambda y, T (1, c), Hoist_vars [c], T (2, x), T (7, w),  T (7, h), T (28, x),  Lambda_apply y [((Iter 9), (Arg 11)), ((Iter 1), (Arg 13))], T (2, f),  T (3, c), T (2, x)]
25;ResNet18_1;2.332881926666667;0.34051883528952137;2;axe_out_channels1_0,axe_yy1_0,axe_xx1_1;17;[V f, U (2, f), ULambda y, T (3, c), Hoist_vars [c], T (14, x), T (7, w),  T (7, h), T (8, x),  Lambda_apply y [((Iter 7), (Arg 12)), ((Iter 2), (Arg 14))], T (2, f),  T (1, c), T (1, x)]
26;ResNet18_1;0.32736736666666666;0.04015702576024385;2;axe_xx1_0;56;[V f, U (2, f), ULambda y, T (1, c), Hoist_vars [c], T (1, x), T (7, w),  T (7, h), T (2, x),  Lambda_apply y [((Iter 7), (Arg 8)), ((Iter 4), (Arg 14))], T (2, f),  T (3, c), T (56, x)]
27;ResNet18_1;4.583931379999999;0.41682869359392866;1;axe_out_channels_0,axe_yy_0,axe_xx_1;18;[V f, U (2, f), U (14, y), T (1, c), Hoist_vars [c], T (14, x), T (7, w),  T (7, h), T (8, x), T (8, y), T (2, f), T (3, c), T (1, x)]
28;ResNet18_1;0.17381512333333332;0.0014086691365375072;2;axe_xx1_0;28;[V f, U (2, f), ULambda y, T (3, c), Hoist_vars [c], T (1, x), T (7, w),  T (7, h), T (4, x),  Lambda_apply y [((Iter 9), (Arg 10)), ((Iter 2), (Arg 11))], T (2, f),  T (1, c), T (28, x)]
29;ResNet18_1;0.9806180266666666;0.2667919922596044;2;axe_out_channels1_0,axe_yy1_0,axe_xx1_1;59;[V f, U (2, f), ULambda y, T (1, c), Hoist_vars [c], T (1, x), T (7, w),  T (7, h), T (56, x),  Lambda_apply y [((Iter 1), (Arg 8)), ((Iter 8), (Arg 13))], T (2, f),  T (3, c), T (2, x)]
30;ResNet18_1;0.34264870666666664;0.053229737542909855;2;axe_xx1_0;28;[V f, U (2, f), ULambda y, T (1, c), Hoist_vars [c], T (4, x), T (7, w),  T (7, h), T (1, x),  Lambda_apply y [((Iter 7), (Arg 8)), ((Iter 4), (Arg 14))], T (2, f),  T (3, c), T (28, x)]
31;ResNet18_1;4.339695963333333;0.19372613953559756;2;axe_out_channels1_0,axe_yy1_0,axe_xx1_1;11;[V f, U (2, f), ULambda y, T (1, c), Hoist_vars [c], T (7, x), T (7, w),  T (7, h), T (4, x),  Lambda_apply y [((Iter 5), (Arg 12)), ((Iter 4), (Arg 13))], T (2, f),  T (3, c), T (4, x)]
32;ResNet18_1;0.7648365233333335;0.05238076613131764;1;axe_out_channels_0,axe_yy_0,axe_xx_1;20;[V f, U (2, f), U (8, y), T (3, c), Hoist_vars [c], T (7, x), T (7, w),  T (7, h), T (4, x), T (14, y), T (2, f), T (1, c), T (4, x)]
33;ResNet18_1;0.7692767500000001;0.09308850695341775;2;axe_out_channels1_0,axe_yy1_0,axe_xx1_1;25;[V f, U (2, f), ULambda y, T (3, c), Hoist_vars [c], T (7, x), T (7, w),  T (7, h), T (16, x),  Lambda_apply y [((Iter 7), (Arg 12)), ((Iter 2), (Arg 14))], T (2, f),  T (1, c), T (1, x)]
34;ResNet18_1;4.066698623333333;0.4632050153374933;2;axe_out_channels1_0,axe_yy1_0,axe_xx1_1;12;[V f, U (2, f), ULambda y, T (3, c), Hoist_vars [c], T (14, x), T (7, w),  T (7, h), T (1, x),  Lambda_apply y [((Iter 9), (Arg 10)), ((Iter 2), (Arg 11))], T (2, f),  T (1, c), T (8, x)]
35;ResNet18_1;0.5896824633333333;0.16765963804753464;2;axe_out_channels1_0,axe_yy1_0,axe_xx1_1;33;[V f, U (2, f), ULambda y, T (3, c), Hoist_vars [c], T (1, x), T (7, w),  T (7, h), T (28, x),  Lambda_apply y [((Iter 3), (Arg 8)), ((Iter 8), (Arg 11))], T (2, f),  T (1, c), T (4, x)]
36;ResNet18_1;0.3310222566666667;0.05890400617551699;2;axe_out_channels1_0,axe_yy1_0,axe_xx1_1;67;[V f, U (2, f), ULambda y, T (3, c), Hoist_vars [c], T (2, x), T (7, w),  T (7, h), T (56, x),  Lambda_apply y [((Iter 9), (Arg 10)), ((Iter 2), (Arg 11))], T (2, f),  T (1, c), T (1, x)]
37;ResNet18_1;0.34874062666666666;0.020220677624664844;2;axe_xx1_0;16;[V f, U (2, f), ULambda y, T (3, c), Hoist_vars [c], T (7, x), T (7, w),  T (7, h), T (1, x),  Lambda_apply y [((Iter 5), (Arg 8)), ((Iter 8), (Arg 9))], T (2, f),  T (1, c), T (16, x)]
38;ResNet18_1;0.33528227333333327;0.05541004495680423;2;axe_xx1_0;56;[V f, U (2, f), ULambda y, T (1, c), Hoist_vars [c], T (2, x), T (7, w),  T (7, h), T (1, x),  Lambda_apply y [((Iter 9), (Arg 11)), ((Iter 1), (Arg 13))], T (2, f),  T (3, c), T (56, x)]
39;ResNet18_1;0.46486067999999997;0.10504671897408865;1;axe_out_channels_0,axe_yy_0,axe_xx_1;33;[V f, U (4, f), U (7, y), T (3, c), Hoist_vars [c], T (1, x), T (7, w),  T (7, h), T (16, x), T (16, y), T (1, f), T (1, c), T (7, x)]
40;ResNet18_1;1.2610799933333334;0.2516088725514556;2;axe_out_channels1_0,axe_yy1_0,axe_xx1_1;11;[V f, U (2, f), ULambda y, T (3, c), Hoist_vars [c], T (7, x), T (7, w),  T (7, h), T (2, x),  Lambda_apply y [((Iter 7), (Arg 8)), ((Iter 4), (Arg 14))], T (2, f),  T (1, c), T (8, x)]
41;ResNet18_1;5.627200603333334;0.24569020981202924;2;axe_out_channels1_0,axe_yy1_0,axe_xx1_1;7;[V f, U (2, f), ULambda y, T (1, c), Hoist_vars [c], T (56, x), T (7, w),  T (7, h), T (2, x),  Lambda_apply y [((Iter 3), (Arg 8)), ((Iter 8), (Arg 11))], T (2, f),  T (3, c), T (1, x)]
42;ResNet18_1;0.73410438;0.17228176780152085;2;axe_xx1_0;14;[V f, U (2, f), ULambda y, T (1, c), Hoist_vars [c], T (2, x), T (7, w),  T (7, h), T (4, x),  Lambda_apply y [((Iter 7), (Arg 10)), ((Iter 3), (Arg 14))], T (2, f),  T (3, c), T (14, x)]
43;ResNet18_1;1.2579908866666667;0.291150707115506;2;axe_out_channels1_0,axe_yy1_0,axe_xx1_1;14;[V f, U (2, f), ULambda y, T (3, c), Hoist_vars [c], T (16, x), T (7, w),  T (7, h), T (7, x),  Lambda_apply y [((Iter 5), (Arg 8)), ((Iter 8), (Arg 9))], T (2, f),  T (1, c), T (1, x)]
44;ResNet18_1;0.7613173866666667;0.14222954647557992;2;axe_xx1_0;14;[V f, U (2, f), ULambda y, T (1, c), Hoist_vars [c], T (8, x), T (7, w),  T (7, h), T (1, x),  Lambda_apply y [((Iter 11), (Arg 9)), ((Iter 1), (Arg 13))], T (2, f),  T (3, c), T (14, x)]
45;ResNet18_1;0.36475157333333336;0.07600779492127371;2;axe_out_channels1_0,axe_yy1_0,axe_xx1_1;119;[V f, U (2, f), ULambda y, T (3, c), Hoist_vars [c], T (1, x), T (7, w),  T (7, h), T (112, x),  Lambda_apply y [((Iter 5), (Arg 8)), ((Iter 8), (Arg 9))], T (2, f),  T (1, c), T (1, x)]
46;ResNet18_1;3.1812395166666665;0.2424241645244366;1;axe_out_channels_0,axe_yy_0,axe_xx_1;11;[V f, U (2, f), U (14, y), T (3, c), Hoist_vars [c], T (56, x), T (7, w),  T (7, h), T (1, x), T (8, y), T (2, f), T (1, c), T (2, x)]
47;ResNet18_1;0.8483446833333332;0.25825208297618446;2;axe_out_channels1_0,axe_yy1_0,axe_xx1_1;23;[V f, U (2, f), ULambda y, T (3, c), Hoist_vars [c], T (1, x), T (7, w),  T (7, h), T (14, x),  Lambda_apply y [((Iter 7), (Arg 12)), ((Iter 2), (Arg 14))], T (2, f),  T (1, c), T (8, x)]
48;ResNet18_1;5.638221256666667;0.04381966592665146;1;axe_out_channels_0,axe_yy_0,axe_xx_1;18;[V f, U (4, f), U (7, y), T (1, c), Hoist_vars [c], T (56, x), T (7, w),  T (7, h), T (1, x), T (16, y), T (1, f), T (3, c), T (2, x)]
49;ResNet18_1;1.4517852766666668;0.25786527622174943;2;axe_out_channels1_0,axe_yy1_0,axe_xx1_1;14;[V f, U (2, f), ULambda y, T (3, c), Hoist_vars [c], T (16, x), T (7, w),  T (7, h), T (7, x),  Lambda_apply y [((Iter 5), (Arg 8)), ((Iter 8), (Arg 9))], T (2, f),  T (1, c), T (1, x)]
50;ResNet18_1;0.4486166233333334;0.018033733373801025;2;axe_xx1_0;112;[V f, U (2, f), ULambda y, T (1, c), Hoist_vars [c], T (1, x), T (7, w),  T (7, h), T (1, x),  Lambda_apply y [((Iter 1), (Arg 8)), ((Iter 8), (Arg 13))], T (2, f),  T (3, c), T (112, x)]
51;ResNet18_1;0.8345202866666666;0.20407976857674226;2;axe_out_channels1_0,axe_yy1_0,axe_xx1_1;33;[V f, U (2, f), ULambda y, T (1, c), Hoist_vars [c], T (2, x), T (7, w),  T (7, h), T (28, x),  Lambda_apply y [((Iter 3), (Arg 8)), ((Iter 8), (Arg 11))], T (2, f),  T (3, c), T (2, x)]
52;ResNet18_1;1.4351632466666666;0.22436564448461707;2;axe_out_channels1_0,axe_yy1_0,axe_xx1_1;17;[V f, U (2, f), ULambda y, T (3, c), Hoist_vars [c], T (7, x), T (7, w),  T (7, h), T (8, x),  Lambda_apply y [((Iter 7), (Arg 8)), ((Iter 4), (Arg 14))], T (2, f),  T (1, c), T (2, x)]
53;ResNet18_1;0.20032367666666667;0.010736250697955247;2;axe_xx1_0;56;[V f, U (2, f), ULambda y, T (3, c), Hoist_vars [c], T (1, x), T (7, w),  T (7, h), T (2, x),  Lambda_apply y [((Iter 7), (Arg 8)), ((Iter 4), (Arg 14))], T (2, f),  T (1, c), T (56, x)]
54;ResNet18_1;0.7192507366666666;0.1413661172401643;2;axe_xx1_0;16;[V f, U (2, f), ULambda y, T (1, c), Hoist_vars [c], T (7, x), T (7, w),  T (7, h), T (1, x),  Lambda_apply y [((Iter 9), (Arg 10)), ((Iter 2), (Arg 11))], T (2, f),  T (3, c), T (16, x)]
55;ResNet18_1;0.45637345333333335;0.057981677484303815;1;axe_xx_0;56;[V f, U (4, f), U (7, y), T (1, c), Hoist_vars [c], T (1, x), T (7, w),  T (7, h), T (2, x), T (16, y), T (1, f), T (3, c), T (56, x)]
56;ResNet18_1;2.0340824266666666;0.3747901340000762;2;axe_out_channels1_0,axe_yy1_0,axe_xx1_1;11;[V f, U (2, f), ULambda y, T (3, c), Hoist_vars [c], T (7, x), T (7, w),  T (7, h), T (4, x),  Lambda_apply y [((Iter 5), (Arg 12)), ((Iter 4), (Arg 13))], T (2, f),  T (1, c), T (4, x)]
57;ResNet18_1;1.7342870233333336;0.5361952028939656;2;axe_xx1_0;16;[V f, U (2, f), ULambda y, T (1, c), Hoist_vars [c], T (1, x), T (7, w),  T (7, h), T (7, x),  Lambda_apply y [((Iter 5), (Arg 8)), ((Iter 8), (Arg 9))], T (2, f),  T (3, c), T (16, x)]
58;ResNet18_1;1.3709968900000002;0.26543335477167107;2;axe_out_channels1_0,axe_yy1_0,axe_xx1_1;17;[V f, U (2, f), ULambda y, T (3, c), Hoist_vars [c], T (7, x), T (7, w),  T (7, h), T (8, x),  Lambda_apply y [((Iter 7), (Arg 10)), ((Iter 3), (Arg 14))], T (2, f),  T (1, c), T (2, x)]
59;ResNet18_1;3.249249663333334;0.5984494191917342;2;axe_out_channels1_0,axe_yy1_0,axe_xx1_1;15;[V f, U (2, f), ULambda y, T (1, c), Hoist_vars [c], T (7, x), T (7, w),  T (7, h), T (4, x),  Lambda_apply y [((Iter 9), (Arg 10)), ((Iter 2), (Arg 11))], T (2, f),  T (3, c), T (4, x)]
60;ResNet18_1;6.572047406666667;0.024700224524583828;2;axe_out_channels1_0,axe_yy1_0,axe_xx1_1;11;[V f, U (2, f), ULambda y, T (1, c), Hoist_vars [c], T (56, x), T (7, w),  T (7, h), T (2, x),  Lambda_apply y [((Iter 7), (Arg 12)), ((Iter 2), (Arg 14))], T (2, f),  T (3, c), T (1, x)]
61;ResNet18_1;1.6025792133333332;0.44362981128848494;2;axe_out_channels1_0,axe_yy1_0,axe_xx1_1;18;[V f, U (2, f), ULambda y, T (1, c), Hoist_vars [c], T (1, x), T (7, w),  T (7, h), T (7, x),  Lambda_apply y [((Iter 9), (Arg 10)), ((Iter 2), (Arg 11))], T (2, f),  T (3, c), T (16, x)]
62;ResNet18_1;3.435038396666667;0.9326847418701527;2;axe_out_channels1_0,axe_yy1_0,axe_xx1_1;9;[V f, U (2, f), ULambda y, T (3, c), Hoist_vars [c], T (56, x), T (7, w),  T (7, h), T (2, x),  Lambda_apply y [((Iter 5), (Arg 12)), ((Iter 4), (Arg 13))], T (2, f),  T (1, c), T (1, x)]
63;ResNet18_1;0.18234229666666668;0.0015230187507016626;2;axe_xx1_0;28;[V f, U (2, f), ULambda y, T (3, c), Hoist_vars [c], T (2, x), T (7, w),  T (7, h), T (2, x),  Lambda_apply y [((Iter 5), (Arg 12)), ((Iter 4), (Arg 13))], T (2, f),  T (1, c), T (28, x)]
64;ResNet18_1;0.59674998;0.10427326947021488;1;axe_out_channels_0,axe_yy_0,axe_xx_1;17;[V f, U (2, f), U (14, y), T (3, c), Hoist_vars [c], T (2, x), T (7, w),  T (7, h), T (7, x), T (8, y), T (2, f), T (1, c), T (8, x)]
65;ResNet18_1;0.7320048899999999;0.06134822586803237;2;axe_out_channels1_0,axe_yy1_0,axe_xx1_1;17;[V f, U (2, f), ULambda y, T (3, c), Hoist_vars [c], T (4, x), T (7, w),  T (7, h), T (14, x),  Lambda_apply y [((Iter 1), (Arg 8)), ((Iter 8), (Arg 13))], T (2, f),  T (1, c), T (2, x)]
66;ResNet18_1;1.7306171233333334;0.36704867606700947;2;axe_out_channels1_0,axe_yy1_0,axe_xx1_1;13;[V f, U (2, f), ULambda y, T (3, c), Hoist_vars [c], T (7, x), T (7, w),  T (7, h), T (4, x),  Lambda_apply y [((Iter 7), (Arg 10)), ((Iter 3), (Arg 14))], T (2, f),  T (1, c), T (4, x)]
67;ResNet18_1;0.8741276899999999;0.03133848717089671;1;axe_out_channels_0,axe_yy_0,axe_xx_1;24;[V f, U (4, f), U (7, y), T (1, c), Hoist_vars [c], T (8, x), T (7, w),  T (7, h), T (7, x), T (16, y), T (1, f), T (3, c), T (2, x)]
68;ResNet18_1;4.168440453333334;0.3330705680479391;2;axe_out_channels1_0,axe_yy1_0,axe_xx1_1;15;[V f, U (2, f), ULambda y, T (3, c), Hoist_vars [c], T (28, x), T (7, w),  T (7, h), T (2, x),  Lambda_apply y [((Iter 11), (Arg 9)), ((Iter 1), (Arg 13))], T (2, f),  T (1, c), T (2, x)]
69;ResNet18_1;0.17967019333333337;0.00394007245302249;2;axe_xx1_0;28;[V f, U (2, f), ULambda y, T (3, c), Hoist_vars [c], T (4, x), T (7, w),  T (7, h), T (1, x),  Lambda_apply y [((Iter 7), (Arg 10)), ((Iter 3), (Arg 14))], T (2, f),  T (1, c), T (28, x)]
70;ResNet18_1;2.41742479;0.43681732208491514;2;axe_out_channels1_0,axe_yy1_0,axe_xx1_1;11;[V f, U (2, f), ULambda y, T (3, c), Hoist_vars [c], T (28, x), T (7, w),  T (7, h), T (4, x),  Lambda_apply y [((Iter 5), (Arg 12)), ((Iter 4), (Arg 13))], T (2, f),  T (1, c), T (1, x)]
71;ResNet18_1;0.17180805000000002;0.0011499861783952007;2;axe_xx1_0;56;[V f, U (2, f), ULambda y, T (3, c), Hoist_vars [c], T (2, x), T (7, w),  T (7, h), T (1, x),  Lambda_apply y [((Iter 7), (Arg 8)), ((Iter 4), (Arg 14))], T (2, f),  T (1, c), T (56, x)]
72;ResNet18_1;1.5894779066666669;0.12002114602587677;1;axe_out_channels_0,axe_yy_0,axe_xx_1;17;[V f, U (2, f), U (8, y), T (3, c), Hoist_vars [c], T (112, x), T (7, w),  T (7, h), T (1, x), T (14, y), T (2, f), T (1, c), T (1, x)]
73;ResNet18_1;0.17365665000000002;0.0014521028183867243;2;axe_xx1_0;112;[V f, U (2, f), ULambda y, T (3, c), Hoist_vars [c], T (1, x), T (7, w),  T (7, h), T (1, x),  Lambda_apply y [((Iter 9), (Arg 11)), ((Iter 1), (Arg 13))], T (2, f),  T (1, c), T (112, x)]
74;ResNet18_1;0.7458604066666666;0.1980630665743761;2;axe_out_channels1_0,axe_yy1_0,axe_xx1_1;15;[V f, U (2, f), ULambda y, T (3, c), Hoist_vars [c], T (2, x), T (7, w),  T (7, h), T (8, x),  Lambda_apply y [((Iter 5), (Arg 12)), ((Iter 4), (Arg 13))], T (2, f),  T (1, c), T (7, x)]
75;ResNet18_1;0.5729852766666667;0.09450052052521905;1;axe_out_channels_0,axe_yy_0,axe_xx_1;128;[V f, U (2, f), U (8, y), T (1, c), Hoist_vars [c], T (1, x), T (7, w),  T (7, h), T (112, x), T (14, y), T (2, f), T (3, c), T (1, x)]
76;ResNet18_1;2.80240468;0.21123341141094248;1;axe_out_channels_0,axe_yy_0,axe_xx_1;11;[V f, U (2, f), U (14, y), T (3, c), Hoist_vars [c], T (112, x), T (7, w),  T (7, h), T (1, x), T (8, y), T (2, f), T (1, c), T (1, x)]
77;ResNet18_1;5.366261913333334;0.37066901885007814;2;axe_out_channels1_0,axe_yy1_0,axe_xx1_1;17;[V f, U (2, f), ULambda y, T (1, c), Hoist_vars [c], T (14, x), T (7, w),  T (7, h), T (8, x),  Lambda_apply y [((Iter 7), (Arg 12)), ((Iter 2), (Arg 14))], T (2, f),  T (3, c), T (1, x)]
78;ResNet18_1;1.006441796666667;0.2961015777075854;2;axe_out_channels1_0,axe_yy1_0,axe_xx1_1;15;[V f, U (2, f), ULambda y, T (3, c), Hoist_vars [c], T (2, x), T (7, w),  T (7, h), T (8, x),  Lambda_apply y [((Iter 5), (Arg 12)), ((Iter 4), (Arg 13))], T (2, f),  T (1, c), T (7, x)]
79;ResNet18_1;1.0796710166666668;0.09871500712535305;2;axe_out_channels1_0,axe_yy1_0,axe_xx1_1;33;[V f, U (2, f), ULambda y, T (1, c), Hoist_vars [c], T (4, x), T (7, w),  T (7, h), T (28, x),  Lambda_apply y [((Iter 3), (Arg 8)), ((Iter 8), (Arg 11))], T (2, f),  T (3, c), T (1, x)]
80;ResNet18_1;1.1557349799999999;0.008675074058399183;2;axe_out_channels1_0,axe_yy1_0,axe_xx1_1;23;[V f, U (2, f), ULambda y, T (1, c), Hoist_vars [c], T (1, x), T (7, w),  T (7, h), T (14, x),  Lambda_apply y [((Iter 7), (Arg 10)), ((Iter 3), (Arg 14))], T (2, f),  T (3, c), T (8, x)]
81;ResNet18_1;0.41671993999999996;0.04113404090306285;2;axe_xx1_0;14;[V f, U (2, f), ULambda y, T (3, c), Hoist_vars [c], T (4, x), T (7, w),  T (7, h), T (2, x),  Lambda_apply y [((Iter 7), (Arg 10)), ((Iter 3), (Arg 14))], T (2, f),  T (1, c), T (14, x)]
82;ResNet18_1;0.6923209499999999;0.21967523264015262;2;axe_out_channels1_0,axe_yy1_0,axe_xx1_1;121;[V f, U (2, f), ULambda y, T (1, c), Hoist_vars [c], T (1, x), T (7, w),  T (7, h), T (112, x),  Lambda_apply y [((Iter 7), (Arg 12)), ((Iter 2), (Arg 14))], T (2, f),  T (3, c), T (1, x)]
83;ResNet18_1;2.4309630066666665;0.22626107623730535;2;axe_out_channels1_0,axe_yy1_0,axe_xx1_1;9;[V f, U (2, f), ULambda y, T (3, c), Hoist_vars [c], T (28, x), T (7, w),  T (7, h), T (2, x),  Lambda_apply y [((Iter 5), (Arg 8)), ((Iter 8), (Arg 9))], T (2, f),  T (1, c), T (2, x)]
84;ResNet18_1;0.8600587633333333;0.2232367831539947;2;axe_out_channels1_0,axe_yy1_0,axe_xx1_1;15;[V f, U (2, f), ULambda y, T (3, c), Hoist_vars [c], T (2, x), T (7, w),  T (7, h), T (8, x),  Lambda_apply y [((Iter 5), (Arg 12)), ((Iter 4), (Arg 13))], T (2, f),  T (1, c), T (7, x)]
85;ResNet18_1;0.7764362433333334;0.23869845548670024;2;axe_out_channels1_0,axe_yy1_0,axe_xx1_1;27;[V f, U (2, f), ULambda y, T (3, c), Hoist_vars [c], T (1, x), T (7, w),  T (7, h), T (16, x),  Lambda_apply y [((Iter 9), (Arg 11)), ((Iter 1), (Arg 13))], T (2, f),  T (1, c), T (7, x)]
86;ResNet18_1;2.6716371533333336;0.09799176037962039;2;axe_out_channels1_0,axe_yy1_0,axe_xx1_1;19;[V f, U (2, f), ULambda y, T (1, c), Hoist_vars [c], T (7, x), T (7, w),  T (7, h), T (16, x),  Lambda_apply y [((Iter 1), (Arg 8)), ((Iter 8), (Arg 13))], T (2, f),  T (3, c), T (1, x)]
87;ResNet18_1;0.6005762233333333;0.12129713750476283;2;axe_xx1_0;14;[V f, U (2, f), ULambda y, T (3, c), Hoist_vars [c], T (1, x), T (7, w),  T (7, h), T (8, x),  Lambda_apply y [((Iter 1), (Arg 8)), ((Iter 8), (Arg 13))], T (2, f),  T (1, c), T (14, x)]
88;ResNet18_1;15.226119446666667;0.6537818726249813;2;axe_out_channels1_0,axe_yy1_0,axe_xx1_1;10;[V f, U (2, f), ULambda y, T (1, c), Hoist_vars [c], T (56, x), T (7, w),  T (7, h), T (1, x),  Lambda_apply y [((Iter 7), (Arg 10)), ((Iter 3), (Arg 14))], T (2, f),  T (3, c), T (2, x)]
89;ResNet18_1;7.006057580000001;0.2817604168928447;2;axe_xx1_0;8;[V f, U (2, f), ULambda y, T (1, c), Hoist_vars [c], T (14, x), T (7, w),  T (7, h), T (1, x),  Lambda_apply y [((Iter 5), (Arg 8)), ((Iter 8), (Arg 9))], T (2, f),  T (3, c), T (8, x)]
90;ResNet18_1;1.8428257166666664;0.2824948384425702;2;axe_out_channels1_0,axe_yy1_0,axe_xx1_1;14;[V f, U (2, f), ULambda y, T (1, c), Hoist_vars [c], T (8, x), T (7, w),  T (7, h), T (7, x),  Lambda_apply y [((Iter 5), (Arg 8)), ((Iter 8), (Arg 9))], T (2, f),  T (3, c), T (2, x)]
91;ResNet18_1;0.3930890866666667;0.04734825300470781;2;axe_xx1_0;16;[V f, U (2, f), ULambda y, T (3, c), Hoist_vars [c], T (7, x), T (7, w),  T (7, h), T (1, x),  Lambda_apply y [((Iter 9), (Arg 11)), ((Iter 1), (Arg 13))], T (2, f),  T (1, c), T (16, x)]
92;ResNet18_1;6.970123096666667;0.1965251999224532;2;axe_out_channels1_0,axe_yy1_0,axe_xx1_1;10;[V f, U (2, f), ULambda y, T (1, c), Hoist_vars [c], T (16, x), T (7, w),  T (7, h), T (1, x),  Lambda_apply y [((Iter 7), (Arg 8)), ((Iter 4), (Arg 14))], T (2, f),  T (3, c), T (7, x)]
93;ResNet18_1;0.66054738;0.126064521754081;2;axe_xx1_0;16;[V f, U (2, f), ULambda y, T (1, c), Hoist_vars [c], T (7, x), T (7, w),  T (7, h), T (1, x),  Lambda_apply y [((Iter 5), (Arg 12)), ((Iter 4), (Arg 13))], T (2, f),  T (3, c), T (16, x)]
94;ResNet18_1;0.7808970800000001;0.20734760048853934;2;axe_out_channels1_0,axe_yy1_0,axe_xx1_1;18;[V f, U (2, f), ULambda y, T (3, c), Hoist_vars [c], T (1, x), T (7, w),  T (7, h), T (7, x),  Lambda_apply y [((Iter 9), (Arg 11)), ((Iter 1), (Arg 13))], T (2, f),  T (1, c), T (16, x)]
95;ResNet18_1;2.67931205;0.10411256513855578;1;axe_out_channels_0,axe_yy_0,axe_xx_1;18;[V f, U (2, f), U (8, y), T (1, c), Hoist_vars [c], T (7, x), T (7, w),  T (7, h), T (2, x), T (14, y), T (2, f), T (3, c), T (8, x)]
96;ResNet18_1;0.6525994166666667;0.15483492155068054;2;axe_out_channels1_0,axe_yy1_0,axe_xx1_1;14;[V f, U (2, f), ULambda y, T (3, c), Hoist_vars [c], T (4, x), T (7, w),  T (7, h), T (7, x),  Lambda_apply y [((Iter 5), (Arg 8)), ((Iter 8), (Arg 9))], T (2, f),  T (1, c), T (4, x)]
97;ResNet18_1;14.519444203333332;0.29974887627138574;2;axe_out_channels1_0,axe_yy1_0,axe_xx1_1;8;[V f, U (2, f), ULambda y, T (1, c), Hoist_vars [c], T (56, x), T (7, w),  T (7, h), T (1, x),  Lambda_apply y [((Iter 5), (Arg 12)), ((Iter 4), (Arg 13))], T (2, f),  T (3, c), T (2, x)]
98;ResNet18_1;11.465396003333334;0.3993032450861405;2;axe_out_channels1_0,axe_yy1_0,axe_xx1_1;12;[V f, U (2, f), ULambda y, T (1, c), Hoist_vars [c], T (16, x), T (7, w),  T (7, h), T (1, x),  Lambda_apply y [((Iter 9), (Arg 11)), ((Iter 1), (Arg 13))], T (2, f),  T (3, c), T (7, x)]
99;ResNet18_1;1.1646272199999999;0.2848680205080807;2;axe_out_channels1_0,axe_yy1_0,axe_xx1_1;17;[V f, U (2, f), ULambda y, T (1, c), Hoist_vars [c], T (2, x), T (7, w),  T (7, h), T (14, x),  Lambda_apply y [((Iter 1), (Arg 8)), ((Iter 8), (Arg 13))], T (2, f),  T (3, c), T (4, x)]
100;ResNet18_1;1.3139611033333334;0.3025636740466599;2;axe_out_channels1_0,axe_yy1_0,axe_xx1_1;23;[V f, U (2, f), ULambda y, T (1, c), Hoist_vars [c], T (2, x), T (7, w),  T (7, h), T (14, x),  Lambda_apply y [((Iter 7), (Arg 10)), ((Iter 3), (Arg 14))], T (2, f),  T (3, c), T (4, x)]
101;ResNet18_1;0.7882231066666667;0.007786553359061467;2;axe_out_channels1_0,axe_yy1_0,axe_xx1_1;35;[V f, U (2, f), ULambda y, T (1, c), Hoist_vars [c], T (1, x), T (7, w),  T (7, h), T (28, x),  Lambda_apply y [((Iter 5), (Arg 8)), ((Iter 8), (Arg 9))], T (2, f),  T (3, c), T (4, x)]
102;ResNet18_1;0.6216661300000001;0.1185093773428532;2;axe_out_channels1_0,axe_yy1_0,axe_xx1_1;27;[V f, U (2, f), ULambda y, T (3, c), Hoist_vars [c], T (8, x), T (7, w),  T (7, h), T (14, x),  Lambda_apply y [((Iter 11), (Arg 9)), ((Iter 1), (Arg 13))], T (2, f),  T (1, c), T (1, x)]
103;ResNet18_1;0.9455873266666668;0.2170637642605139;2;axe_out_channels1_0,axe_yy1_0,axe_xx1_1;37;[V f, U (2, f), ULambda y, T (1, c), Hoist_vars [c], T (2, x), T (7, w),  T (7, h), T (28, x),  Lambda_apply y [((Iter 7), (Arg 10)), ((Iter 3), (Arg 14))], T (2, f),  T (3, c), T (2, x)]
104;ResNet18_1;4.12073144;0.2661806766385333;2;axe_out_channels1_0,axe_yy1_0,axe_xx1_1;15;[V f, U (2, f), ULambda y, T (3, c), Hoist_vars [c], T (28, x), T (7, w),  T (7, h), T (2, x),  Lambda_apply y [((Iter 11), (Arg 9)), ((Iter 1), (Arg 13))], T (2, f),  T (1, c), T (2, x)]
105;ResNet18_1;1.9646320366666665;0.3994047461109195;2;axe_out_channels1_0,axe_yy1_0,axe_xx1_1;19;[V f, U (2, f), ULambda y, T (1, c), Hoist_vars [c], T (1, x), T (7, w),  T (7, h), T (8, x),  Lambda_apply y [((Iter 9), (Arg 10)), ((Iter 2), (Arg 11))], T (2, f),  T (3, c), T (14, x)]
106;ResNet18_1;6.646631153333333;1.1456510138639515;2;axe_out_channels1_0,axe_yy1_0,axe_xx1_1;7;[V f, U (2, f), ULambda y, T (1, c), Hoist_vars [c], T (14, x), T (7, w),  T (7, h), T (4, x),  Lambda_apply y [((Iter 1), (Arg 8)), ((Iter 8), (Arg 13))], T (2, f),  T (3, c), T (2, x)]
107;ResNet18_1;0.30411259;0.005925113259227852;2;axe_xx1_0;28;[V f, U (2, f), ULambda y, T (1, c), Hoist_vars [c], T (1, x), T (7, w),  T (7, h), T (4, x),  Lambda_apply y [((Iter 9), (Arg 11)), ((Iter 1), (Arg 13))], T (2, f),  T (3, c), T (28, x)]
108;ResNet18_1;2.504086413333333;0.23407155575987984;2;axe_out_channels1_0,axe_yy1_0,axe_xx1_1;7;[V f, U (2, f), ULambda y, T (3, c), Hoist_vars [c], T (14, x), T (7, w),  T (7, h), T (2, x),  Lambda_apply y [((Iter 3), (Arg 8)), ((Iter 8), (Arg 11))], T (2, f),  T (1, c), T (4, x)]
109;ResNet18_1;5.403432736666668;0.10597718365780051;1;axe_out_channels_0,axe_yy_0,axe_xx_1;20;[V f, U (2, f), U (8, y), T (1, c), Hoist_vars [c], T (28, x), T (7, w),  T (7, h), T (4, x), T (14, y), T (2, f), T (3, c), T (1, x)]
110;ResNet18_1;1.7851037866666666;0.010887798057256572;1;axe_out_channels_0,axe_yy_0,axe_xx_1;19;[V f, U (4, f), U (7, y), T (1, c), Hoist_vars [c], T (56, x), T (7, w),  T (7, h), T (2, x), T (16, y), T (1, f), T (3, c), T (1, x)]
111;ResNet18_1;0.6736355599999999;0.11859236537369579;2;axe_out_channels1_0,axe_yy1_0,axe_xx1_1;61;[V f, U (2, f), ULambda y, T (1, c), Hoist_vars [c], T (2, x), T (7, w),  T (7, h), T (56, x),  Lambda_apply y [((Iter 3), (Arg 8)), ((Iter 8), (Arg 11))], T (2, f),  T (3, c), T (1, x)]
112;ResNet18_1;0.7590681233333334;0.19567051333894947;2;axe_out_channels1_0,axe_yy1_0,axe_xx1_1;15;[V f, U (2, f), ULambda y, T (3, c), Hoist_vars [c], T (2, x), T (7, w),  T (7, h), T (4, x),  Lambda_apply y [((Iter 9), (Arg 10)), ((Iter 2), (Arg 11))], T (2, f),  T (1, c), T (14, x)]
113;ResNet18_1;0.4157075266666667;0.0038899155232129975;1;axe_out_channels_0,axe_yy_0,axe_xx_1;31;[V f, U (4, f), U (7, y), T (3, c), Hoist_vars [c], T (8, x), T (7, w),  T (7, h), T (14, x), T (16, y), T (1, f), T (1, c), T (1, x)]
114;ResNet18_1;0.7115036666666668;0.049806365901289285;2;axe_out_channels1_0,axe_yy1_0,axe_xx1_1;31;[V f, U (2, f), ULambda y, T (3, c), Hoist_vars [c], T (4, x), T (7, w),  T (7, h), T (28, x),  Lambda_apply y [((Iter 1), (Arg 8)), ((Iter 8), (Arg 13))], T (2, f),  T (1, c), T (1, x)]
115;ResNet18_1;8.994369586666666;1.2259870921558382;2;axe_out_channels1_0,axe_yy1_0,axe_xx1_1;11;[V f, U (2, f), ULambda y, T (1, c), Hoist_vars [c], T (14, x), T (7, w),  T (7, h), T (2, x),  Lambda_apply y [((Iter 7), (Arg 12)), ((Iter 2), (Arg 14))], T (2, f),  T (3, c), T (4, x)]
116;ResNet18_1;5.460490506666668;1.315668937257943;1;axe_out_channels_0,axe_yy_0,axe_xx_1;11;[V f, U (2, f), U (14, y), T (3, c), Hoist_vars [c], T (16, x), T (7, w),  T (7, h), T (1, x), T (8, y), T (2, f), T (1, c), T (7, x)]
117;ResNet18_1;0.7685720233333334;0.11184956100595128;2;axe_out_channels1_0,axe_yy1_0,axe_xx1_1;10;[V f, U (2, f), ULambda y, T (3, c), Hoist_vars [c], T (4, x), T (7, w),  T (7, h), T (7, x),  Lambda_apply y [((Iter 1), (Arg 8)), ((Iter 8), (Arg 13))], T (2, f),  T (1, c), T (4, x)]
118;ResNet18_1;7.750506186666667;0.45778724739867677;2;axe_out_channels1_0,axe_yy1_0,axe_xx1_1;10;[V f, U (2, f), ULambda y, T (3, c), Hoist_vars [c], T (28, x), T (7, w),  T (7, h), T (1, x),  Lambda_apply y [((Iter 7), (Arg 12)), ((Iter 2), (Arg 14))], T (2, f),  T (1, c), T (4, x)]
119;ResNet18_1;0.17117466333333337;0.0007701259929316045;2;axe_xx1_0;56;[V f, U (2, f), ULambda y, T (3, c), Hoist_vars [c], T (2, x), T (7, w),  T (7, h), T (1, x),  Lambda_apply y [((Iter 9), (Arg 10)), ((Iter 2), (Arg 11))], T (2, f),  T (1, c), T (56, x)]
120;ResNet18_1;1.76960028;0.16331981540232524;2;axe_out_channels1_0,axe_yy1_0,axe_xx1_1;19;[V f, U (2, f), ULambda y, T (1, c), Hoist_vars [c], T (7, x), T (7, w),  T (7, h), T (8, x),  Lambda_apply y [((Iter 9), (Arg 11)), ((Iter 1), (Arg 13))], T (2, f),  T (3, c), T (2, x)]
121;ResNet18_1;0.18352228666666665;0.0010660976568984838;2;axe_xx1_0;28;[V f, U (2, f), ULambda y, T (3, c), Hoist_vars [c], T (2, x), T (7, w),  T (7, h), T (2, x),  Lambda_apply y [((Iter 1), (Arg 8)), ((Iter 8), (Arg 13))], T (2, f),  T (1, c), T (28, x)]
122;ResNet18_1;5.261101666666667;0.13335966032503999;2;axe_out_channels1_0,axe_yy1_0,axe_xx1_1;17;[V f, U (2, f), ULambda y, T (1, c), Hoist_vars [c], T (14, x), T (7, w),  T (7, h), T (8, x),  Lambda_apply y [((Iter 7), (Arg 10)), ((Iter 3), (Arg 14))], T (2, f),  T (3, c), T (1, x)]
123;ResNet18_1;1.26755558;0.20775577368454812;2;axe_out_channels1_0,axe_yy1_0,axe_xx1_1;17;[V f, U (2, f), ULambda y, T (3, c), Hoist_vars [c], T (7, x), T (7, w),  T (7, h), T (4, x),  Lambda_apply y [((Iter 11), (Arg 9)), ((Iter 1), (Arg 13))], T (2, f),  T (1, c), T (4, x)]
124;ResNet18_1;1.1488901266666667;0.2942365182207368;2;axe_out_channels1_0,axe_yy1_0,axe_xx1_1;23;[V f, U (2, f), ULambda y, T (1, c), Hoist_vars [c], T (2, x), T (7, w),  T (7, h), T (14, x),  Lambda_apply y [((Iter 7), (Arg 10)), ((Iter 3), (Arg 14))], T (2, f),  T (3, c), T (4, x)]
125;ResNet18_1;0.15632168666666665;0.0006642446336838388;1;axe_xx_0;28;[V f, U (2, f), U (14, y), T (3, c), Hoist_vars [c], T (2, x), T (7, w),  T (7, h), T (2, x), T (8, y), T (2, f), T (1, c), T (28, x)]
126;ResNet18_1;1.56072597;0.1562963315524118;1;axe_out_channels_0,axe_yy_0,axe_xx_1;17;[V f, U (2, f), U (8, y), T (3, c), Hoist_vars [c], T (8, x), T (7, w),  T (7, h), T (1, x), T (14, y), T (2, f), T (1, c), T (14, x)]
127;ResNet18_1;0.7019116833333333;0.15832007017483862;2;axe_out_channels1_0,axe_yy1_0,axe_xx1_1;23;[V f, U (2, f), ULambda y, T (3, c), Hoist_vars [c], T (2, x), T (7, w),  T (7, h), T (14, x),  Lambda_apply y [((Iter 7), (Arg 10)), ((Iter 3), (Arg 14))], T (2, f),  T (1, c), T (4, x)]
128;ResNet18_1;3.7882933833333334;0.3908674743746317;2;axe_out_channels1_0,axe_yy1_0,axe_xx1_1;10;[V f, U (2, f), ULambda y, T (3, c), Hoist_vars [c], T (112, x), T (7, w),  T (7, h), T (1, x),  Lambda_apply y [((Iter 7), (Arg 8)), ((Iter 4), (Arg 14))], T (2, f),  T (1, c), T (1, x)]
129;ResNet18_1;1.3047623500000003;0.28738155513821545;2;axe_out_channels1_0,axe_yy1_0,axe_xx1_1;15;[V f, U (2, f), ULambda y, T (1, c), Hoist_vars [c], T (2, x), T (7, w),  T (7, h), T (4, x),  Lambda_apply y [((Iter 9), (Arg 11)), ((Iter 1), (Arg 13))], T (2, f),  T (3, c), T (14, x)]
130;ResNet18_1;0.37225756000000004;0.05428517882525744;2;axe_xx1_0;28;[V f, U (2, f), ULambda y, T (1, c), Hoist_vars [c], T (4, x), T (7, w),  T (7, h), T (1, x),  Lambda_apply y [((Iter 7), (Arg 8)), ((Iter 4), (Arg 14))], T (2, f),  T (3, c), T (28, x)]
131;ResNet18_1;1.6360439433333334;0.03896327862330561;1;axe_out_channels_0,axe_yy_0,axe_xx_1;17;[V f, U (2, f), U (14, y), T (3, c), Hoist_vars [c], T (16, x), T (7, w),  T (7, h), T (7, x), T (8, y), T (2, f), T (1, c), T (1, x)]
132;ResNet18_1;0.74140516;0.19233412740928033;2;axe_out_channels1_0,axe_yy1_0,axe_xx1_1;17;[V f, U (2, f), ULambda y, T (3, c), Hoist_vars [c], T (1, x), T (7, w),  T (7, h), T (8, x),  Lambda_apply y [((Iter 7), (Arg 10)), ((Iter 3), (Arg 14))], T (2, f),  T (1, c), T (14, x)]
133;ResNet18_1;1.2357466233333332;0.037381596573852156;1;axe_out_channels_0,axe_yy_0,axe_xx_1;18;[V f, U (2, f), U (14, y), T (3, c), Hoist_vars [c], T (7, x), T (7, w),  T (7, h), T (8, x), T (8, y), T (2, f), T (1, c), T (2, x)]
134;ResNet18_1;0.8646818833333333;0.22781071249940332;2;axe_out_channels1_0,axe_yy1_0,axe_xx1_1;19;[V f, U (2, f), ULambda y, T (3, c), Hoist_vars [c], T (2, x), T (7, w),  T (7, h), T (8, x),  Lambda_apply y [((Iter 9), (Arg 11)), ((Iter 1), (Arg 13))], T (2, f),  T (1, c), T (7, x)]
135;ResNet18_1;8.955661786666667;0.45355711637685414;2;axe_out_channels1_0,axe_yy1_0,axe_xx1_1;4;[V f, U (2, f), ULambda y, T (1, c), Hoist_vars [c], T (112, x), T (7, w),  T (7, h), T (1, x),  Lambda_apply y [((Iter 1), (Arg 8)), ((Iter 8), (Arg 13))], T (2, f),  T (3, c), T (1, x)]
136;ResNet18_1;6.301742456666667;0.22524530959765132;2;axe_out_channels1_0,axe_yy1_0,axe_xx1_1;8;[V f, U (2, f), ULambda y, T (3, c), Hoist_vars [c], T (56, x), T (7, w),  T (7, h), T (1, x),  Lambda_apply y [((Iter 5), (Arg 12)), ((Iter 4), (Arg 13))], T (2, f),  T (1, c), T (2, x)]
137;ResNet18_1;1.0070870633333333;0.016023047333973826;1;axe_out_channels_0,axe_yy_0,axe_xx_1;31;[V f, U (4, f), U (7, y), T (1, c), Hoist_vars [c], T (8, x), T (7, w),  T (7, h), T (14, x), T (16, y), T (1, f), T (3, c), T (1, x)]
138;ResNet18_1;1.20493403;0.32359775183315215;2;axe_out_channels1_0,axe_yy1_0,axe_xx1_1;16;[V f, U (2, f), ULambda y, T (3, c), Hoist_vars [c], T (8, x), T (7, w),  T (7, h), T (7, x),  Lambda_apply y [((Iter 7), (Arg 12)), ((Iter 2), (Arg 14))], T (2, f),  T (1, c), T (2, x)]
139;ResNet18_1;1.62259244;0.3434320820253081;2;axe_out_channels1_0,axe_yy1_0,axe_xx1_1;16;[V f, U (2, f), ULambda y, T (1, c), Hoist_vars [c], T (4, x), T (7, w),  T (7, h), T (7, x),  Lambda_apply y [((Iter 7), (Arg 12)), ((Iter 2), (Arg 14))], T (2, f),  T (3, c), T (4, x)]
140;ResNet18_1;0.5153955866666667;0.008275092414001579;2;axe_out_channels1_0,axe_yy1_0,axe_xx1_1;69;[V f, U (2, f), ULambda y, T (1, c), Hoist_vars [c], T (2, x), T (7, w),  T (7, h), T (56, x),  Lambda_apply y [((Iter 11), (Arg 9)), ((Iter 1), (Arg 13))], T (2, f),  T (3, c), T (1, x)]
141;ResNet18_1;4.779833796666667;0.3157529346983781;2;axe_out_channels1_0,axe_yy1_0,axe_xx1_1;11;[V f, U (2, f), ULambda y, T (1, c), Hoist_vars [c], T (14, x), T (7, w),  T (7, h), T (8, x),  Lambda_apply y [((Iter 1), (Arg 8)), ((Iter 8), (Arg 13))], T (2, f),  T (3, c), T (1, x)]
142;ResNet18_1;0.6976285700000001;0.055006417335780884;2;axe_out_channels1_0,axe_yy1_0,axe_xx1_1;21;[V f, U (2, f), ULambda y, T (3, c), Hoist_vars [c], T (8, x), T (7, w),  T (7, h), T (14, x),  Lambda_apply y [((Iter 5), (Arg 8)), ((Iter 8), (Arg 9))], T (2, f),  T (1, c), T (1, x)]
143;ResNet18_1;1.2484147933333334;0.008316404197325227;2;axe_out_channels1_0,axe_yy1_0,axe_xx1_1;20;[V f, U (2, f), ULambda y, T (1, c), Hoist_vars [c], T (2, x), T (7, w),  T (7, h), T (7, x),  Lambda_apply y [((Iter 11), (Arg 9)), ((Iter 1), (Arg 13))], T (2, f),  T (3, c), T (8, x)]
144;ResNet18_1;2.25610446;0.3420858586335363;2;axe_out_channels1_0,axe_yy1_0,axe_xx1_1;18;[V f, U (2, f), ULambda y, T (1, c), Hoist_vars [c], T (8, x), T (7, w),  T (7, h), T (7, x),  Lambda_apply y [((Iter 9), (Arg 10)), ((Iter 2), (Arg 11))], T (2, f),  T (3, c), T (2, x)]
145;ResNet18_1;1.4307893133333334;0.28442766925232316;2;axe_out_channels1_0,axe_yy1_0,axe_xx1_1;37;[V f, U (2, f), ULambda y, T (1, c), Hoist_vars [c], T (1, x), T (7, w),  T (7, h), T (28, x),  Lambda_apply y [((Iter 7), (Arg 10)), ((Iter 3), (Arg 14))], T (2, f),  T (3, c), T (4, x)]
146;ResNet18_1;4.994984656666667;1.267758313901472;2;axe_xx1_0;8;[V f, U (2, f), ULambda y, T (3, c), Hoist_vars [c], T (14, x), T (7, w),  T (7, h), T (1, x),  Lambda_apply y [((Iter 1), (Arg 8)), ((Iter 8), (Arg 13))], T (2, f),  T (1, c), T (8, x)]
147;ResNet18_1;0.47670922666666665;0.053005498062238345;2;axe_xx1_0;14;[V f, U (2, f), ULambda y, T (3, c), Hoist_vars [c], T (8, x), T (7, w),  T (7, h), T (1, x),  Lambda_apply y [((Iter 9), (Arg 10)), ((Iter 2), (Arg 11))], T (2, f),  T (1, c), T (14, x)]
148;ResNet18_1;1.8336938866666668;0.18809138202955109;1;axe_out_channels_0,axe_yy_0,axe_xx_1;12;[V f, U (2, f), U (14, y), T (3, c), Hoist_vars [c], T (7, x), T (7, w),  T (7, h), T (2, x), T (8, y), T (2, f), T (1, c), T (8, x)]
149;ResNet18_1;0.9686530666666666;0.047828205456236825;1;axe_out_channels_0,axe_yy_0,axe_xx_1;19;[V f, U (4, f), U (7, y), T (3, c), Hoist_vars [c], T (28, x), T (7, w),  T (7, h), T (2, x), T (16, y), T (1, f), T (1, c), T (2, x)]
150;ResNet18_1;9.350251913333333;0.572013093327963;2;axe_out_channels1_0,axe_yy1_0,axe_xx1_1;10;[V f, U (2, f), ULambda y, T (1, c), Hoist_vars [c], T (112, x), T (7, w),  T (7, h), T (1, x),  Lambda_apply y [((Iter 7), (Arg 8)), ((Iter 4), (Arg 14))], T (2, f),  T (3, c), T (1, x)]
151;ResNet18_1;1.4971762833333333;0.38393364719373657;2;axe_out_channels1_0,axe_yy1_0,axe_xx1_1;18;[V f, U (2, f), ULambda y, T (1, c), Hoist_vars [c], T (1, x), T (7, w),  T (7, h), T (7, x),  Lambda_apply y [((Iter 9), (Arg 10)), ((Iter 2), (Arg 11))], T (2, f),  T (3, c), T (16, x)]
152;ResNet18_1;1.0172966166666666;0.14210320005620272;2;axe_out_channels1_0,axe_yy1_0,axe_xx1_1;15;[V f, U (2, f), ULambda y, T (3, c), Hoist_vars [c], T (4, x), T (7, w),  T (7, h), T (4, x),  Lambda_apply y [((Iter 9), (Arg 11)), ((Iter 1), (Arg 13))], T (2, f),  T (1, c), T (7, x)]
153;ResNet18_1;0.44326141666666663;0.060765555624630437;2;axe_xx1_0;112;[V f, U (2, f), ULambda y, T (1, c), Hoist_vars [c], T (1, x), T (7, w),  T (7, h), T (1, x),  Lambda_apply y [((Iter 5), (Arg 12)), ((Iter 4), (Arg 13))], T (2, f),  T (3, c), T (112, x)]
154;ResNet18_1;3.733061393333333;0.6345334744452894;2;axe_out_channels1_0,axe_yy1_0,axe_xx1_1;13;[V f, U (2, f), ULambda y, T (1, c), Hoist_vars [c], T (7, x), T (7, w),  T (7, h), T (4, x),  Lambda_apply y [((Iter 7), (Arg 8)), ((Iter 4), (Arg 14))], T (2, f),  T (3, c), T (4, x)]
155;ResNet18_1;9.45791531;0.6625360262594943;2;axe_out_channels1_0,axe_yy1_0,axe_xx1_1;13;[V f, U (2, f), ULambda y, T (1, c), Hoist_vars [c], T (56, x), T (7, w),  T (7, h), T (2, x),  Lambda_apply y [((Iter 9), (Arg 10)), ((Iter 2), (Arg 11))], T (2, f),  T (3, c), T (1, x)]
156;ResNet18_1;0.4392748633333333;0.05150659146519758;2;axe_xx1_0;14;[V f, U (2, f), ULambda y, T (3, c), Hoist_vars [c], T (8, x), T (7, w),  T (7, h), T (1, x),  Lambda_apply y [((Iter 9), (Arg 10)), ((Iter 2), (Arg 11))], T (2, f),  T (1, c), T (14, x)]
157;ResNet18_1;0.5253242499999999;0.016319030261543313;1;axe_out_channels_0,axe_yy_0,axe_xx_1;73;[V f, U (4, f), U (7, y), T (1, c), Hoist_vars [c], T (2, x), T (7, w),  T (7, h), T (56, x), T (16, y), T (1, f), T (3, c), T (1, x)]
158;ResNet18_1;1.7839541333333333;0.07986238282975563;1;axe_out_channels_0,axe_yy_0,axe_xx_1;18;[V f, U (2, f), U (14, y), T (3, c), Hoist_vars [c], T (14, x), T (7, w),  T (7, h), T (8, x), T (8, y), T (2, f), T (1, c), T (1, x)]
159;ResNet18_1;0.9578220766666667;0.29841281044340384;2;axe_out_channels1_0,axe_yy1_0,axe_xx1_1;16;[V f, U (2, f), ULambda y, T (3, c), Hoist_vars [c], T (2, x), T (7, w),  T (7, h), T (7, x),  Lambda_apply y [((Iter 7), (Arg 10)), ((Iter 3), (Arg 14))], T (2, f),  T (1, c), T (8, x)]
160;ResNet18_1;0.7101586366666666;0.09520489544350176;1;axe_out_channels_0,axe_yy_0,axe_xx_1;44;[V f, U (2, f), U (8, y), T (1, c), Hoist_vars [c], T (1, x), T (7, w),  T (7, h), T (28, x), T (14, y), T (2, f), T (3, c), T (4, x)]
161;ResNet18_1;7.8672467699999995;1.7104895510860219;2;axe_out_channels1_0,axe_yy1_0,axe_xx1_1;5;[V f, U (2, f), ULambda y, T (1, c), Hoist_vars [c], T (28, x), T (7, w),  T (7, h), T (2, x),  Lambda_apply y [((Iter 1), (Arg 8)), ((Iter 8), (Arg 13))], T (2, f),  T (3, c), T (2, x)]
162;ResNet18_1;0.3629804933333334;0.09637056672411139;1;axe_out_channels_0,axe_yy_0,axe_xx_1;66;[V f, U (2, f), U (14, y), T (3, c), Hoist_vars [c], T (1, x), T (7, w),  T (7, h), T (56, x), T (8, y), T (2, f), T (1, c), T (2, x)]
163;ResNet18_1;3.861957173333333;0.3755277274629074;2;axe_out_channels1_0,axe_yy1_0,axe_xx1_1;10;[V f, U (2, f), ULambda y, T (3, c), Hoist_vars [c], T (112, x), T (7, w),  T (7, h), T (1, x),  Lambda_apply y [((Iter 7), (Arg 8)), ((Iter 4), (Arg 14))], T (2, f),  T (1, c), T (1, x)]
164;ResNet18_1;0.9510713966666667;0.3062520922314322;2;axe_out_channels1_0,axe_yy1_0,axe_xx1_1;15;[V f, U (2, f), ULambda y, T (3, c), Hoist_vars [c], T (2, x), T (7, w),  T (7, h), T (8, x),  Lambda_apply y [((Iter 5), (Arg 12)), ((Iter 4), (Arg 13))], T (2, f),  T (1, c), T (7, x)]
165;ResNet18_1;0.35399745666666665;0.09466077589231399;1;axe_xx_0;28;[V f, U (2, f), U (8, y), T (1, c), Hoist_vars [c], T (2, x), T (7, w),  T (7, h), T (2, x), T (14, y), T (2, f), T (3, c), T (28, x)]
166;ResNet18_1;0.9378603133333334;0.17920961162628354;2;axe_out_channels1_0,axe_yy1_0,axe_xx1_1;25;[V f, U (2, f), ULambda y, T (3, c), Hoist_vars [c], T (1, x), T (7, w),  T (7, h), T (16, x),  Lambda_apply y [((Iter 7), (Arg 8)), ((Iter 4), (Arg 14))], T (2, f),  T (1, c), T (7, x)]
167;ResNet18_1;1.47327019;0.33207881402761324;1;axe_out_channels_0,axe_yy_0,axe_xx_1;19;[V f, U (4, f), U (7, y), T (1, c), Hoist_vars [c], T (4, x), T (7, w),  T (7, h), T (2, x), T (16, y), T (1, f), T (3, c), T (14, x)]
168;ResNet18_1;0.9670910733333333;0.13353082244874803;2;axe_out_channels1_0,axe_yy1_0,axe_xx1_1;12;[V f, U (2, f), ULambda y, T (3, c), Hoist_vars [c], T (8, x), T (7, w),  T (7, h), T (7, x),  Lambda_apply y [((Iter 3), (Arg 8)), ((Iter 8), (Arg 11))], T (2, f),  T (1, c), T (2, x)]
169;ResNet18_1;0.4657056333333333;0.09811438585335655;2;axe_out_channels1_0,axe_yy1_0,axe_xx1_1;63;[V f, U (2, f), ULambda y, T (3, c), Hoist_vars [c], T (1, x), T (7, w),  T (7, h), T (56, x),  Lambda_apply y [((Iter 5), (Arg 12)), ((Iter 4), (Arg 13))], T (2, f),  T (1, c), T (2, x)]
170;ResNet18_1;0.17439548666666665;0.0007155715290280721;2;axe_xx1_0;28;[V f, U (2, f), ULambda y, T (3, c), Hoist_vars [c], T (4, x), T (7, w),  T (7, h), T (1, x),  Lambda_apply y [((Iter 9), (Arg 10)), ((Iter 2), (Arg 11))], T (2, f),  T (1, c), T (28, x)]
171;ResNet18_1;0.5258722566666666;0.09359928400444699;2;axe_out_channels1_0,axe_yy1_0,axe_xx1_1;37;[V f, U (2, f), ULambda y, T (3, c), Hoist_vars [c], T (2, x), T (7, w),  T (7, h), T (28, x),  Lambda_apply y [((Iter 7), (Arg 10)), ((Iter 3), (Arg 14))], T (2, f),  T (1, c), T (2, x)]
172;ResNet18_1;0.38898729000000004;0.08958466120753045;2;axe_out_channels1_0,axe_yy1_0,axe_xx1_1;121;[V f, U (2, f), ULambda y, T (3, c), Hoist_vars [c], T (1, x), T (7, w),  T (7, h), T (112, x),  Lambda_apply y [((Iter 7), (Arg 8)), ((Iter 4), (Arg 14))], T (2, f),  T (1, c), T (1, x)]
173;ResNet18_1;1.9291148566666667;0.24988932811024783;1;axe_out_channels_0,axe_yy_0,axe_xx_1;18;[V f, U (2, f), U (14, y), T (3, c), Hoist_vars [c], T (14, x), T (7, w),  T (7, h), T (8, x), T (8, y), T (2, f), T (1, c), T (1, x)]
174;ResNet18_1;0.14834669333333333;0.01440563832496613;1;axe_xx_0;56;[V f, U (2, f), U (8, y), T (3, c), Hoist_vars [c], T (2, x), T (7, w),  T (7, h), T (1, x), T (14, y), T (2, f), T (1, c), T (56, x)]
175;ResNet18_1;1.4789500266666669;0.2523324064851494;2;axe_out_channels1_0,axe_yy1_0,axe_xx1_1;17;[V f, U (2, f), ULambda y, T (3, c), Hoist_vars [c], T (7, x), T (7, w),  T (7, h), T (4, x),  Lambda_apply y [((Iter 11), (Arg 9)), ((Iter 1), (Arg 13))], T (2, f),  T (1, c), T (4, x)]
176;ResNet18_1;1.87566816;0.5912433603556202;2;axe_out_channels1_0,axe_yy1_0,axe_xx1_1;14;[V f, U (2, f), ULambda y, T (1, c), Hoist_vars [c], T (2, x), T (7, w),  T (7, h), T (7, x),  Lambda_apply y [((Iter 5), (Arg 8)), ((Iter 8), (Arg 9))], T (2, f),  T (3, c), T (8, x)]
177;ResNet18_1;1.7225186100000003;0.41107430644361903;2;axe_out_channels1_0,axe_yy1_0,axe_xx1_1;25;[V f, U (2, f), ULambda y, T (1, c), Hoist_vars [c], T (1, x), T (7, w),  T (7, h), T (16, x),  Lambda_apply y [((Iter 7), (Arg 12)), ((Iter 2), (Arg 14))], T (2, f),  T (3, c), T (7, x)]
178;ResNet18_1;5.147775076666667;0.8018860548385636;2;axe_out_channels1_0,axe_yy1_0,axe_xx1_1;14;[V f, U (2, f), ULambda y, T (3, c), Hoist_vars [c], T (28, x), T (7, w),  T (7, h), T (1, x),  Lambda_apply y [((Iter 11), (Arg 9)), ((Iter 1), (Arg 13))], T (2, f),  T (1, c), T (4, x)]
179;ResNet18_1;5.618832843333334;0.03723349884927116;1;axe_out_channels_0,axe_yy_0,axe_xx_1;18;[V f, U (4, f), U (7, y), T (1, c), Hoist_vars [c], T (56, x), T (7, w),  T (7, h), T (1, x), T (16, y), T (1, f), T (3, c), T (2, x)]
180;ResNet18_1;0.42218543666666664;0.11049005045895358;2;axe_out_channels1_0,axe_yy1_0,axe_xx1_1;63;[V f, U (2, f), ULambda y, T (3, c), Hoist_vars [c], T (1, x), T (7, w),  T (7, h), T (56, x),  Lambda_apply y [((Iter 5), (Arg 8)), ((Iter 8), (Arg 9))], T (2, f),  T (1, c), T (2, x)]
181;ResNet18_1;1.65344179;0.32546260222541085;2;axe_out_channels1_0,axe_yy1_0,axe_xx1_1;11;[V f, U (2, f), ULambda y, T (3, c), Hoist_vars [c], T (8, x), T (7, w),  T (7, h), T (2, x),  Lambda_apply y [((Iter 7), (Arg 12)), ((Iter 2), (Arg 14))], T (2, f),  T (1, c), T (7, x)]
182;ResNet18_1;0.33431770666666666;0.055903615852482706;2;axe_xx1_0;28;[V f, U (2, f), ULambda y, T (1, c), Hoist_vars [c], T (4, x), T (7, w),  T (7, h), T (1, x),  Lambda_apply y [((Iter 7), (Arg 8)), ((Iter 4), (Arg 14))], T (2, f),  T (3, c), T (28, x)]
183;ResNet18_1;0.9850250833333332;0.3092088936496887;2;axe_out_channels1_0,axe_yy1_0,axe_xx1_1;33;[V f, U (2, f), ULambda y, T (1, c), Hoist_vars [c], T (1, x), T (7, w),  T (7, h), T (28, x),  Lambda_apply y [((Iter 3), (Arg 8)), ((Iter 8), (Arg 11))], T (2, f),  T (3, c), T (4, x)]
184;ResNet18_1;1.5749251333333334;0.33350100938034793;2;axe_out_channels1_0,axe_yy1_0,axe_xx1_1;12;[V f, U (2, f), ULambda y, T (1, c), Hoist_vars [c], T (4, x), T (7, w),  T (7, h), T (7, x),  Lambda_apply y [((Iter 3), (Arg 8)), ((Iter 8), (Arg 11))], T (2, f),  T (3, c), T (4, x)]
185;ResNet18_1;0.40588147333333335;0.04721235119157981;2;axe_xx1_0;14;[V f, U (2, f), ULambda y, T (3, c), Hoist_vars [c], T (2, x), T (7, w),  T (7, h), T (4, x),  Lambda_apply y [((Iter 7), (Arg 10)), ((Iter 3), (Arg 14))], T (2, f),  T (1, c), T (14, x)]
186;ResNet18_1;2.0205971533333336;0.6412334921145598;1;axe_out_channels_0,axe_yy_0,axe_xx_1;12;[V f, U (2, f), U (14, y), T (3, c), Hoist_vars [c], T (28, x), T (7, w),  T (7, h), T (2, x), T (8, y), T (2, f), T (1, c), T (2, x)]
187;ResNet18_1;0.8182639266666667;0.17389195491420645;2;axe_xx1_0;16;[V f, U (2, f), ULambda y, T (1, c), Hoist_vars [c], T (7, x), T (7, w),  T (7, h), T (1, x),  Lambda_apply y [((Iter 7), (Arg 12)), ((Iter 2), (Arg 14))], T (2, f),  T (3, c), T (16, x)]
188;ResNet18_1;0.7733550000000001;0.2029471325133299;2;axe_out_channels1_0,axe_yy1_0,axe_xx1_1;21;[V f, U (2, f), ULambda y, T (3, c), Hoist_vars [c], T (1, x), T (7, w),  T (7, h), T (8, x),  Lambda_apply y [((Iter 11), (Arg 9)), ((Iter 1), (Arg 13))], T (2, f),  T (1, c), T (14, x)]
189;ResNet18_1;0.17404502;0.003319449059447472;2;axe_xx1_0;56;[V f, U (2, f), ULambda y, T (3, c), Hoist_vars [c], T (1, x), T (7, w),  T (7, h), T (2, x),  Lambda_apply y [((Iter 9), (Arg 11)), ((Iter 1), (Arg 13))], T (2, f),  T (1, c), T (56, x)]
190;ResNet18_1;0.6487949933333333;0.14398855770750277;2;axe_out_channels1_0,axe_yy1_0,axe_xx1_1;119;[V f, U (2, f), ULambda y, T (1, c), Hoist_vars [c], T (1, x), T (7, w),  T (7, h), T (112, x),  Lambda_apply y [((Iter 5), (Arg 12)), ((Iter 4), (Arg 13))], T (2, f),  T (3, c), T (1, x)]
191;ResNet18_1;1.3659724133333335;0.23366651613078715;2;axe_out_channels1_0,axe_yy1_0,axe_xx1_1;15;[V f, U (2, f), ULambda y, T (3, c), Hoist_vars [c], T (8, x), T (7, w),  T (7, h), T (2, x),  Lambda_apply y [((Iter 11), (Arg 9)), ((Iter 1), (Arg 13))], T (2, f),  T (1, c), T (7, x)]
192;ResNet18_1;6.789797706666667;0.2831964402500628;2;axe_out_channels1_0,axe_yy1_0,axe_xx1_1;11;[V f, U (2, f), ULambda y, T (1, c), Hoist_vars [c], T (56, x), T (7, w),  T (7, h), T (2, x),  Lambda_apply y [((Iter 7), (Arg 12)), ((Iter 2), (Arg 14))], T (2, f),  T (3, c), T (1, x)]
193;ResNet18_1;0.7579608;0.20185538115449603;2;axe_out_channels1_0,axe_yy1_0,axe_xx1_1;67;[V f, U (2, f), ULambda y, T (1, c), Hoist_vars [c], T (1, x), T (7, w),  T (7, h), T (56, x),  Lambda_apply y [((Iter 9), (Arg 10)), ((Iter 2), (Arg 11))], T (2, f),  T (3, c), T (2, x)]
194;ResNet18_1;0.2717290333333334;0.0024149061821206273;2;axe_xx1_0;28;[V f, U (2, f), ULambda y, T (1, c), Hoist_vars [c], T (2, x), T (7, w),  T (7, h), T (2, x),  Lambda_apply y [((Iter 5), (Arg 8)), ((Iter 8), (Arg 9))], T (2, f),  T (3, c), T (28, x)]
195;ResNet18_1;1.3195004566666666;0.016816845237195593;2;axe_out_channels1_0,axe_yy1_0,axe_xx1_1;10;[V f, U (2, f), ULambda y, T (3, c), Hoist_vars [c], T (2, x), T (7, w),  T (7, h), T (7, x),  Lambda_apply y [((Iter 1), (Arg 8)), ((Iter 8), (Arg 13))], T (2, f),  T (1, c), T (8, x)]
196;ResNet18_1;5.184393399999999;0.24495364702331912;2;axe_out_channels1_0,axe_yy1_0,axe_xx1_1;10;[V f, U (2, f), ULambda y, T (3, c), Hoist_vars [c], T (112, x), T (7, w),  T (7, h), T (1, x),  Lambda_apply y [((Iter 7), (Arg 12)), ((Iter 2), (Arg 14))], T (2, f),  T (1, c), T (1, x)]
197;ResNet18_1;4.296728413333334;0.31813728107534717;2;axe_out_channels1_0,axe_yy1_0,axe_xx1_1;13;[V f, U (2, f), ULambda y, T (3, c), Hoist_vars [c], T (28, x), T (7, w),  T (7, h), T (2, x),  Lambda_apply y [((Iter 9), (Arg 10)), ((Iter 2), (Arg 11))], T (2, f),  T (1, c), T (2, x)]
198;ResNet18_1;1.6961711166666666;0.4062928443716417;2;axe_out_channels1_0,axe_yy1_0,axe_xx1_1;21;[V f, U (2, f), ULambda y, T (1, c), Hoist_vars [c], T (1, x), T (7, w),  T (7, h), T (16, x),  Lambda_apply y [((Iter 3), (Arg 8)), ((Iter 8), (Arg 11))], T (2, f),  T (3, c), T (7, x)]
199;ResNet18_1;2.230902433333333;0.3386480984534132;2;axe_out_channels1_0,axe_yy1_0,axe_xx1_1;11;[V f, U (2, f), ULambda y, T (1, c), Hoist_vars [c], T (7, x), T (7, w),  T (7, h), T (2, x),  Lambda_apply y [((Iter 7), (Arg 10)), ((Iter 3), (Arg 14))], T (2, f),  T (3, c), T (8, x)]
