IdRun;NameConv;Time(ms);std;NbMicroKernel;AxeFuse;SizeAxeFuse;Schema;Time_search(3.742506265640259)
0;MobilNet_1;1.0632589;0.0023792252709653474;1;axe_xx_0,axe_yy_0;32;[V f, U (4, f), U (4, y), T (16, c), Hoist_vars [c], T (3, w), T (3, h),  T (28, x), T (1, y), T (2, c), T (28, y), T (4, x)];4.464925050735474
1;MobilNet_1;1.0056895;0.0008367917602366537;1;axe_xx_0,axe_yy_0;84;[V f, U (4, f), U (4, y), U (3, h), T (16, c), Hoist_vars [c], T (3, w),  T (2, x), T (1, y), T (2, c), T (28, y), T (56, x)];5.15952730178833
2;MobilNet_1;1.1923771;0.0018409903014410588;1;axe_xx_0,axe_yy_0;114;[V f, U (4, f), U (4, y), U (3, w), T (16, c), Hoist_vars [c], T (3, h),  T (1, x), T (14, y), T (2, c), T (2, y), T (112, x)];5.873933553695679
3;MobilNet_1;0.9871604999999999;0.0011758190549569765;1;axe_xx_0,axe_yy_0;63;[V f, U (4, f), U (4, y), U (3, h), T (32, c), Hoist_vars [c], T (3, w),  T (2, x), T (4, y), T (1, c), T (7, y), T (56, x)];6.583506107330322
4;MobilNet_1;1.1681891999999998;0.0007573883812153638;1;axe_xx_0,axe_yy_0;64;[V f, U (4, f), U (7, y), U (3, h), T (32, c), Hoist_vars [c], T (3, w),  T (2, x), T (2, y), T (1, c), T (8, y), T (56, x)];7.317604303359985
5;MobilNet_1;1.0839758;0.001265547454661407;1;axe_xx_0,axe_yy_0;64;[V f, U (4, f), U (7, y), U (3, w), T (32, c), Hoist_vars [c], T (3, h),  T (2, x), T (2, y), T (1, c), T (8, y), T (56, x)];8.052467346191406
6;MobilNet_1;1.1064811;0.0011324329075048515;1;axe_xx_0,axe_yy_0;57;[V f, U (4, f), U (4, y), U (3, h), T (8, c), Hoist_vars [c], T (3, w),  T (2, x), T (28, y), T (4, c), T (1, y), T (56, x)];8.786700963973999
7;MobilNet_1;1.2392765000000001;0.0026015620788287764;1;axe_xx_0,axe_yy_0;57;[V f, U (4, f), U (4, y), U (3, w), T (8, c), Hoist_vars [c], T (3, h),  T (2, x), T (28, y), T (4, c), T (1, y), T (56, x)];9.520000219345093
8;MobilNet_1;1.2384658;0.0021809540022659315;1;axe_xx_0,axe_yy_0;60;[V f, U (4, f), U (7, y), U (3, h), T (8, c), Hoist_vars [c], T (3, w),  T (2, x), T (4, y), T (4, c), T (4, y), T (56, x)];10.28152060508728
9;MobilNet_1;1.2481233999999999;0.0015479850903675001;1;axe_xx_0,axe_yy_0;57;[V f, U (4, f), U (7, y), U (3, h), T (8, c), Hoist_vars [c], T (3, w),  T (2, x), T (16, y), T (4, c), T (1, y), T (56, x)];11.037749767303467
10;MobilNet_1;1.0600491;0.0022772149854591753;1;axe_xx_0,axe_yy_0;58;[V f, U (4, f), U (4, y), T (16, c), Hoist_vars [c], T (3, w), T (3, h),  T (2, x), T (14, y), T (2, c), T (2, y), T (56, x)];11.745818376541138
11;MobilNet_1;1.0505687;0.0015997037256942608;1;axe_xx_0,axe_yy_0;113;[V f, U (4, f), U (7, y), U (3, w), T (32, c), Hoist_vars [c], T (3, h),  T (1, x), T (16, y), T (1, c), T (1, y), T (112, x)];12.467184782028198
12;MobilNet_1;1.1286204;0.0023169136885089064;1;axe_xx_0,axe_yy_0;114;[V f, U (4, f), U (4, y), U (3, h), T (8, c), Hoist_vars [c], T (3, w),  T (1, x), T (14, y), T (4, c), T (2, y), T (112, x)];13.190068483352661
13;MobilNet_1;1.0920308000000003;0.0014431407277185726;1;axe_xx_0,axe_yy_0;113;[V f, U (4, f), U (4, y), U (3, h), T (16, c), Hoist_vars [c], T (3, w),  T (1, x), T (28, y), T (2, c), T (1, y), T (112, x)];13.896305561065674
14;MobilNet_1;0.9897863000000001;0.000939966494083718;1;axe_xx_0,axe_yy_0;84;[V f, U (4, f), U (4, y), U (3, h), T (32, c), Hoist_vars [c], T (3, w),  T (2, x), T (1, y), T (1, c), T (28, y), T (56, x)];14.59285569190979
15;MobilNet_1;1.2344682999999996;0.0016334311770013705;1;axe_xx_0,axe_yy_0;116;[V f, U (4, f), U (4, y), T (8, c), Hoist_vars [c], T (3, w), T (3, h),  T (1, x), T (7, y), T (4, c), T (4, y), T (112, x)];15.347412824630737
16;MobilNet_1;1.2077952;0.023204216215162263;1;axe_xx_0,axe_yy_0;113;[V f, U (4, f), U (4, y), U (3, w), T (8, c), Hoist_vars [c], T (3, h),  T (1, x), T (28, y), T (4, c), T (1, y), T (112, x)];16.0673086643219
17;MobilNet_1;1.1887624;0.002206885778648275;1;axe_xx_0,axe_yy_0;72;[V f, U (4, f), U (7, y), U (3, h), T (16, c), Hoist_vars [c], T (3, w),  T (2, x), T (1, y), T (2, c), T (16, y), T (56, x)];16.79340434074402
18;MobilNet_1;1.1023770000000002;0.0019214644415132822;1;axe_xx_0,axe_yy_0;58;[V f, U (4, f), U (7, y), U (3, w), T (16, c), Hoist_vars [c], T (3, h),  T (2, x), T (8, y), T (2, c), T (2, y), T (56, x)];17.53180456161499
19;MobilNet_1;0.9689953000000001;0.012706364602434494;1;axe_xx_0,axe_yy_0;140;[V f, U (4, f), U (4, y), U (3, w), T (16, c), Hoist_vars [c], T (3, h),  T (1, x), T (1, y), T (2, c), T (28, y), T (112, x)];18.22390079498291
20;MobilNet_1;1.1264526;0.0011322039745557686;1;axe_xx_0,axe_yy_0;116;[V f, U (4, f), U (4, y), U (3, h), T (8, c), Hoist_vars [c], T (3, w),  T (1, x), T (7, y), T (4, c), T (4, y), T (112, x)];18.940937042236328
21;MobilNet_1;1.0822581;0.002087009221349945;1;axe_xx_0,axe_yy_0;114;[V f, U (4, f), U (4, y), T (32, c), Hoist_vars [c], T (3, w), T (3, h),  T (1, x), T (14, y), T (1, c), T (2, y), T (112, x)];19.653082132339478
22;MobilNet_1;1.1099832;0.0021263735701894126;1;axe_xx_0,axe_yy_0;84;[V f, U (4, f), U (4, y), U (3, w), T (16, c), Hoist_vars [c], T (3, h),  T (2, x), T (1, y), T (2, c), T (28, y), T (56, x)];20.35313367843628
23;MobilNet_1;1.0026784;0.0078176326237551;1;axe_xx_0,axe_yy_0;140;[V f, U (4, f), U (4, y), U (3, h), T (16, c), Hoist_vars [c], T (3, w),  T (1, x), T (1, y), T (2, c), T (28, y), T (112, x)];21.048051595687866
24;MobilNet_1;1.1954477;0.0020620432609428745;1;axe_xx_0,axe_yy_0;120;[V f, U (4, f), U (7, y), U (3, h), T (16, c), Hoist_vars [c], T (3, w),  T (1, x), T (2, y), T (2, c), T (8, y), T (112, x)];21.777402877807617
25;MobilNet_1;1.0214644000000002;0.0008594684636447896;1;axe_xx_0,axe_yy_0;60;[V f, U (4, f), U (4, y), T (32, c), Hoist_vars [c], T (3, w), T (3, h),  T (2, x), T (7, y), T (1, c), T (4, y), T (56, x)];22.48892569541931
26;MobilNet_1;1.0582851000000002;0.0012704538913317616;1;axe_xx_0,axe_yy_0;63;[V f, U (4, f), U (4, y), T (16, c), Hoist_vars [c], T (3, w), T (3, h),  T (2, x), T (4, y), T (2, c), T (7, y), T (56, x)];23.19952416419983
27;MobilNet_1;1.0809698;0.0019862172489433475;1;axe_xx_0,axe_yy_0;116;[V f, U (4, f), U (4, y), T (32, c), Hoist_vars [c], T (3, w), T (3, h),  T (1, x), T (7, y), T (1, c), T (4, y), T (112, x)];23.909555673599243
28;MobilNet_1;1.0525309;0.0027259224291971223;1;axe_xx_0,axe_yy_0;140;[V f, U (4, f), U (4, y), T (16, c), Hoist_vars [c], T (3, w), T (3, h),  T (1, x), T (1, y), T (2, c), T (28, y), T (112, x)];24.60207176208496
29;MobilNet_1;0.9794278000000001;0.001626662706279347;1;axe_xx_0,axe_yy_0;116;[V f, U (4, f), U (4, y), U (3, h), T (32, c), Hoist_vars [c], T (3, w),  T (1, x), T (7, y), T (1, c), T (4, y), T (112, x)];25.30692458152771
30;MobilNet_1;1.1767673000000003;0.017471729971871727;1;axe_xx_0,axe_yy_0;60;[V f, U (4, f), U (4, y), U (3, w), T (16, c), Hoist_vars [c], T (3, h),  T (2, x), T (7, y), T (2, c), T (4, y), T (56, x)];26.030205726623535
31;MobilNet_1;0.9932578;0.001079567487468876;1;axe_xx_0,axe_yy_0,axe_out_channels_0,axe_xx_1;24;[V f, U (2, f), U (8, y), U (3, h), T (16, c), Hoist_vars [c], T (7, x),  T (2, c), T (3, w), T (4, x), T (2, f), T (14, y), T (4, x)];26.7285373210907
32;MobilNet_1;1.0993393;0.0013019521534987498;1;axe_xx_0,axe_yy_0;116;[V f, U (4, f), U (7, y), U (3, w), T (16, c), Hoist_vars [c], T (3, h),  T (1, x), T (4, y), T (2, c), T (4, y), T (112, x)];27.46886658668518
33;MobilNet_1;1.3030751;0.0021789667941480946;1;axe_xx_0,axe_yy_0;63;[V f, U (4, f), U (4, y), T (8, c), Hoist_vars [c], T (3, w), T (3, h),  T (2, x), T (4, y), T (4, c), T (7, y), T (56, x)];28.22751474380493
34;MobilNet_1;1.1591365999999999;0.002817038806974392;1;axe_xx_0,axe_yy_0;128;[V f, U (4, f), U (7, y), U (3, h), T (32, c), Hoist_vars [c], T (3, w),  T (1, x), T (1, y), T (1, c), T (16, y), T (112, x)];28.945810079574585
35;MobilNet_1;1.0912630999999997;0.001060494361135418;1;axe_xx_0,axe_yy_0;60;[V f, U (4, f), U (4, y), U (3, h), T (16, c), Hoist_vars [c], T (3, w),  T (2, x), T (7, y), T (2, c), T (4, y), T (56, x)];29.66894292831421
36;MobilNet_1;1.0572276999999999;0.0022760715740064224;1;axe_xx_0,axe_yy_0;60;[V f, U (4, f), U (4, y), T (16, c), Hoist_vars [c], T (3, w), T (3, h),  T (2, x), T (7, y), T (2, c), T (4, y), T (56, x)];30.386024475097656
37;MobilNet_1;1.0664973;0.0024625608236143385;1;axe_xx_0,axe_yy_0,axe_out_channels_0,axe_xx_1;21;[V f, U (2, f), U (8, y), U (3, h), T (8, c), Hoist_vars [c], T (28, x),  T (4, c), T (3, w), T (1, x), T (2, f), T (14, y), T (4, x)];31.091066598892212
38;MobilNet_1;0.9935036;0.0022925691788907568;1;axe_xx_0,axe_yy_0;126;[V f, U (4, f), U (4, y), U (3, h), T (16, c), Hoist_vars [c], T (3, w),  T (1, x), T (2, y), T (2, c), T (14, y), T (112, x)];31.79438614845276
39;MobilNet_1;1.0358037;0.0013938104641592866;1;axe_xx_0,axe_yy_0,axe_out_channels_0,axe_xx_1;24;[V f, U (2, f), U (8, y), U (3, h), T (8, c), Hoist_vars [c], T (7, x),  T (4, c), T (3, w), T (4, x), T (2, f), T (14, y), T (4, x)];32.499438524246216
40;MobilNet_1;1.1789596;0.007479846458317179;1;axe_xx_0,axe_yy_0;126;[V f, U (4, f), U (4, y), U (3, w), T (16, c), Hoist_vars [c], T (3, h),  T (1, x), T (2, y), T (2, c), T (14, y), T (112, x)];33.202717304229736
41;MobilNet_1;1.1450894999999999;0.0023343381181825523;1;axe_xx_0,axe_yy_0;57;[V f, U (4, f), U (7, y), U (3, w), T (8, c), Hoist_vars [c], T (3, h),  T (2, x), T (16, y), T (4, c), T (1, y), T (56, x)];33.96410274505615
42;MobilNet_1;1.0930825;0.0015371687773305949;1;axe_xx_0,axe_yy_0;128;[V f, U (4, f), U (7, y), U (3, w), T (32, c), Hoist_vars [c], T (3, h),  T (1, x), T (1, y), T (1, c), T (16, y), T (112, x)];34.68018937110901
43;MobilNet_1;1.0920729999999998;0.0008933650989377253;1;axe_xx_0,axe_yy_0;72;[V f, U (4, f), U (7, y), U (3, w), T (16, c), Hoist_vars [c], T (3, h),  T (2, x), T (1, y), T (2, c), T (16, y), T (56, x)];35.40847182273865
44;MobilNet_1;1.1906383000000003;0.0016228767081944828;1;axe_xx_0,axe_yy_0;119;[V f, U (4, f), U (4, y), U (3, w), T (16, c), Hoist_vars [c], T (3, h),  T (1, x), T (4, y), T (2, c), T (7, y), T (112, x)];36.1175274848938
45;MobilNet_1;1.1704151999999999;0.0019570766873068498;1;axe_xx_0,axe_yy_0;120;[V f, U (4, f), U (7, y), U (3, h), T (32, c), Hoist_vars [c], T (3, w),  T (1, x), T (2, y), T (1, c), T (8, y), T (112, x)];36.84242630004883
46;MobilNet_1;1.1977874;0.0024488374874620977;1;axe_xx_0,axe_yy_0;57;[V f, U (4, f), U (7, y), U (3, h), T (16, c), Hoist_vars [c], T (3, w),  T (2, x), T (16, y), T (2, c), T (1, y), T (56, x)];37.58935880661011
47;MobilNet_1;1.0213832;0.0012118060735942988;1;axe_xx_0,axe_yy_0;58;[V f, U (4, f), U (4, y), T (32, c), Hoist_vars [c], T (3, w), T (3, h),  T (2, x), T (14, y), T (1, c), T (2, y), T (56, x)];38.291245222091675
48;MobilNet_1;1.1995467999999998;0.0039113056081057865;1;axe_xx_0,axe_yy_0;60;[V f, U (4, f), U (4, y), U (3, w), T (8, c), Hoist_vars [c], T (3, h),  T (2, x), T (7, y), T (4, c), T (4, y), T (56, x)];39.019654512405396
49;MobilNet_1;1.0866649;0.0008483741450562866;1;axe_xx_0,axe_yy_0;60;[V f, U (4, f), U (7, y), U (3, w), T (32, c), Hoist_vars [c], T (3, h),  T (2, x), T (4, y), T (1, c), T (4, y), T (56, x)];39.77277159690857
50;MobilNet_1;1.372951;0.002924618573421152;1;axe_yy_1,axe_xx_1;30;[V f, U (4, f), U (4, y), T (16, c), Hoist_vars [c], T (3, w), T (3, h),  T (28, x), T (2, y), T (2, c), T (14, y), T (4, x)];40.49204349517822
51;MobilNet_1;1.1720951000000004;0.001637522180002423;1;axe_xx_0,axe_yy_0;63;[V f, U (4, f), U (4, y), U (3, w), T (8, c), Hoist_vars [c], T (3, h),  T (2, x), T (4, y), T (4, c), T (7, y), T (56, x)];41.22253608703613
52;MobilNet_1;1.0405829;0.0007935838267001322;1;axe_xx_0,axe_yy_0,axe_out_channels_0,axe_xx_1;22;[V f, U (2, f), U (8, y), U (3, h), T (8, c), Hoist_vars [c], T (14, x),  T (4, c), T (3, w), T (2, x), T (2, f), T (14, y), T (4, x)];41.93288803100586
53;MobilNet_1;1.2441985;0.0014254605045388195;1;axe_xx_0,axe_yy_0;113;[V f, U (4, f), U (4, y), T (8, c), Hoist_vars [c], T (3, w), T (3, h),  T (1, x), T (28, y), T (4, c), T (1, y), T (112, x)];42.68324136734009
54;MobilNet_1;1.2205695;0.010431832027501198;1;axe_xx_0,axe_yy_0;126;[V f, U (4, f), U (4, y), U (3, w), T (8, c), Hoist_vars [c], T (3, h),  T (1, x), T (2, y), T (4, c), T (14, y), T (112, x)];43.39766550064087
55;MobilNet_1;1.8372948;0.003129667260269075;1;axe_yy_1,axe_xx_1;30;[V f, U (4, f), U (4, y), T (8, c), Hoist_vars [c], T (3, w), T (3, h),  T (28, x), T (2, y), T (4, c), T (14, y), T (4, x)];44.169602394104004
56;MobilNet_1;1.1239792;0.001222177793939918;1;axe_xx_0,axe_yy_0;128;[V f, U (4, f), U (7, y), U (3, w), T (16, c), Hoist_vars [c], T (3, h),  T (1, x), T (1, y), T (2, c), T (16, y), T (112, x)];44.89601492881775
57;MobilNet_1;1.2353862;0.001314706187708862;1;axe_xx_0,axe_yy_0;119;[V f, U (4, f), U (4, y), U (3, w), T (8, c), Hoist_vars [c], T (3, h),  T (1, x), T (4, y), T (4, c), T (7, y), T (112, x)];45.61567711830139
58;MobilNet_1;1.1648298;0.0017673645803850883;1;axe_xx_0,axe_yy_0;60;[V f, U (4, f), U (7, y), U (3, h), T (32, c), Hoist_vars [c], T (3, w),  T (2, x), T (4, y), T (1, c), T (4, y), T (56, x)];46.369383573532104
59;MobilNet_1;1.2435727;0.0033934356056952203;1;axe_xx_0,axe_yy_0;116;[V f, U (4, f), U (7, y), U (3, h), T (8, c), Hoist_vars [c], T (3, w),  T (1, x), T (4, y), T (4, c), T (4, y), T (112, x)];47.115201234817505
60;MobilNet_1;0.9640366;0.0012063435000032297;1;axe_xx_0,axe_yy_0,axe_out_channels_0,axe_xx_1;22;[V f, U (2, f), U (8, y), U (3, h), T (32, c), Hoist_vars [c], T (14, x),  T (1, c), T (3, w), T (2, x), T (2, f), T (14, y), T (4, x)];47.81312942504883
61;MobilNet_1;1.1730864999999997;0.0011456155768843003;1;axe_xx_0,axe_yy_0;114;[V f, U (4, f), U (7, y), U (3, h), T (32, c), Hoist_vars [c], T (3, w),  T (1, x), T (8, y), T (1, c), T (2, y), T (112, x)];48.56843876838684
62;MobilNet_1;1.2530776;0.0013600611162738058;1;axe_xx_0,axe_yy_0;113;[V f, U (4, f), U (7, y), U (3, h), T (8, c), Hoist_vars [c], T (3, w),  T (1, x), T (16, y), T (4, c), T (1, y), T (112, x)];49.307945251464844
63;MobilNet_1;0.9952346000000001;0.0013368416660173013;1;axe_xx_0,axe_yy_0;57;[V f, U (4, f), U (4, y), U (3, h), T (32, c), Hoist_vars [c], T (3, w),  T (2, x), T (28, y), T (1, c), T (1, y), T (56, x)];50.02506732940674
64;MobilNet_1;1.1437423;0.001876398201342146;1;axe_xx_0,axe_yy_0;60;[V f, U (4, f), U (7, y), U (3, w), T (8, c), Hoist_vars [c], T (3, h),  T (2, x), T (4, y), T (4, c), T (4, y), T (56, x)];50.79239773750305
65;MobilNet_1;1.0935462;0.001339446885845082;1;axe_xx_0,axe_yy_0;57;[V f, U (4, f), U (4, y), U (3, h), T (16, c), Hoist_vars [c], T (3, w),  T (2, x), T (28, y), T (2, c), T (1, y), T (56, x)];51.52001214027405
66;MobilNet_1;1.2004273;0.0006615465289758404;1;axe_xx_0,axe_yy_0;58;[V f, U (4, f), U (4, y), U (3, w), T (8, c), Hoist_vars [c], T (3, h),  T (2, x), T (14, y), T (4, c), T (2, y), T (56, x)];52.241212368011475
67;MobilNet_1;1.0707475;0.003488554206257949;1;axe_xx_0,axe_yy_0;63;[V f, U (4, f), U (4, y), U (3, h), T (16, c), Hoist_vars [c], T (3, w),  T (2, x), T (4, y), T (2, c), T (7, y), T (56, x)];52.96225357055664
68;MobilNet_1;1.2383161;0.001921037659703783;1;axe_xx_0,axe_yy_0;120;[V f, U (4, f), U (7, y), U (3, h), T (8, c), Hoist_vars [c], T (3, w),  T (1, x), T (2, y), T (4, c), T (8, y), T (112, x)];53.69846844673157
69;MobilNet_1;1.2618189;0.0010724760556767201;1;axe_yy_1,axe_xx_1;57;[V f, U (4, f), U (4, y), T (32, c), Hoist_vars [c], T (3, w), T (3, h),  T (56, x), T (1, y), T (1, c), T (28, y), T (2, x)];54.413108348846436
70;MobilNet_1;1.1391631;0.02751583886945839;1;axe_xx_0,axe_yy_0;113;[V f, U (4, f), U (4, y), U (3, w), T (16, c), Hoist_vars [c], T (3, h),  T (1, x), T (28, y), T (2, c), T (1, y), T (112, x)];55.12124156951904
71;MobilNet_1;1.0577718;0.002321753897380171;1;axe_xx_0,axe_yy_0;57;[V f, U (4, f), U (4, y), T (16, c), Hoist_vars [c], T (3, w), T (3, h),  T (2, x), T (28, y), T (2, c), T (1, y), T (56, x)];55.840330600738525
72;MobilNet_1;1.1693118999999998;0.0009155811760843307;1;axe_xx_0,axe_yy_0;60;[V f, U (4, f), U (4, y), U (3, w), T (32, c), Hoist_vars [c], T (3, h),  T (2, x), T (7, y), T (1, c), T (4, y), T (56, x)];56.56198191642761
73;MobilNet_1;1.078643;0.0019170179446213068;1;axe_xx_0,axe_yy_0;119;[V f, U (4, f), U (4, y), T (32, c), Hoist_vars [c], T (3, w), T (3, h),  T (1, x), T (4, y), T (1, c), T (7, y), T (112, x)];57.26063013076782
74;MobilNet_1;1.1383625;0.0014757363755088415;1;axe_xx_0,axe_yy_0;120;[V f, U (4, f), U (7, y), U (3, w), T (8, c), Hoist_vars [c], T (3, h),  T (1, x), T (2, y), T (4, c), T (8, y), T (112, x)];58.000158071517944
75;MobilNet_1;1.1949416999999998;0.002742606572222863;1;axe_xx_0,axe_yy_0;64;[V f, U (4, f), U (7, y), U (3, h), T (16, c), Hoist_vars [c], T (3, w),  T (2, x), T (2, y), T (2, c), T (8, y), T (56, x)];58.74046230316162
76;MobilNet_1;1.1218248;0.0012476424808413548;1;axe_xx_0,axe_yy_0;70;[V f, U (4, f), U (4, y), U (3, h), T (8, c), Hoist_vars [c], T (3, w),  T (2, x), T (2, y), T (4, c), T (14, y), T (56, x)];59.4612295627594
77;MobilNet_1;1.198754;0.0014843997440043032;1;axe_xx_0,axe_yy_0;58;[V f, U (4, f), U (7, y), U (3, h), T (16, c), Hoist_vars [c], T (3, w),  T (2, x), T (8, y), T (2, c), T (2, y), T (56, x)];60.2069046497345
78;MobilNet_1;1.1611045999999998;0.0026553368599859326;1;axe_xx_0,axe_yy_0;128;[V f, U (4, f), U (7, y), U (3, w), T (8, c), Hoist_vars [c], T (3, h),  T (1, x), T (1, y), T (4, c), T (16, y), T (112, x)];60.942467212677
79;MobilNet_1;1.2344123999999999;0.002141254314648335;1;axe_xx_0,axe_yy_0;70;[V f, U (4, f), U (4, y), T (8, c), Hoist_vars [c], T (3, w), T (3, h),  T (2, x), T (2, y), T (4, c), T (14, y), T (56, x)];61.689643144607544
80;MobilNet_1;1.0935088;0.00290309968137507;1;axe_xx_0,axe_yy_0;64;[V f, U (4, f), U (7, y), U (3, w), T (16, c), Hoist_vars [c], T (3, h),  T (2, x), T (2, y), T (2, c), T (8, y), T (56, x)];62.42981719970703
81;MobilNet_1;1.0876607999999999;0.0021608569041007882;1;axe_xx_0,axe_yy_0,axe_out_channels_0,axe_xx_1;129;[V f, U (2, f), U (8, y), U (3, h), T (8, c), Hoist_vars [c], T (1, x),  T (4, c), T (3, w), T (1, x), T (2, f), T (14, y), T (112, x)];63.13661575317383
82;MobilNet_1;0.9852721000000001;0.0025226383985819524;1;axe_xx_0,axe_yy_0;119;[V f, U (4, f), U (4, y), U (3, h), T (32, c), Hoist_vars [c], T (3, w),  T (1, x), T (4, y), T (1, c), T (7, y), T (112, x)];63.83525204658508
83;MobilNet_1;0.9947611999999999;0.0043271181587749815;1;axe_xx_0,axe_yy_0;84;[V f, U (4, f), U (4, y), U (3, w), T (32, c), Hoist_vars [c], T (3, h),  T (2, x), T (1, y), T (1, c), T (28, y), T (56, x)];64.52891182899475
84;MobilNet_1;1.0257067000000002;0.0008777691097322173;1;axe_xx_0,axe_yy_0;84;[V f, U (4, f), U (4, y), U (3, h), T (8, c), Hoist_vars [c], T (3, w),  T (2, x), T (1, y), T (4, c), T (28, y), T (56, x)];65.23603796958923
85;MobilNet_1;1.0163597;0.0013362775946636105;1;axe_xx_0,axe_yy_0,axe_out_channels_0,axe_xx_1;74;[V f, U (2, f), U (8, y), U (3, h), T (32, c), Hoist_vars [c], T (1, x),  T (1, c), T (3, w), T (2, x), T (2, f), T (14, y), T (56, x)];65.93513178825378
86;MobilNet_1;1.0531985000000001;0.000495286028472395;1;axe_xx_0,axe_yy_0,axe_out_channels_0,axe_xx_1;73;[V f, U (2, f), U (8, y), U (3, h), T (8, c), Hoist_vars [c], T (2, x),  T (4, c), T (3, w), T (1, x), T (2, f), T (14, y), T (56, x)];66.64167952537537
87;MobilNet_1;0.9980136;0.002415791969520523;1;axe_xx_0,axe_yy_0;126;[V f, U (4, f), U (4, y), U (3, w), T (32, c), Hoist_vars [c], T (3, h),  T (1, x), T (2, y), T (1, c), T (14, y), T (112, x)];67.33739566802979
88;MobilNet_1;1.2418706;0.0016795506661008881;1;axe_xx_0,axe_yy_0;58;[V f, U (4, f), U (4, y), T (8, c), Hoist_vars [c], T (3, w), T (3, h),  T (2, x), T (14, y), T (4, c), T (2, y), T (56, x)];68.09426021575928
89;MobilNet_1;1.1706298;0.002099077645062231;1;axe_xx_0,axe_yy_0;58;[V f, U (4, f), U (7, y), U (3, h), T (32, c), Hoist_vars [c], T (3, w),  T (2, x), T (8, y), T (1, c), T (2, y), T (56, x)];68.8317232131958
90;MobilNet_1;1.0734179;0.005095084836388892;1;axe_xx_0,axe_yy_0;140;[V f, U (4, f), U (4, y), U (3, h), T (8, c), Hoist_vars [c], T (3, w),  T (1, x), T (1, y), T (4, c), T (28, y), T (112, x)];69.53236293792725
91;MobilNet_1;1.0873211;0.0007641869470227181;1;axe_xx_0,axe_yy_0;58;[V f, U (4, f), U (7, y), U (3, w), T (32, c), Hoist_vars [c], T (3, h),  T (2, x), T (8, y), T (1, c), T (2, y), T (56, x)];70.26951551437378
92;MobilNet_1;1.2373205;0.003628992291256646;1;axe_xx_0,axe_yy_0;64;[V f, U (4, f), U (7, y), U (3, h), T (8, c), Hoist_vars [c], T (3, w),  T (2, x), T (2, y), T (4, c), T (8, y), T (56, x)];71.01783728599548
93;MobilNet_1;1.1706882000000003;0.001950055937659218;1;axe_xx_0,axe_yy_0;113;[V f, U (4, f), U (7, y), U (3, h), T (32, c), Hoist_vars [c], T (3, w),  T (1, x), T (16, y), T (1, c), T (1, y), T (112, x)];71.75842261314392
94;MobilNet_1;1.0739454;0.0009200508898968684;1;axe_xx_0,axe_yy_0;116;[V f, U (4, f), U (4, y), U (3, h), T (16, c), Hoist_vars [c], T (3, w),  T (1, x), T (7, y), T (2, c), T (4, y), T (112, x)];72.47087621688843
95;MobilNet_1;0.9864113;0.0013926730449032095;1;axe_xx_0,axe_yy_0;58;[V f, U (4, f), U (4, y), U (3, h), T (32, c), Hoist_vars [c], T (3, w),  T (2, x), T (14, y), T (1, c), T (2, y), T (56, x)];73.18110609054565
96;MobilNet_1;1.1309996000000002;0.001897136220728506;1;axe_xx_0,axe_yy_0;113;[V f, U (4, f), U (4, y), U (3, h), T (8, c), Hoist_vars [c], T (3, w),  T (1, x), T (28, y), T (4, c), T (1, y), T (112, x)];73.895681142807
97;MobilNet_1;1.0509665000000001;0.001335187421300855;1;axe_xx_0,axe_yy_0;120;[V f, U (4, f), U (7, y), U (3, w), T (32, c), Hoist_vars [c], T (3, h),  T (1, x), T (2, y), T (1, c), T (8, y), T (112, x)];74.62282729148865
98;MobilNet_1;1.0936468;0.0009734624594713542;1;axe_xx_0,axe_yy_0;63;[V f, U (4, f), U (4, y), U (3, w), T (32, c), Hoist_vars [c], T (3, h),  T (2, x), T (4, y), T (1, c), T (7, y), T (56, x)];75.33936762809753
99;MobilNet_1;0.9859997999999999;0.0011778475962534165;1;axe_xx_0,axe_yy_0;60;[V f, U (4, f), U (4, y), U (3, h), T (32, c), Hoist_vars [c], T (3, w),  T (2, x), T (7, y), T (1, c), T (4, y), T (56, x)];76.05692863464355
100;MobilNet_1;1.0716761000000001;0.0015735813579221202;1;axe_xx_0,axe_yy_0;119;[V f, U (4, f), U (4, y), U (3, h), T (16, c), Hoist_vars [c], T (3, w),  T (1, x), T (4, y), T (2, c), T (7, y), T (112, x)];76.75859427452087
101;MobilNet_1;1.1678638;0.030355189064804104;1;axe_xx_0,axe_yy_0;58;[V f, U (4, f), U (4, y), U (3, w), T (16, c), Hoist_vars [c], T (3, h),  T (2, x), T (14, y), T (2, c), T (2, y), T (56, x)];77.47480702400208
102;MobilNet_1;1.2503387;0.0017472265479896735;1;axe_xx_0,axe_yy_0;114;[V f, U (4, f), U (7, y), U (3, h), T (8, c), Hoist_vars [c], T (3, w),  T (1, x), T (8, y), T (4, c), T (2, y), T (112, x)];78.23957014083862
103;MobilNet_1;1.1871608;0.0033736778387984984;1;axe_xx_0,axe_yy_0,axe_out_channels_0,axe_xx_1;74;[V f, U (2, f), U (8, y), U (3, h), T (8, c), Hoist_vars [c], T (1, x),  T (4, c), T (3, w), T (2, x), T (2, f), T (14, y), T (56, x)];78.95283031463623
104;MobilNet_1;1.233371;0.00180612668437184;1;axe_xx_0,axe_yy_0;72;[V f, U (4, f), U (7, y), U (3, h), T (8, c), Hoist_vars [c], T (3, w),  T (2, x), T (1, y), T (4, c), T (16, y), T (56, x)];79.68821859359741
105;MobilNet_1;1.0195257000000002;0.0016534528145672061;1;axe_xx_0,axe_yy_0;63;[V f, U (4, f), U (4, y), T (32, c), Hoist_vars [c], T (3, w), T (3, h),  T (2, x), T (4, y), T (1, c), T (7, y), T (56, x)];80.39585041999817
106;MobilNet_1;1.2853062999999998;0.0023783519104623825;1;axe_yy_1,axe_xx_1;30;[V f, U (4, f), U (4, y), T (32, c), Hoist_vars [c], T (3, w), T (3, h),  T (28, x), T (2, y), T (1, c), T (14, y), T (4, x)];81.1080219745636
107;MobilNet_1;1.085685;0.0019270335233202143;1;axe_xx_0,axe_yy_0;32;[V f, U (4, f), U (4, y), T (32, c), Hoist_vars [c], T (3, w), T (3, h),  T (28, x), T (1, y), T (1, c), T (28, y), T (4, x)];81.80694317817688
108;MobilNet_1;1.1981766;0.0018215928304646226;1;axe_xx_0,axe_yy_0;116;[V f, U (4, f), U (7, y), U (3, h), T (16, c), Hoist_vars [c], T (3, w),  T (1, x), T (4, y), T (2, c), T (4, y), T (112, x)];82.54483389854431
109;MobilNet_1;1.0493344;0.0014187619391568078;1;axe_xx_0,axe_yy_0;116;[V f, U (4, f), U (7, y), U (3, w), T (32, c), Hoist_vars [c], T (3, h),  T (1, x), T (4, y), T (1, c), T (4, y), T (112, x)];83.28014421463013
110;MobilNet_1;1.204427;0.0016423504498126692;1;axe_xx_0,axe_yy_0;128;[V f, U (4, f), U (7, y), U (3, h), T (16, c), Hoist_vars [c], T (3, w),  T (1, x), T (1, y), T (2, c), T (16, y), T (112, x)];84.00379657745361
111;MobilNet_1;1.1294155;0.01703517131848103;1;axe_xx_0,axe_yy_0;116;[V f, U (4, f), U (4, y), U (3, w), T (16, c), Hoist_vars [c], T (3, h),  T (1, x), T (7, y), T (2, c), T (4, y), T (112, x)];84.72058129310608
112;MobilNet_1;1.2506287999999999;0.0011948511036944862;1;axe_xx_0,axe_yy_0;32;[V f, U (4, f), U (4, y), T (8, c), Hoist_vars [c], T (3, w), T (3, h),  T (28, x), T (1, y), T (4, c), T (28, y), T (4, x)];85.46377849578857
113;MobilNet_1;1.2493529;0.000915804285860215;1;axe_xx_0,axe_yy_0;140;[V f, U (4, f), U (4, y), T (8, c), Hoist_vars [c], T (3, w), T (3, h),  T (1, x), T (1, y), T (4, c), T (28, y), T (112, x)];86.20043802261353
114;MobilNet_1;1.0876624;0.001697190572681805;1;axe_xx_0,axe_yy_0;70;[V f, U (4, f), U (4, y), U (3, h), T (16, c), Hoist_vars [c], T (3, w),  T (2, x), T (2, y), T (2, c), T (14, y), T (56, x)];86.91448926925659
115;MobilNet_1;1.1799975999999999;0.21104352075683344;1;axe_xx_0,axe_yy_0;113;[V f, U (4, f), U (4, y), U (3, w), T (32, c), Hoist_vars [c], T (3, h),  T (1, x), T (28, y), T (1, c), T (1, y), T (112, x)];87.62609648704529
116;MobilNet_1;1.0558579000000001;0.001716277451346359;1;axe_xx_0,axe_yy_0;119;[V f, U (4, f), U (4, y), T (16, c), Hoist_vars [c], T (3, w), T (3, h),  T (1, x), T (4, y), T (2, c), T (7, y), T (112, x)];88.32877039909363
117;MobilNet_1;1.0553784;0.0017179993131546784;1;axe_xx_0,axe_yy_0;113;[V f, U (4, f), U (4, y), T (16, c), Hoist_vars [c], T (3, w), T (3, h),  T (1, x), T (28, y), T (2, c), T (1, y), T (112, x)];89.0349190235138
118;MobilNet_1;1.2441957;0.002687015186038235;1;axe_xx_0,axe_yy_0;57;[V f, U (4, f), U (4, y), T (8, c), Hoist_vars [c], T (3, w), T (3, h),  T (2, x), T (28, y), T (4, c), T (1, y), T (56, x)];89.80150985717773
119;MobilNet_1;1.1419446;0.0017411226378403312;1;axe_yy_1,axe_xx_1;56;[V f, U (4, f), U (4, y), T (32, c), Hoist_vars [c], T (3, w), T (3, h),  T (28, x), T (28, y), T (1, c), T (1, y), T (4, x)];90.5053780078888
120;MobilNet_1;1.9423249999999999;0.015784750444653894;1;axe_xx_0,axe_yy_0;60;[V f, U (4, f), U (4, y), T (8, c), Hoist_vars [c], T (3, w), T (3, h),  T (2, x), T (7, y), T (4, c), T (4, y), T (56, x)];91.29931426048279
121;MobilNet_1;1.0547622;0.002939401156698377;1;axe_xx_0,axe_yy_0;126;[V f, U (4, f), U (4, y), T (16, c), Hoist_vars [c], T (3, w), T (3, h),  T (1, x), T (2, y), T (2, c), T (14, y), T (112, x)];92.03119230270386
122;MobilNet_1;1.1402178;0.0024813593774381136;1;axe_xx_0,axe_yy_0;116;[V f, U (4, f), U (7, y), U (3, w), T (8, c), Hoist_vars [c], T (3, h),  T (1, x), T (4, y), T (4, c), T (4, y), T (112, x)];92.77997303009033
123;MobilNet_1;1.2286785;0.0017545489021397686;1;axe_xx_0,axe_yy_0;126;[V f, U (4, f), U (4, y), T (8, c), Hoist_vars [c], T (3, w), T (3, h),  T (1, x), T (2, y), T (4, c), T (14, y), T (112, x)];93.52369832992554
124;MobilNet_1;1.1681345999999997;0.0009572400117002749;1;axe_xx_0,axe_yy_0;70;[V f, U (4, f), U (4, y), U (3, w), T (32, c), Hoist_vars [c], T (3, h),  T (2, x), T (2, y), T (1, c), T (14, y), T (56, x)];94.23427963256836
125;MobilNet_1;0.9997978;0.0015629884708468081;1;axe_xx_0,axe_yy_0,axe_out_channels_0,axe_xx_1;21;[V f, U (2, f), U (8, y), U (3, h), T (16, c), Hoist_vars [c], T (28, x),  T (2, c), T (3, w), T (1, x), T (2, f), T (14, y), T (4, x)];94.93701481819153
126;MobilNet_1;1.1422047000000002;0.0015855563093122944;1;axe_xx_0,axe_yy_0;114;[V f, U (4, f), U (7, y), U (3, w), T (8, c), Hoist_vars [c], T (3, h),  T (1, x), T (8, y), T (4, c), T (2, y), T (112, x)];95.70599699020386
127;MobilNet_1;1.1242112;0.005600324862005771;1;axe_xx_0,axe_yy_0;58;[V f, U (4, f), U (4, y), U (3, h), T (8, c), Hoist_vars [c], T (3, w),  T (2, x), T (14, y), T (4, c), T (2, y), T (56, x)];96.42958927154541
128;MobilNet_1;1.2257532;0.0009477952099477634;1;axe_xx_0,axe_yy_0;84;[V f, U (4, f), U (4, y), T (8, c), Hoist_vars [c], T (3, w), T (3, h),  T (2, x), T (1, y), T (4, c), T (28, y), T (56, x)];97.17212390899658
129;MobilNet_1;1.0617309;0.0014784540202522375;1;axe_xx_0,axe_yy_0;70;[V f, U (4, f), U (4, y), T (16, c), Hoist_vars [c], T (3, w), T (3, h),  T (2, x), T (2, y), T (2, c), T (14, y), T (56, x)];97.87824010848999
130;MobilNet_1;1.1311695;0.00201962255136941;1;axe_yy_1,axe_xx_1;84;[V f, U (4, f), U (4, y), T (32, c), Hoist_vars [c], T (3, w), T (3, h),  T (56, x), T (28, y), T (1, c), T (1, y), T (2, x)];98.5752580165863
131;MobilNet_1;1.1154235;0.0020750922027707314;1;axe_xx_0,axe_yy_0,axe_out_channels_0,axe_xx_1;74;[V f, U (2, f), U (8, y), U (3, h), T (16, c), Hoist_vars [c], T (1, x),  T (2, c), T (3, w), T (2, x), T (2, f), T (14, y), T (56, x)];99.28445601463318
132;MobilNet_1;0.9770699;0.004711842854977229;1;axe_xx_0,axe_yy_0;119;[V f, U (4, f), U (4, y), U (3, w), T (32, c), Hoist_vars [c], T (3, h),  T (1, x), T (4, y), T (1, c), T (7, y), T (112, x)];99.98688864707947
133;MobilNet_1;0.9790569999999998;0.0009781944591951218;1;axe_xx_0,axe_yy_0,axe_out_channels_0,axe_xx_1;27;[V f, U (2, f), U (8, y), U (3, h), T (32, c), Hoist_vars [c], T (4, x),  T (1, c), T (3, w), T (7, x), T (2, f), T (14, y), T (4, x)];100.68400955200195
134;MobilNet_1;1.7727218;0.0013329616498609464;1;axe_yy_1,axe_xx_1;57;[V f, U (4, f), U (4, y), T (8, c), Hoist_vars [c], T (3, w), T (3, h),  T (56, x), T (1, y), T (4, c), T (28, y), T (2, x)];101.45723938941956
135;MobilNet_1;1.1167448999999998;0.0014548015981570087;1;axe_xx_0,axe_yy_0,axe_out_channels_0,axe_xx_1;129;[V f, U (2, f), U (8, y), U (3, h), T (16, c), Hoist_vars [c], T (1, x),  T (2, c), T (3, w), T (1, x), T (2, f), T (14, y), T (112, x)];102.1640465259552
136;MobilNet_1;1.1687666;0.0009835086374811635;1;axe_xx_0,axe_yy_0;116;[V f, U (4, f), U (7, y), U (3, h), T (32, c), Hoist_vars [c], T (3, w),  T (1, x), T (4, y), T (1, c), T (4, y), T (112, x)];102.8991961479187
137;MobilNet_1;1.1511372999999998;0.012915472666921642;1;axe_xx_0,axe_yy_0;58;[V f, U (4, f), U (4, y), U (3, w), T (32, c), Hoist_vars [c], T (3, h),  T (2, x), T (14, y), T (1, c), T (2, y), T (56, x)];103.61038422584534
138;MobilNet_1;0.9897699000000001;0.0016971034411608333;1;axe_xx_0,axe_yy_0;116;[V f, U (4, f), U (4, y), U (3, w), T (32, c), Hoist_vars [c], T (3, h),  T (1, x), T (7, y), T (1, c), T (4, y), T (112, x)];104.32026076316833
139;MobilNet_1;1.1060239000000003;0.0012019165902840395;1;axe_xx_0,axe_yy_0;114;[V f, U (4, f), U (7, y), U (3, w), T (16, c), Hoist_vars [c], T (3, h),  T (1, x), T (8, y), T (2, c), T (2, y), T (112, x)];105.08029174804688
140;MobilNet_1;1.2415181;0.002734906705904212;1;axe_xx_0,axe_yy_0;128;[V f, U (4, f), U (7, y), U (3, h), T (8, c), Hoist_vars [c], T (3, w),  T (1, x), T (1, y), T (4, c), T (16, y), T (112, x)];105.811927318573
141;MobilNet_1;1.0480121999999998;0.0009819520151208164;1;axe_xx_0,axe_yy_0;72;[V f, U (4, f), U (7, y), U (3, w), T (32, c), Hoist_vars [c], T (3, h),  T (2, x), T (1, y), T (1, c), T (16, y), T (56, x)];106.53657913208008
142;MobilNet_1;0.9846271;0.0020246362364631865;1;axe_xx_0,axe_yy_0;126;[V f, U (4, f), U (4, y), U (3, h), T (32, c), Hoist_vars [c], T (3, w),  T (1, x), T (2, y), T (1, c), T (14, y), T (112, x)];107.23804044723511
143;MobilNet_1;1.1450659;0.0015627129902832345;1;axe_xx_0,axe_yy_0;58;[V f, U (4, f), U (7, y), U (3, w), T (8, c), Hoist_vars [c], T (3, h),  T (2, x), T (8, y), T (4, c), T (2, y), T (56, x)];107.99036765098572
144;MobilNet_1;0.9950498;0.0022611791525661796;1;axe_xx_0,axe_yy_0;140;[V f, U (4, f), U (4, y), T (32, c), Hoist_vars [c], T (3, w), T (3, h),  T (1, x), T (1, y), T (1, c), T (28, y), T (112, x)];108.6763858795166
145;MobilNet_1;1.1991175;0.001222921277106629;1;axe_xx_0,axe_yy_0;114;[V f, U (4, f), U (7, y), U (3, h), T (16, c), Hoist_vars [c], T (3, w),  T (1, x), T (8, y), T (2, c), T (2, y), T (112, x)];109.43579387664795
146;MobilNet_1;1.0021999;0.0007343044940622227;1;axe_xx_0,axe_yy_0;140;[V f, U (4, f), U (4, y), U (3, w), T (8, c), Hoist_vars [c], T (3, h),  T (1, x), T (1, y), T (4, c), T (28, y), T (112, x)];110.13783168792725
147;MobilNet_1;0.9686664;0.002272015017556001;1;axe_xx_0,axe_yy_0,axe_out_channels_0,axe_xx_1;21;[V f, U (2, f), U (8, y), U (3, h), T (32, c), Hoist_vars [c], T (28, x),  T (1, c), T (3, w), T (1, x), T (2, f), T (14, y), T (4, x)];110.83432102203369
148;MobilNet_1;1.2084118;0.00666221332291304;1;axe_xx_0,axe_yy_0;116;[V f, U (4, f), U (4, y), U (3, w), T (8, c), Hoist_vars [c], T (3, h),  T (1, x), T (7, y), T (4, c), T (4, y), T (112, x)];111.55895972251892
149;MobilNet_1;0.9674299;0.0010006109583649827;1;axe_xx_0,axe_yy_0,axe_out_channels_0,axe_xx_1;24;[V f, U (2, f), U (8, y), U (3, h), T (32, c), Hoist_vars [c], T (7, x),  T (1, c), T (3, w), T (4, x), T (2, f), T (14, y), T (4, x)];112.25730323791504
150;MobilNet_1;0.9882149;0.0017750770941004409;1;axe_xx_0,axe_yy_0;113;[V f, U (4, f), U (4, y), U (3, h), T (32, c), Hoist_vars [c], T (3, w),  T (1, x), T (28, y), T (1, c), T (1, y), T (112, x)];112.95318245887756
151;MobilNet_1;1.1544328;0.0014811427885251243;1;axe_xx_0,axe_yy_0;113;[V f, U (4, f), U (7, y), U (3, w), T (8, c), Hoist_vars [c], T (3, h),  T (1, x), T (16, y), T (4, c), T (1, y), T (112, x)];113.69214916229248
152;MobilNet_1;0.9909224;0.0028854251055953736;1;axe_xx_0,axe_yy_0;70;[V f, U (4, f), U (4, y), U (3, h), T (32, c), Hoist_vars [c], T (3, w),  T (2, x), T (2, y), T (1, c), T (14, y), T (56, x)];114.39986228942871
153;MobilNet_1;1.1089288;0.00685152252860633;1;axe_xx_0,axe_yy_0;60;[V f, U (4, f), U (4, y), U (3, h), T (8, c), Hoist_vars [c], T (3, w),  T (2, x), T (7, y), T (4, c), T (4, y), T (56, x)];115.13305234909058
154;MobilNet_1;1.2348244999999998;0.0021918021922609837;1;axe_xx_0,axe_yy_0;119;[V f, U (4, f), U (4, y), T (8, c), Hoist_vars [c], T (3, w), T (3, h),  T (1, x), T (4, y), T (4, c), T (7, y), T (112, x)];115.87898969650269
155;MobilNet_1;1.0534119;0.0011630725213846167;1;axe_xx_0,axe_yy_0;114;[V f, U (4, f), U (7, y), U (3, w), T (32, c), Hoist_vars [c], T (3, h),  T (1, x), T (8, y), T (1, c), T (2, y), T (112, x)];116.63415050506592
156;MobilNet_1;1.0899609;0.0011117069263074967;1;axe_xx_0,axe_yy_0;57;[V f, U (4, f), U (7, y), U (3, w), T (32, c), Hoist_vars [c], T (3, h),  T (2, x), T (16, y), T (1, c), T (1, y), T (56, x)];117.3742880821228
157;MobilNet_1;1.0973016999999998;0.0011608326365156589;1;axe_xx_0,axe_yy_0;60;[V f, U (4, f), U (7, y), U (3, w), T (16, c), Hoist_vars [c], T (3, h),  T (2, x), T (4, y), T (2, c), T (4, y), T (56, x)];118.13406467437744
158;MobilNet_1;1.2008769999999998;0.0018397228052073238;1;axe_xx_0,axe_yy_0;113;[V f, U (4, f), U (7, y), U (3, h), T (16, c), Hoist_vars [c], T (3, w),  T (1, x), T (16, y), T (2, c), T (1, y), T (112, x)];118.86423063278198
159;MobilNet_1;1.0201959999999999;0.0006923579998815845;1;axe_xx_0,axe_yy_0;70;[V f, U (4, f), U (4, y), T (32, c), Hoist_vars [c], T (3, w), T (3, h),  T (2, x), T (2, y), T (1, c), T (14, y), T (56, x)];119.56625175476074
160;MobilNet_1;1.1234925;0.0012238427390804686;1;axe_xx_0,axe_yy_0;119;[V f, U (4, f), U (4, y), U (3, h), T (8, c), Hoist_vars [c], T (3, w),  T (1, x), T (4, y), T (4, c), T (7, y), T (112, x)];120.2780396938324
161;MobilNet_1;1.0463916000000002;0.0010409137524309989;1;axe_xx_0,axe_yy_0,axe_out_channels_0,axe_xx_1;27;[V f, U (2, f), U (8, y), U (3, h), T (8, c), Hoist_vars [c], T (4, x),  T (4, c), T (3, w), T (7, x), T (2, f), T (14, y), T (4, x)];120.98380398750305
162;MobilNet_1;1.1971244;0.0016292029462285868;1;axe_xx_0,axe_yy_0;60;[V f, U (4, f), U (7, y), U (3, h), T (16, c), Hoist_vars [c], T (3, w),  T (2, x), T (4, y), T (2, c), T (4, y), T (56, x)];121.74092316627502
163;MobilNet_1;1.0797473;0.0029525343706720826;1;axe_xx_0,axe_yy_0;114;[V f, U (4, f), U (4, y), U (3, h), T (16, c), Hoist_vars [c], T (3, w),  T (1, x), T (14, y), T (2, c), T (2, y), T (112, x)];122.45685172080994
164;MobilNet_1;1.1002864;0.0011210371269498125;1;axe_xx_0,axe_yy_0;57;[V f, U (4, f), U (7, y), U (3, w), T (16, c), Hoist_vars [c], T (3, h),  T (2, x), T (16, y), T (2, c), T (1, y), T (56, x)];123.20446467399597
165;MobilNet_1;1.3471935000000002;0.0015353106037541244;1;axe_yy_1,axe_xx_1;57;[V f, U (4, f), U (4, y), T (16, c), Hoist_vars [c], T (3, w), T (3, h),  T (56, x), T (1, y), T (2, c), T (28, y), T (2, x)];123.92867350578308
166;MobilNet_1;1.1992482;0.006721293607632357;1;axe_xx_0,axe_yy_0;114;[V f, U (4, f), U (4, y), U (3, w), T (8, c), Hoist_vars [c], T (3, h),  T (1, x), T (14, y), T (4, c), T (2, y), T (112, x)];124.65939021110535
167;MobilNet_1;1.082762;0.0018545399968725171;1;axe_xx_0,axe_yy_0;113;[V f, U (4, f), U (4, y), T (32, c), Hoist_vars [c], T (3, w), T (3, h),  T (1, x), T (28, y), T (1, c), T (1, y), T (112, x)];125.36027145385742
168;MobilNet_1;0.9445112;0.0006640614128226236;1;axe_xx_0,axe_yy_0;140;[V f, U (4, f), U (4, y), U (3, w), T (32, c), Hoist_vars [c], T (3, h),  T (1, x), T (1, y), T (1, c), T (28, y), T (112, x)];126.04698395729065
169;MobilNet_1;1.0550609999999998;0.0015749102196633464;1;axe_xx_0,axe_yy_0;84;[V f, U (4, f), U (4, y), T (16, c), Hoist_vars [c], T (3, w), T (3, h),  T (2, x), T (1, y), T (2, c), T (28, y), T (56, x)];126.74244165420532
170;MobilNet_1;1.1050767999999997;0.002788640019794579;1;axe_xx_0,axe_yy_0;63;[V f, U (4, f), U (4, y), U (3, h), T (8, c), Hoist_vars [c], T (3, w),  T (2, x), T (4, y), T (4, c), T (7, y), T (56, x)];127.46926403045654
171;MobilNet_1;1.2368931;0.0008035376095740864;1;axe_xx_0,axe_yy_0;70;[V f, U (4, f), U (4, y), U (3, w), T (8, c), Hoist_vars [c], T (3, h),  T (2, x), T (2, y), T (4, c), T (14, y), T (56, x)];128.19268321990967
172;MobilNet_1;1.0965234000000001;0.0016114129328015183;1;axe_xx_0,axe_yy_0;120;[V f, U (4, f), U (7, y), U (3, w), T (16, c), Hoist_vars [c], T (3, h),  T (1, x), T (2, y), T (2, c), T (8, y), T (112, x)];128.92550683021545
173;MobilNet_1;0.9432318000000001;0.00264838810599958;1;axe_xx_0,axe_yy_0;140;[V f, U (4, f), U (4, y), U (3, h), T (32, c), Hoist_vars [c], T (3, w),  T (1, x), T (1, y), T (1, c), T (28, y), T (112, x)];129.61149907112122
174;MobilNet_1;0.9906320999999998;0.0012527656165460248;1;axe_xx_0,axe_yy_0,axe_out_channels_0,axe_xx_1;22;[V f, U (2, f), U (8, y), U (3, h), T (16, c), Hoist_vars [c], T (14, x),  T (2, c), T (3, w), T (2, x), T (2, f), T (14, y), T (4, x)];130.30714964866638
175;MobilNet_1;0.9959946000000001;0.0008371562817061118;1;axe_xx_0,axe_yy_0;114;[V f, U (4, f), U (4, y), U (3, h), T (32, c), Hoist_vars [c], T (3, w),  T (1, x), T (14, y), T (1, c), T (2, y), T (112, x)];131.01665878295898
176;MobilNet_1;1.0133633000000002;0.0008886458293381153;1;axe_xx_0,axe_yy_0,axe_out_channels_0,axe_xx_1;129;[V f, U (2, f), U (8, y), U (3, h), T (32, c), Hoist_vars [c], T (1, x),  T (1, c), T (3, w), T (1, x), T (2, f), T (14, y), T (112, x)];131.71093344688416
177;MobilNet_1;1.0813934;0.001599810126233763;1;axe_xx_0,axe_yy_0;84;[V f, U (4, f), U (4, y), T (32, c), Hoist_vars [c], T (3, w), T (3, h),  T (2, x), T (1, y), T (1, c), T (28, y), T (56, x)];132.4069356918335
178;MobilNet_1;1.2391921;0.0016808811647466514;1;axe_xx_0,axe_yy_0;114;[V f, U (4, f), U (4, y), T (8, c), Hoist_vars [c], T (3, w), T (3, h),  T (1, x), T (14, y), T (4, c), T (2, y), T (112, x)];133.16670036315918
179;MobilNet_1;1.1338787;0.001564832006957899;1;axe_xx_0,axe_yy_0;64;[V f, U (4, f), U (7, y), U (3, w), T (8, c), Hoist_vars [c], T (3, h),  T (2, x), T (2, y), T (4, c), T (8, y), T (56, x)];133.91799759864807
180;MobilNet_1;1.054687;0.0025667472021997347;1;axe_xx_0,axe_yy_0;116;[V f, U (4, f), U (4, y), T (16, c), Hoist_vars [c], T (3, w), T (3, h),  T (1, x), T (7, y), T (2, c), T (4, y), T (112, x)];134.63251209259033
181;MobilNet_1;1.07937;0.0025050397202439536;1;axe_xx_0,axe_yy_0;126;[V f, U (4, f), U (4, y), T (32, c), Hoist_vars [c], T (3, w), T (3, h),  T (1, x), T (2, y), T (1, c), T (14, y), T (112, x)];135.33018016815186
182;MobilNet_1;1.1717279;0.002156939565680989;1;axe_xx_0,axe_yy_0;57;[V f, U (4, f), U (7, y), U (3, h), T (32, c), Hoist_vars [c], T (3, w),  T (2, x), T (16, y), T (1, c), T (1, y), T (56, x)];136.06989645957947
183;MobilNet_1;1.2330747;0.0011653632094759051;1;axe_xx_0,axe_yy_0;84;[V f, U (4, f), U (4, y), U (3, w), T (8, c), Hoist_vars [c], T (3, h),  T (2, x), T (1, y), T (4, c), T (28, y), T (56, x)];136.7814712524414
184;MobilNet_1;1.0799414999999999;0.002943522761930018;1;axe_xx_0,axe_yy_0;57;[V f, U (4, f), U (4, y), U (3, w), T (32, c), Hoist_vars [c], T (3, h),  T (2, x), T (28, y), T (1, c), T (1, y), T (56, x)];137.49536395072937
185;MobilNet_1;1.1149578000000002;0.0018673556597498847;1;axe_xx_0,axe_yy_0;70;[V f, U (4, f), U (4, y), U (3, w), T (16, c), Hoist_vars [c], T (3, h),  T (2, x), T (2, y), T (2, c), T (14, y), T (56, x)];138.206312417984
186;MobilNet_1;0.9990487;0.002341082273223237;1;axe_xx_0,axe_yy_0,axe_out_channels_0,axe_xx_1;27;[V f, U (2, f), U (8, y), U (3, h), T (16, c), Hoist_vars [c], T (4, x),  T (2, c), T (3, w), T (7, x), T (2, f), T (14, y), T (4, x)];138.9054238796234
187;MobilNet_1;1.1074715000000002;0.0015332815299220026;1;axe_xx_0,axe_yy_0;113;[V f, U (4, f), U (7, y), U (3, w), T (16, c), Hoist_vars [c], T (3, h),  T (1, x), T (16, y), T (2, c), T (1, y), T (112, x)];139.6384744644165
188;MobilNet_1;1.2456961;0.0023370221843191604;1;axe_xx_0,axe_yy_0;58;[V f, U (4, f), U (7, y), U (3, h), T (8, c), Hoist_vars [c], T (3, w),  T (2, x), T (8, y), T (4, c), T (2, y), T (56, x)];140.38881134986877
189;MobilNet_1;1.1345907;0.0012191068903094466;1;axe_xx_0,axe_yy_0;72;[V f, U (4, f), U (7, y), U (3, w), T (8, c), Hoist_vars [c], T (3, h),  T (2, x), T (1, y), T (4, c), T (16, y), T (56, x)];141.1256239414215
190;MobilNet_1;1.0568819999999999;0.001519754585451267;1;axe_xx_0,axe_yy_0;114;[V f, U (4, f), U (4, y), T (16, c), Hoist_vars [c], T (3, w), T (3, h),  T (1, x), T (14, y), T (2, c), T (2, y), T (112, x)];141.8411192893982
191;MobilNet_1;1.0010925;0.003614055402176333;1;axe_xx_0,axe_yy_0;114;[V f, U (4, f), U (4, y), U (3, w), T (32, c), Hoist_vars [c], T (3, h),  T (1, x), T (14, y), T (1, c), T (2, y), T (112, x)];142.55224609375
192;MobilNet_1;1.1213656;0.0015362611236375066;1;axe_xx_0,axe_yy_0;63;[V f, U (4, f), U (4, y), U (3, w), T (16, c), Hoist_vars [c], T (3, h),  T (2, x), T (4, y), T (2, c), T (7, y), T (56, x)];143.27323055267334
193;MobilNet_1;1.1684817;0.0022237201285233905;1;axe_xx_0,axe_yy_0;72;[V f, U (4, f), U (7, y), U (3, h), T (32, c), Hoist_vars [c], T (3, w),  T (2, x), T (1, y), T (1, c), T (16, y), T (56, x)];143.99938440322876
194;MobilNet_1;1.0049170999999997;0.0011050802188076001;1;axe_xx_0,axe_yy_0,axe_out_channels_0,axe_xx_1;73;[V f, U (2, f), U (8, y), U (3, h), T (16, c), Hoist_vars [c], T (2, x),  T (2, c), T (3, w), T (1, x), T (2, f), T (14, y), T (56, x)];144.6978816986084
195;MobilNet_1;1.1508834000000001;0.0015418719920927224;1;axe_xx_0,axe_yy_0;57;[V f, U (4, f), U (4, y), U (3, w), T (16, c), Hoist_vars [c], T (3, h),  T (2, x), T (28, y), T (2, c), T (1, y), T (56, x)];145.4215579032898
196;MobilNet_1;1.0666938000000001;0.002015959265461509;1;axe_xx_0,axe_yy_0;57;[V f, U (4, f), U (4, y), T (32, c), Hoist_vars [c], T (3, w), T (3, h),  T (2, x), T (28, y), T (1, c), T (1, y), T (56, x)];146.1333577632904
197;MobilNet_1;1.0932746000000002;0.001909023216202497;1;axe_xx_0,axe_yy_0;58;[V f, U (4, f), U (4, y), U (3, h), T (16, c), Hoist_vars [c], T (3, w),  T (2, x), T (14, y), T (2, c), T (2, y), T (56, x)];146.85073685646057
198;MobilNet_1;0.9917501999999999;0.0011140664073564066;1;axe_xx_0,axe_yy_0,axe_out_channels_0,axe_xx_1;73;[V f, U (2, f), U (8, y), U (3, h), T (32, c), Hoist_vars [c], T (2, x),  T (1, c), T (3, w), T (1, x), T (2, f), T (14, y), T (56, x)];147.5467185974121
199;MobilNet_1;1.0259776999999999;0.0021323723431896117;1;axe_xx_0,axe_yy_0;126;[V f, U (4, f), U (4, y), U (3, h), T (8, c), Hoist_vars [c], T (3, w),  T (1, x), T (2, y), T (4, c), T (14, y), T (112, x)];148.2567446231842
