IdRun;NameConv;Time(ms);std;NbMicroKernel;AxeFuse;SizeAxeFuse;Schema;Time_search(3.9413259029388428)
0;ResNet18_2;1.2788798;0.008663208387196981;1;axe_out_channels_0,axe_out_channels_1,axe_xx_0,axe_yy_0,axe_out_channels_2;74;[V f, U (4, f), U (4, y), U (3, h), T (64, c), Hoist_vars [c], T (1, x),  T (3, w), T (1, c), T (1, f), T (14, y), T (56, x), T (2, f), T (1, f)];4.8974175453186035
1;ResNet18_2;1.6245015000000003;0.005641972638182492;1;axe_out_channels_0,axe_out_channels_1,axe_xx_0,axe_yy_0,axe_out_channels_2;19;[V f, U (4, f), U (7, y), U (3, h), T (32, c), Hoist_vars [c], T (8, x),  T (3, w), T (2, c), T (1, f), T (8, y), T (7, x), T (2, f), T (1, f)];5.919711112976074
2;ResNet18_2;1.0837825999999997;0.002115056462603321;2;axe_out_channels1_0,axe_out_channels1_1,axe_xx1_0,axe_yy1_0,axe_out_channels1_2;15;[V f, U (4, f), ULambda y, U (3, w), T (64, c), Hoist_vars [c], T (14, x),  T (3, h), T (1, c), T (1, f),  Lambda_apply y [((Iter 7), (Arg 4)), ((Iter 4), (Arg 7))], T (4, x),  T (1, f), T (2, f)];7.4258623123168945
3;ResNet18_2;1.0781375;0.0021123071864669663;2;axe_out_channels1_0,axe_out_channels1_1,axe_xx1_0,axe_yy1_0,axe_out_channels1_2;19;[V f, U (4, f), ULambda y, U (3, w), T (64, c), Hoist_vars [c], T (7, x),  T (3, h), T (1, c), T (1, f),  Lambda_apply y [((Iter 7), (Arg 6)), ((Iter 2), (Arg 7))], T (8, x),  T (1, f), T (2, f)];8.810208797454834
4;ResNet18_2;1.1503404;0.009154309413604076;2;axe_out_channels1_0,axe_out_channels1_1,axe_xx1_0,axe_yy1_0,axe_out_channels1_2;39;[V f, U (4, f), ULambda y, U (3, h), T (64, c), Hoist_vars [c], T (2, x),  T (3, w), T (1, c), T (1, f),  Lambda_apply y [((Iter 7), (Arg 4)), ((Iter 4), (Arg 7))], T (28, x),  T (2, f), T (1, f)];10.078547477722168
5;ResNet18_2;1.1719229;0.006996955430042423;2;axe_out_channels1_0,axe_out_channels1_1,axe_xx1_0,axe_yy1_0,axe_out_channels1_2;39;[V f, U (4, f), ULambda y, U (3, h), T (16, c), Hoist_vars [c], T (2, x),  T (3, w), T (4, c), T (1, f),  Lambda_apply y [((Iter 7), (Arg 5)), ((Iter 3), (Arg 7))], T (28, x),  T (1, f), T (2, f)];11.371488809585571
6;ResNet18_2;1.0632665;0.016625017667659808;2;axe_out_channels1_0,axe_out_channels1_1,axe_xx1_0,axe_yy1_0,axe_out_channels1_2;15;[V f, U (4, f), ULambda y, U (3, w), T (32, c), Hoist_vars [c], T (14, x),  T (3, h), T (2, c), T (1, f),  Lambda_apply y [((Iter 7), (Arg 4)), ((Iter 4), (Arg 7))], T (4, x),  T (2, f), T (1, f)];12.88858151435852
7;ResNet18_2;1.1266356000000002;0.009614196505168815;2;axe_out_channels1_0,axe_out_channels1_1,axe_xx1_0,axe_yy1_0,axe_out_channels1_2;67;[V f, U (4, f), ULambda y, U (3, h), T (64, c), Hoist_vars [c], T (1, x),  T (3, w), T (1, c), T (1, f),  Lambda_apply y [((Iter 7), (Arg 4)), ((Iter 4), (Arg 7))], T (56, x),  T (2, f), T (1, f)];14.165480852127075
8;ResNet18_2;1.2848457999999998;0.02724093384522638;2;axe_out_channels1_0,axe_out_channels1_1,axe_xx1_0,axe_yy1_0,axe_out_channels1_2;15;[V f, U (4, f), ULambda y, U (3, h), T (16, c), Hoist_vars [c], T (14, x),  T (3, w), T (4, c), T (1, f),  Lambda_apply y [((Iter 7), (Arg 6)), ((Iter 2), (Arg 7))], T (4, x),  T (2, f), T (1, f)];15.75779104232788
9;ResNet18_2;1.2561351000000003;0.0023624308857615127;1;axe_yy_0,axe_xx_0,axe_out_channels_0,axe_yy_1;16;[V f, U (2, f), U (8, y), U (3, h), T (16, c), Hoist_vars [c], T (14, x),  T (3, w), T (4, c), T (7, y), T (4, f), T (4, x), T (1, y)];16.735710382461548
10;ResNet18_2;1.198075;0.01506217668864629;2;axe_out_channels1_0,axe_out_channels1_1,axe_xx1_0,axe_yy1_0,axe_out_channels1_2;67;[V f, U (4, f), ULambda y, U (3, h), T (32, c), Hoist_vars [c], T (1, x),  T (3, w), T (2, c), T (1, f),  Lambda_apply y [((Iter 7), (Arg 4)), ((Iter 4), (Arg 7))], T (56, x),  T (1, f), T (2, f)];17.986084699630737
11;ResNet18_2;1.4682699999999997;0.0035157447290723566;1;axe_yy_0,axe_xx_0;6;[V f, U (2, f), ULambda y, U (3, h), T (16, c), Hoist_vars [c], T (14, x),  T (3, w), T (4, c),  Lambda_apply y [((Iter 2), (Arg 8)), ((Iter 1), (Arg 12))], T (4, f),  T (4, x), T (2, y)];19.070666313171387
12;ResNet18_2;1.2485996;0.014235747877789966;2;axe_out_channels1_0,axe_out_channels1_1,axe_xx1_0,axe_yy1_0,axe_out_channels1_2;67;[V f, U (4, f), ULambda y, U (3, h), T (16, c), Hoist_vars [c], T (1, x),  T (3, w), T (4, c), T (1, f),  Lambda_apply y [((Iter 7), (Arg 5)), ((Iter 3), (Arg 7))], T (56, x),  T (1, f), T (2, f)];20.334739208221436
13;ResNet18_2;1.2192249;0.009967026542053491;1;axe_out_channels_0,axe_out_channels_1,axe_xx_0,axe_yy_0,axe_out_channels_2;22;[V f, U (4, f), U (4, y), U (3, h), T (32, c), Hoist_vars [c], T (14, x),  T (3, w), T (2, c), T (1, f), T (14, y), T (4, x), T (2, f), T (1, f)];21.354981422424316
14;ResNet18_2;1.0635567000000001;0.0038829475930019512;2;axe_out_channels1_0,axe_out_channels1_1,axe_xx1_0,axe_yy1_0,axe_out_channels1_2;15;[V f, U (4, f), ULambda y, U (3, w), T (64, c), Hoist_vars [c], T (14, x),  T (3, h), T (1, c), T (1, f),  Lambda_apply y [((Iter 7), (Arg 4)), ((Iter 4), (Arg 7))], T (4, x),  T (2, f), T (1, f)];22.83473539352417
15;ResNet18_2;1.2968293;0.004465282746926592;1;axe_out_channels_0,axe_out_channels_1,axe_xx_0,axe_yy_0,axe_out_channels_2;22;[V f, U (4, f), U (4, y), U (3, h), T (64, c), Hoist_vars [c], T (14, x),  T (3, w), T (1, c), T (1, f), T (14, y), T (4, x), T (2, f), T (1, f)];23.85476016998291
16;ResNet18_2;1.5291238;0.0024167987835150735;1;axe_out_channels_0,axe_out_channels_1,axe_xx_0,axe_yy_0,axe_out_channels_2;68;[V f, U (4, f), U (7, y), U (3, w), T (64, c), Hoist_vars [c], T (1, x),  T (3, h), T (1, c), T (1, f), T (8, y), T (56, x), T (2, f), T (1, f)];24.8259699344635
17;ResNet18_2;1.3195636;0.00624503475090414;1;axe_out_channels_0,axe_out_channels_1,axe_xx_0,axe_yy_0,axe_out_channels_2;74;[V f, U (4, f), U (4, y), U (3, h), T (32, c), Hoist_vars [c], T (1, x),  T (3, w), T (2, c), T (1, f), T (14, y), T (56, x), T (2, f), T (1, f)];25.77233076095581
18;ResNet18_2;1.5636477;0.003610834032464008;2;axe_out_channels1_0,axe_out_channels1_1,axe_xx1_0,axe_yy1_0,axe_out_channels1_2;12;[V f, U (4, f), ULambda y, U (3, h), T (16, c), Hoist_vars [c], T (56, x),  T (3, w), T (4, c), T (1, f),  Lambda_apply y [((Iter 7), (Arg 5)), ((Iter 3), (Arg 7))], T (1, x),  T (2, f), T (1, f)];27.151236057281494
19;ResNet18_2;1.1027101;0.010358712501561177;2;axe_out_channels1_0,axe_out_channels1_1,axe_xx1_0,axe_yy1_0,axe_out_channels1_2;39;[V f, U (4, f), ULambda y, U (3, w), T (64, c), Hoist_vars [c], T (2, x),  T (3, h), T (1, c), T (1, f),  Lambda_apply y [((Iter 7), (Arg 4)), ((Iter 4), (Arg 7))], T (28, x),  T (2, f), T (1, f)];28.432802200317383
20;ResNet18_2;1.0830546;0.007567729886828695;2;axe_out_channels1_0,axe_out_channels1_1,axe_xx1_0,axe_yy1_0,axe_out_channels1_2;39;[V f, U (4, f), ULambda y, U (3, w), T (64, c), Hoist_vars [c], T (2, x),  T (3, h), T (1, c), T (1, f),  Lambda_apply y [((Iter 7), (Arg 6)), ((Iter 2), (Arg 7))], T (28, x),  T (1, f), T (2, f)];29.715400218963623
21;ResNet18_2;1.0896655000000002;0.010892035826694622;2;axe_out_channels1_0,axe_out_channels1_1,axe_xx1_0,axe_yy1_0,axe_out_channels1_2;39;[V f, U (4, f), ULambda y, U (3, w), T (32, c), Hoist_vars [c], T (2, x),  T (3, h), T (2, c), T (1, f),  Lambda_apply y [((Iter 7), (Arg 4)), ((Iter 4), (Arg 7))], T (28, x),  T (1, f), T (2, f)];31.00623393058777
22;ResNet18_2;1.3700229;0.002996378862894322;1;axe_yy_0,axe_xx_0,axe_out_channels_0,axe_yy_1;14;[V f, U (2, f), U (8, y), U (3, h), T (16, c), Hoist_vars [c], T (28, x),  T (3, w), T (4, c), T (1, y), T (4, f), T (2, x), T (7, y)];31.99727749824524
23;ResNet18_2;1.4036602;0.0026165399213464724;1;axe_yy_0,axe_xx_0,axe_out_channels_0,axe_yy_1;14;[V f, U (2, f), U (8, y), U (3, h), T (16, c), Hoist_vars [c], T (28, x),  T (3, w), T (4, c), T (7, y), T (4, f), T (2, x), T (1, y)];32.97046184539795
24;ResNet18_2;1.2479268000000001;0.00967312781679223;1;axe_out_channels_0,axe_out_channels_1,axe_xx_0,axe_yy_0,axe_out_channels_2;22;[V f, U (4, f), U (4, y), U (3, h), T (16, c), Hoist_vars [c], T (14, x),  T (3, w), T (4, c), T (1, f), T (14, y), T (4, x), T (1, f), T (2, f)];33.963658809661865
25;ResNet18_2;1.1843905;0.007238958920314431;2;axe_out_channels1_0,axe_out_channels1_1,axe_xx1_0,axe_yy1_0,axe_out_channels1_2;39;[V f, U (4, f), ULambda y, U (3, h), T (64, c), Hoist_vars [c], T (2, x),  T (3, w), T (1, c), T (1, f),  Lambda_apply y [((Iter 7), (Arg 6)), ((Iter 2), (Arg 7))], T (28, x),  T (2, f), T (1, f)];35.22982907295227
26;ResNet18_2;1.1290817;0.007656709515842984;2;axe_out_channels1_0,axe_out_channels1_1,axe_xx1_0,axe_yy1_0,axe_out_channels1_2;39;[V f, U (4, f), ULambda y, U (3, h), T (64, c), Hoist_vars [c], T (2, x),  T (3, w), T (1, c), T (1, f),  Lambda_apply y [((Iter 7), (Arg 5)), ((Iter 3), (Arg 7))], T (28, x),  T (1, f), T (2, f)];36.503515005111694
27;ResNet18_2;1.3160370000000001;0.008188902234121463;1;axe_out_channels_0,axe_out_channels_1,axe_xx_0,axe_yy_0,axe_out_channels_2;74;[V f, U (4, f), U (4, y), U (3, h), T (32, c), Hoist_vars [c], T (1, x),  T (3, w), T (2, c), T (1, f), T (14, y), T (56, x), T (1, f), T (2, f)];37.469308376312256
28;ResNet18_2;1.7332142000000001;0.005059638678799094;1;axe_out_channels_0,axe_out_channels_1,axe_xx_0,axe_yy_0,axe_out_channels_2;14;[V f, U (4, f), U (7, y), U (3, h), T (32, c), Hoist_vars [c], T (28, x),  T (3, w), T (2, c), T (2, f), T (8, y), T (2, x), T (1, f), T (1, f)];38.474008321762085
29;ResNet18_2;1.086652;0.017700775576228275;2;axe_out_channels1_0,axe_out_channels1_1,axe_xx1_0,axe_yy1_0,axe_out_channels1_2;19;[V f, U (4, f), ULambda y, U (3, w), T (32, c), Hoist_vars [c], T (7, x),  T (3, h), T (2, c), T (1, f),  Lambda_apply y [((Iter 7), (Arg 6)), ((Iter 2), (Arg 7))], T (8, x),  T (1, f), T (2, f)];39.83341336250305
30;ResNet18_2;1.2124785;0.005678358076944424;1;axe_out_channels_0,axe_out_channels_1,axe_xx_0,axe_yy_0,axe_out_channels_2;74;[V f, U (4, f), U (4, y), U (3, w), T (64, c), Hoist_vars [c], T (1, x),  T (3, h), T (1, c), T (1, f), T (14, y), T (56, x), T (1, f), T (2, f)];40.8007972240448
31;ResNet18_2;1.3078675;0.0030884829366535182;1;axe_out_channels_0,axe_out_channels_1,axe_xx_0,axe_yy_0,axe_out_channels_2;19;[V f, U (4, f), U (4, y), U (3, w), T (16, c), Hoist_vars [c], T (56, x),  T (3, h), T (4, c), T (2, f), T (14, y), T (1, x), T (1, f), T (1, f)];41.79610800743103
32;ResNet18_2;1.1898863;0.01026786875695244;2;axe_out_channels1_0,axe_out_channels1_1,axe_xx1_0,axe_yy1_0,axe_out_channels1_2;67;[V f, U (4, f), ULambda y, U (3, h), T (32, c), Hoist_vars [c], T (1, x),  T (3, w), T (2, c), T (1, f),  Lambda_apply y [((Iter 7), (Arg 4)), ((Iter 4), (Arg 7))], T (56, x),  T (2, f), T (1, f)];43.052040100097656
33;ResNet18_2;1.0739348;0.001500017786561214;2;axe_out_channels1_0,axe_out_channels1_1,axe_xx1_0,axe_yy1_0,axe_out_channels1_2;15;[V f, U (4, f), ULambda y, U (3, w), T (64, c), Hoist_vars [c], T (14, x),  T (3, h), T (1, c), T (1, f),  Lambda_apply y [((Iter 7), (Arg 5)), ((Iter 3), (Arg 7))], T (4, x),  T (1, f), T (2, f)];44.552929162979126
34;ResNet18_2;1.1425443;0.01345774496748987;2;axe_out_channels1_0,axe_out_channels1_1,axe_xx1_0,axe_yy1_0,axe_out_channels1_2;67;[V f, U (4, f), ULambda y, U (3, w), T (64, c), Hoist_vars [c], T (1, x),  T (3, h), T (1, c), T (1, f),  Lambda_apply y [((Iter 7), (Arg 6)), ((Iter 2), (Arg 7))], T (56, x),  T (2, f), T (1, f)];45.83475661277771
35;ResNet18_2;1.3457880000000002;0.0037777916829809196;1;axe_out_channels_0,axe_out_channels_1,axe_xx_0,axe_yy_0,axe_out_channels_2;19;[V f, U (4, f), U (4, y), U (3, h), T (32, c), Hoist_vars [c], T (56, x),  T (3, w), T (2, c), T (2, f), T (14, y), T (1, x), T (1, f), T (1, f)];46.84825372695923
36;ResNet18_2;1.6770816;0.0021314779004250038;1;axe_out_channels_0,axe_out_channels_1,axe_xx_0,axe_yy_0,axe_out_channels_2;68;[V f, U (4, f), U (7, y), U (3, h), T (32, c), Hoist_vars [c], T (1, x),  T (3, w), T (2, c), T (1, f), T (8, y), T (56, x), T (1, f), T (2, f)];47.82570004463196
37;ResNet18_2;1.323912;0.0026833791010589204;1;axe_xx_0;56;[V f, U (4, f), U (4, y), T (16, c), Hoist_vars [c], T (3, w), T (3, h),  T (56, x), T (4, c), T (2, f), T (14, y), T (1, f), T (1, f)];48.789767026901245
38;ResNet18_2;1.1009392;0.011271971600390077;2;axe_out_channels1_0,axe_out_channels1_1,axe_xx1_0,axe_yy1_0,axe_out_channels1_2;39;[V f, U (4, f), ULambda y, U (3, w), T (32, c), Hoist_vars [c], T (2, x),  T (3, h), T (2, c), T (1, f),  Lambda_apply y [((Iter 7), (Arg 6)), ((Iter 2), (Arg 7))], T (28, x),  T (2, f), T (1, f)];50.06956648826599
39;ResNet18_2;1.2210512999999998;0.0019539845470218273;1;axe_out_channels_0,axe_out_channels_1,axe_xx_0,axe_yy_0,axe_out_channels_2;22;[V f, U (4, f), U (4, y), U (3, w), T (64, c), Hoist_vars [c], T (14, x),  T (3, h), T (1, c), T (1, f), T (14, y), T (4, x), T (1, f), T (2, f)];51.08315134048462
40;ResNet18_2;1.6524663;0.004044830010025152;1;axe_out_channels_0,axe_out_channels_1,axe_xx_0,axe_yy_0,axe_out_channels_2;68;[V f, U (4, f), U (7, y), U (3, h), T (64, c), Hoist_vars [c], T (1, x),  T (3, w), T (1, c), T (1, f), T (8, y), T (56, x), T (2, f), T (1, f)];52.05623483657837
41;ResNet18_2;1.2457616;0.023817431827130333;2;axe_out_channels1_0,axe_out_channels1_1,axe_xx1_0,axe_yy1_0,axe_out_channels1_2;18;[V f, U (4, f), ULambda y, U (3, h), T (16, c), Hoist_vars [c], T (8, x),  T (3, w), T (4, c), T (1, f),  Lambda_apply y [((Iter 7), (Arg 6)), ((Iter 2), (Arg 7))], T (7, x),  T (2, f), T (1, f)];53.40858030319214
42;ResNet18_2;1.2302442;0.01062806737652707;2;axe_out_channels1_0,axe_out_channels1_1,axe_xx1_0,axe_yy1_0,axe_out_channels1_2;67;[V f, U (4, f), ULambda y, U (3, h), T (32, c), Hoist_vars [c], T (1, x),  T (3, w), T (2, c), T (1, f),  Lambda_apply y [((Iter 7), (Arg 5)), ((Iter 3), (Arg 7))], T (56, x),  T (2, f), T (1, f)];54.676822900772095
43;ResNet18_2;1.180948;0.0017675656706329355;2;axe_out_channels1_0,axe_out_channels1_1,axe_xx1_0,axe_yy1_0,axe_out_channels1_2;18;[V f, U (4, f), ULambda y, U (3, h), T (64, c), Hoist_vars [c], T (8, x),  T (3, w), T (1, c), T (1, f),  Lambda_apply y [((Iter 7), (Arg 6)), ((Iter 2), (Arg 7))], T (7, x),  T (1, f), T (2, f)];56.035701274871826
44;ResNet18_2;1.1398807;0.015946210691258282;2;axe_out_channels1_0,axe_out_channels1_1,axe_xx1_0,axe_yy1_0,axe_out_channels1_2;67;[V f, U (4, f), ULambda y, U (3, w), T (32, c), Hoist_vars [c], T (1, x),  T (3, h), T (2, c), T (1, f),  Lambda_apply y [((Iter 7), (Arg 4)), ((Iter 4), (Arg 7))], T (56, x),  T (1, f), T (2, f)];57.31714963912964
45;ResNet18_2;1.4417069;0.0022051264113424475;1;axe_out_channels_0,axe_out_channels_1,axe_xx_0,axe_yy_0,axe_out_channels_2;16;[V f, U (4, f), U (7, y), U (3, w), T (16, c), Hoist_vars [c], T (14, x),  T (3, h), T (4, c), T (1, f), T (8, y), T (4, x), T (1, f), T (2, f)];58.49804377555847
46;ResNet18_2;1.6163177999999998;0.0027290404467505045;1;axe_out_channels_0,axe_out_channels_1,axe_xx_0,axe_yy_0,axe_out_channels_2;16;[V f, U (4, f), U (7, y), U (3, h), T (64, c), Hoist_vars [c], T (14, x),  T (3, w), T (1, c), T (1, f), T (8, y), T (4, x), T (1, f), T (2, f)];59.674052238464355
47;ResNet18_2;1.2786415;0.0046299972624182055;1;axe_out_channels_0,axe_out_channels_1,axe_xx_0,axe_yy_0,axe_out_channels_2;19;[V f, U (4, f), U (4, y), U (3, w), T (32, c), Hoist_vars [c], T (56, x),  T (3, h), T (2, c), T (2, f), T (14, y), T (1, x), T (1, f), T (1, f)];60.68784475326538
48;ResNet18_2;1.1921894;0.00713794794321166;2;axe_out_channels1_0,axe_out_channels1_1,axe_xx1_0,axe_yy1_0,axe_out_channels1_2;39;[V f, U (4, f), ULambda y, U (3, h), T (64, c), Hoist_vars [c], T (2, x),  T (3, w), T (1, c), T (1, f),  Lambda_apply y [((Iter 7), (Arg 6)), ((Iter 2), (Arg 7))], T (28, x),  T (1, f), T (2, f)];61.939396381378174
49;ResNet18_2;1.4985414000000001;0.004618197596465576;1;axe_out_channels_0,axe_out_channels_1,axe_xx_0,axe_yy_0,axe_out_channels_2;68;[V f, U (4, f), U (7, y), U (3, w), T (32, c), Hoist_vars [c], T (1, x),  T (3, h), T (2, c), T (1, f), T (8, y), T (56, x), T (2, f), T (1, f)];62.93454837799072
50;ResNet18_2;1.1596240000000002;0.013629228591523448;2;axe_out_channels1_0,axe_out_channels1_1,axe_xx1_0,axe_yy1_0,axe_out_channels1_2;39;[V f, U (4, f), ULambda y, U (3, h), T (32, c), Hoist_vars [c], T (2, x),  T (3, w), T (2, c), T (1, f),  Lambda_apply y [((Iter 7), (Arg 5)), ((Iter 3), (Arg 7))], T (28, x),  T (1, f), T (2, f)];64.18564486503601
51;ResNet18_2;1.0767039999999999;0.0014919335776099373;2;axe_out_channels1_0,axe_out_channels1_1,axe_xx1_0,axe_yy1_0,axe_out_channels1_2;15;[V f, U (4, f), ULambda y, U (3, w), T (64, c), Hoist_vars [c], T (14, x),  T (3, h), T (1, c), T (1, f),  Lambda_apply y [((Iter 7), (Arg 5)), ((Iter 3), (Arg 7))], T (4, x),  T (2, f), T (1, f)];65.69282841682434
52;ResNet18_2;1.2192101999999998;0.010042809097060481;1;axe_out_channels_0,axe_out_channels_1,axe_xx_0,axe_yy_0,axe_out_channels_2;74;[V f, U (4, f), U (4, y), U (3, w), T (32, c), Hoist_vars [c], T (1, x),  T (3, h), T (2, c), T (1, f), T (14, y), T (56, x), T (2, f), T (1, f)];66.65501999855042
53;ResNet18_2;1.2042936;0.016940814414897514;2;axe_out_channels1_0,axe_out_channels1_1,axe_xx1_0,axe_yy1_0,axe_out_channels1_2;67;[V f, U (4, f), ULambda y, U (3, w), T (32, c), Hoist_vars [c], T (1, x),  T (3, h), T (2, c), T (1, f),  Lambda_apply y [((Iter 7), (Arg 6)), ((Iter 2), (Arg 7))], T (56, x),  T (2, f), T (1, f)];67.92352080345154
54;ResNet18_2;1.5242288;0.005669224140920896;1;axe_out_channels_0,axe_out_channels_1,axe_xx_0,axe_yy_0,axe_out_channels_2;68;[V f, U (4, f), U (7, y), U (3, w), T (64, c), Hoist_vars [c], T (1, x),  T (3, h), T (1, c), T (1, f), T (8, y), T (56, x), T (1, f), T (2, f)];68.92254829406738
55;ResNet18_2;1.2313759;0.008510887115336456;2;axe_out_channels1_0,axe_out_channels1_1,axe_xx1_0,axe_yy1_0,axe_out_channels1_2;67;[V f, U (4, f), ULambda y, U (3, h), T (32, c), Hoist_vars [c], T (1, x),  T (3, w), T (2, c), T (1, f),  Lambda_apply y [((Iter 7), (Arg 6)), ((Iter 2), (Arg 7))], T (56, x),  T (2, f), T (1, f)];70.17749619483948
56;ResNet18_2;1.2016487000000002;0.024574036111514107;2;axe_out_channels1_0,axe_out_channels1_1,axe_xx1_0,axe_yy1_0,axe_out_channels1_2;15;[V f, U (4, f), ULambda y, U (3, h), T (16, c), Hoist_vars [c], T (14, x),  T (3, w), T (4, c), T (1, f),  Lambda_apply y [((Iter 7), (Arg 4)), ((Iter 4), (Arg 7))], T (4, x),  T (2, f), T (1, f)];71.67896556854248
57;ResNet18_2;1.0774903;0.005622973982689228;2;axe_out_channels1_0,axe_out_channels1_1,axe_xx1_0,axe_yy1_0,axe_out_channels1_2;39;[V f, U (4, f), ULambda y, U (3, w), T (64, c), Hoist_vars [c], T (2, x),  T (3, h), T (1, c), T (1, f),  Lambda_apply y [((Iter 7), (Arg 5)), ((Iter 3), (Arg 7))], T (28, x),  T (1, f), T (2, f)];72.96324133872986
58;ResNet18_2;1.2271851;0.01169891933000653;1;axe_out_channels_0,axe_out_channels_1,axe_xx_0,axe_yy_0,axe_out_channels_2;25;[V f, U (4, f), U (4, y), U (3, h), T (32, c), Hoist_vars [c], T (8, x),  T (3, w), T (2, c), T (1, f), T (14, y), T (7, x), T (2, f), T (1, f)];73.94447803497314
59;ResNet18_2;1.1788709;0.009996309223408377;2;axe_out_channels1_0,axe_out_channels1_1,axe_xx1_0,axe_yy1_0,axe_out_channels1_2;67;[V f, U (4, f), ULambda y, U (3, h), T (64, c), Hoist_vars [c], T (1, x),  T (3, w), T (1, c), T (1, f),  Lambda_apply y [((Iter 7), (Arg 6)), ((Iter 2), (Arg 7))], T (56, x),  T (2, f), T (1, f)];75.19752717018127
60;ResNet18_2;1.1612040000000001;0.00869643039413301;2;axe_out_channels1_0,axe_out_channels1_1,axe_xx1_0,axe_yy1_0,axe_out_channels1_2;15;[V f, U (4, f), ULambda y, U (3, h), T (32, c), Hoist_vars [c], T (14, x),  T (3, w), T (2, c), T (1, f),  Lambda_apply y [((Iter 7), (Arg 5)), ((Iter 3), (Arg 7))], T (4, x),  T (1, f), T (2, f)];76.70782351493835
61;ResNet18_2;1.4019538;0.0034470516909381964;1;axe_out_channels_0,axe_out_channels_1,axe_xx_0,axe_yy_0,axe_out_channels_2;16;[V f, U (4, f), U (7, y), U (3, w), T (64, c), Hoist_vars [c], T (14, x),  T (3, h), T (1, c), T (1, f), T (8, y), T (4, x), T (2, f), T (1, f)];77.88333249092102
62;ResNet18_2;1.2424664;0.010632240189160558;2;axe_out_channels1_0,axe_out_channels1_1,axe_xx1_0,axe_yy1_0,axe_out_channels1_2;67;[V f, U (4, f), ULambda y, U (3, h), T (16, c), Hoist_vars [c], T (1, x),  T (3, w), T (4, c), T (1, f),  Lambda_apply y [((Iter 7), (Arg 5)), ((Iter 3), (Arg 7))], T (56, x),  T (2, f), T (1, f)];79.15606021881104
63;ResNet18_2;1.3494240000000002;0.003429872942253105;1;axe_yy_0,axe_xx_0,axe_out_channels_0,axe_yy_1;14;[V f, U (2, f), U (8, y), U (3, h), T (32, c), Hoist_vars [c], T (28, x),  T (3, w), T (2, c), T (1, y), T (4, f), T (2, x), T (7, y)];80.13879299163818
64;ResNet18_2;1.1290454;0.0013751746216389635;2;axe_out_channels1_0,axe_out_channels1_1,axe_xx1_0,axe_yy1_0,axe_out_channels1_2;15;[V f, U (4, f), ULambda y, U (3, h), T (64, c), Hoist_vars [c], T (14, x),  T (3, w), T (1, c), T (1, f),  Lambda_apply y [((Iter 7), (Arg 5)), ((Iter 3), (Arg 7))], T (4, x),  T (1, f), T (2, f)];81.61157703399658
65;ResNet18_2;1.3798154999999999;0.003105497134115562;1;axe_yy_0,axe_xx_0,axe_out_channels_0,axe_yy_1;14;[V f, U (2, f), U (8, y), U (3, h), T (64, c), Hoist_vars [c], T (28, x),  T (3, w), T (1, c), T (7, y), T (4, f), T (2, x), T (1, y)];82.59765911102295
66;ResNet18_2;1.1603296000000003;0.012593491900183973;2;axe_out_channels1_0,axe_out_channels1_1,axe_xx1_0,axe_yy1_0,axe_out_channels1_2;67;[V f, U (4, f), ULambda y, U (3, h), T (64, c), Hoist_vars [c], T (1, x),  T (3, w), T (1, c), T (1, f),  Lambda_apply y [((Iter 7), (Arg 4)), ((Iter 4), (Arg 7))], T (56, x),  T (1, f), T (2, f)];83.83050394058228
67;ResNet18_2;1.2308681;0.006707366032206673;1;axe_out_channels_0,axe_out_channels_1,axe_xx_0,axe_yy_0,axe_out_channels_2;74;[V f, U (4, f), U (4, y), U (3, w), T (16, c), Hoist_vars [c], T (1, x),  T (3, h), T (4, c), T (1, f), T (14, y), T (56, x), T (1, f), T (2, f)];84.79110980033875
68;ResNet18_2;3.0781590000000003;0.003434692824693301;1;axe_yy_0,axe_xx_0;9;[V f, U (2, f), ULambda y, U (3, h), T (16, c), Hoist_vars [c], T (7, x),  T (3, w), T (4, c),  Lambda_apply y [((Iter 3), (Arg 10)), ((Iter 2), (Arg 13))], T (4, f),  T (8, x), T (1, y)];85.93952250480652
69;ResNet18_2;1.5545452000000002;0.005709563692612584;1;axe_out_channels_0,axe_out_channels_1,axe_xx_0,axe_yy_0,axe_out_channels_2;13;[V f, U (4, f), U (7, y), U (3, w), T (16, c), Hoist_vars [c], T (56, x),  T (3, h), T (4, c), T (2, f), T (8, y), T (1, x), T (1, f), T (1, f)];86.98547506332397
70;ResNet18_2;1.1795626000000001;0.0030038220719609847;1;axe_out_channels_0,axe_out_channels_1,axe_xx_0,axe_yy_0,axe_out_channels_2;22;[V f, U (4, f), U (4, y), U (3, w), T (16, c), Hoist_vars [c], T (14, x),  T (3, h), T (4, c), T (1, f), T (14, y), T (4, x), T (1, f), T (2, f)];88.00481653213501
71;ResNet18_2;1.0604811;0.014545816831309243;2;axe_out_channels1_0,axe_out_channels1_1,axe_xx1_0,axe_yy1_0,axe_out_channels1_2;15;[V f, U (4, f), ULambda y, U (3, w), T (32, c), Hoist_vars [c], T (14, x),  T (3, h), T (2, c), T (1, f),  Lambda_apply y [((Iter 7), (Arg 4)), ((Iter 4), (Arg 7))], T (4, x),  T (1, f), T (2, f)];89.50379419326782
72;ResNet18_2;1.2941777;0.0024799638727207147;1;axe_xx_0;56;[V f, U (4, f), U (4, y), T (32, c), Hoist_vars [c], T (3, w), T (3, h),  T (56, x), T (2, c), T (2, f), T (14, y), T (1, f), T (1, f)];90.46148777008057
73;ResNet18_2;1.5223330000000002;0.00328955647466342;1;axe_out_channels_0,axe_out_channels_1,axe_xx_0,axe_yy_0,axe_out_channels_2;68;[V f, U (4, f), U (7, y), U (3, w), T (16, c), Hoist_vars [c], T (1, x),  T (3, h), T (4, c), T (1, f), T (8, y), T (56, x), T (1, f), T (2, f)];91.42573809623718
74;ResNet18_2;1.1875189000000002;0.022643796724268663;2;axe_out_channels1_0,axe_out_channels1_1,axe_xx1_0,axe_yy1_0,axe_out_channels1_2;19;[V f, U (4, f), ULambda y, U (3, h), T (32, c), Hoist_vars [c], T (7, x),  T (3, w), T (2, c), T (1, f),  Lambda_apply y [((Iter 7), (Arg 6)), ((Iter 2), (Arg 7))], T (8, x),  T (1, f), T (2, f)];92.74217748641968
75;ResNet18_2;1.2046256;0.006022201411444162;2;axe_out_channels1_0,axe_out_channels1_1,axe_xx1_0,axe_yy1_0,axe_out_channels1_2;15;[V f, U (4, f), ULambda y, U (3, h), T (32, c), Hoist_vars [c], T (14, x),  T (3, w), T (2, c), T (1, f),  Lambda_apply y [((Iter 7), (Arg 6)), ((Iter 2), (Arg 7))], T (4, x),  T (1, f), T (2, f)];94.29179263114929
76;ResNet18_2;1.4372434;0.002775580487033344;1;axe_out_channels_0,axe_out_channels_1,axe_xx_0,axe_yy_0,axe_out_channels_2;16;[V f, U (4, f), U (7, y), U (3, w), T (16, c), Hoist_vars [c], T (14, x),  T (3, h), T (4, c), T (1, f), T (8, y), T (4, x), T (2, f), T (1, f)];95.46799898147583
77;ResNet18_2;1.1550531;0.0030330697469725366;1;axe_out_channels_0,axe_out_channels_1,axe_xx_0,axe_yy_0,axe_out_channels_2;22;[V f, U (4, f), U (4, y), U (3, w), T (32, c), Hoist_vars [c], T (14, x),  T (3, h), T (2, c), T (1, f), T (14, y), T (4, x), T (1, f), T (2, f)];96.46799921989441
78;ResNet18_2;1.5377690000000002;0.0015409100557787745;1;axe_out_channels_0,axe_out_channels_1,axe_xx_0,axe_yy_0,axe_out_channels_2;14;[V f, U (4, f), U (7, y), U (3, w), T (16, c), Hoist_vars [c], T (28, x),  T (3, h), T (4, c), T (2, f), T (8, y), T (2, x), T (1, f), T (1, f)];97.44986939430237
79;ResNet18_2;1.2391397000000002;0.007956283781389356;1;axe_out_channels_0,axe_out_channels_1,axe_xx_0,axe_yy_0,axe_out_channels_2;25;[V f, U (4, f), U (4, y), U (3, h), T (16, c), Hoist_vars [c], T (8, x),  T (3, w), T (4, c), T (1, f), T (14, y), T (7, x), T (1, f), T (2, f)];98.39257740974426
80;ResNet18_2;1.1239181999999999;0.004833354524551226;2;axe_out_channels1_0,axe_out_channels1_1,axe_xx1_0,axe_yy1_0,axe_out_channels1_2;39;[V f, U (4, f), ULambda y, U (3, h), T (64, c), Hoist_vars [c], T (2, x),  T (3, w), T (1, c), T (1, f),  Lambda_apply y [((Iter 7), (Arg 5)), ((Iter 3), (Arg 7))], T (28, x),  T (2, f), T (1, f)];99.61749029159546
81;ResNet18_2;1.1809641000000002;0.002334726769881252;2;axe_out_channels1_0,axe_out_channels1_1,axe_xx1_0,axe_yy1_0,axe_out_channels1_2;15;[V f, U (4, f), ULambda y, U (3, h), T (64, c), Hoist_vars [c], T (14, x),  T (3, w), T (1, c), T (1, f),  Lambda_apply y [((Iter 7), (Arg 6)), ((Iter 2), (Arg 7))], T (4, x),  T (2, f), T (1, f)];101.15674042701721
82;ResNet18_2;1.0951509;0.0035719676216337624;2;axe_out_channels1_0,axe_out_channels1_1,axe_xx1_0,axe_yy1_0,axe_out_channels1_2;15;[V f, U (4, f), ULambda y, U (3, w), T (32, c), Hoist_vars [c], T (14, x),  T (3, h), T (2, c), T (1, f),  Lambda_apply y [((Iter 7), (Arg 6)), ((Iter 2), (Arg 7))], T (4, x),  T (2, f), T (1, f)];102.70537948608398
83;ResNet18_2;1.1801632999999998;0.012482358976171157;2;axe_out_channels1_0,axe_out_channels1_1,axe_xx1_0,axe_yy1_0,axe_out_channels1_2;67;[V f, U (4, f), ULambda y, U (3, h), T (16, c), Hoist_vars [c], T (1, x),  T (3, w), T (4, c), T (1, f),  Lambda_apply y [((Iter 7), (Arg 4)), ((Iter 4), (Arg 7))], T (56, x),  T (1, f), T (2, f)];103.9557957649231
84;ResNet18_2;1.2259606;0.045412626361398686;2;axe_out_channels1_0,axe_out_channels1_1,axe_xx1_0,axe_yy1_0,axe_out_channels1_2;19;[V f, U (4, f), ULambda y, U (3, h), T (16, c), Hoist_vars [c], T (7, x),  T (3, w), T (4, c), T (1, f),  Lambda_apply y [((Iter 7), (Arg 6)), ((Iter 2), (Arg 7))], T (8, x),  T (1, f), T (2, f)];105.29151725769043
85;ResNet18_2;1.0622171999999999;0.006674330570177128;2;axe_out_channels1_0,axe_out_channels1_1,axe_xx1_0,axe_yy1_0,axe_out_channels1_2;39;[V f, U (4, f), ULambda y, U (3, w), T (64, c), Hoist_vars [c], T (2, x),  T (3, h), T (1, c), T (1, f),  Lambda_apply y [((Iter 7), (Arg 4)), ((Iter 4), (Arg 7))], T (28, x),  T (1, f), T (2, f)];106.54201626777649
86;ResNet18_2;1.9788483;0.00404939484491199;1;axe_xx_0,axe_yy_0,axe_xx_1;16;[V f, U (8, f), U (4, y), U (3, w), T (16, c), Hoist_vars [c], T (56, x),  T (3, h), T (4, c), T (1, x), T (14, y), T (1, x)];107.60739850997925
87;ResNet18_2;1.0872632;0.016264185364167485;2;axe_out_channels1_0,axe_out_channels1_1,axe_xx1_0,axe_yy1_0,axe_out_channels1_2;19;[V f, U (4, f), ULambda y, U (3, w), T (32, c), Hoist_vars [c], T (7, x),  T (3, h), T (2, c), T (1, f),  Lambda_apply y [((Iter 7), (Arg 6)), ((Iter 2), (Arg 7))], T (8, x),  T (2, f), T (1, f)];108.94930529594421
88;ResNet18_2;1.1389824;0.0013764327226566543;2;axe_out_channels1_0,axe_out_channels1_1,axe_xx1_0,axe_yy1_0,axe_out_channels1_2;15;[V f, U (4, f), ULambda y, U (3, h), T (64, c), Hoist_vars [c], T (14, x),  T (3, w), T (1, c), T (1, f),  Lambda_apply y [((Iter 7), (Arg 4)), ((Iter 4), (Arg 7))], T (4, x),  T (1, f), T (2, f)];110.43210220336914
89;ResNet18_2;1.5220617;0.005917925042614184;2;axe_out_channels1_0,axe_out_channels1_1,axe_xx1_0,axe_yy1_0,axe_out_channels1_2;12;[V f, U (4, f), ULambda y, U (3, h), T (16, c), Hoist_vars [c], T (56, x),  T (3, w), T (4, c), T (1, f),  Lambda_apply y [((Iter 7), (Arg 5)), ((Iter 3), (Arg 7))], T (1, x),  T (1, f), T (2, f)];111.81120014190674
90;ResNet18_2;1.0780771;0.0021648376590405333;2;axe_out_channels1_0,axe_out_channels1_1,axe_xx1_0,axe_yy1_0,axe_out_channels1_2;15;[V f, U (4, f), ULambda y, U (3, w), T (64, c), Hoist_vars [c], T (14, x),  T (3, h), T (1, c), T (1, f),  Lambda_apply y [((Iter 7), (Arg 6)), ((Iter 2), (Arg 7))], T (4, x),  T (1, f), T (2, f)];113.35280919075012
91;ResNet18_2;1.2295149;0.02245733425609548;2;axe_out_channels1_0,axe_out_channels1_1,axe_xx1_0,axe_yy1_0,axe_out_channels1_2;18;[V f, U (4, f), ULambda y, U (3, h), T (16, c), Hoist_vars [c], T (8, x),  T (3, w), T (4, c), T (1, f),  Lambda_apply y [((Iter 7), (Arg 6)), ((Iter 2), (Arg 7))], T (7, x),  T (1, f), T (2, f)];114.70361685752869
92;ResNet18_2;1.2340913;0.01033678232381817;1;axe_out_channels_0,axe_out_channels_1,axe_xx_0,axe_yy_0,axe_out_channels_2;25;[V f, U (4, f), U (4, y), U (3, h), T (16, c), Hoist_vars [c], T (8, x),  T (3, w), T (4, c), T (1, f), T (14, y), T (7, x), T (2, f), T (1, f)];115.66509342193604
93;ResNet18_2;1.1775988;0.01443632466938867;2;axe_out_channels1_0,axe_out_channels1_1,axe_xx1_0,axe_yy1_0,axe_out_channels1_2;67;[V f, U (4, f), ULambda y, U (3, w), T (32, c), Hoist_vars [c], T (1, x),  T (3, h), T (2, c), T (1, f),  Lambda_apply y [((Iter 7), (Arg 6)), ((Iter 2), (Arg 7))], T (56, x),  T (1, f), T (2, f)];116.92011094093323
94;ResNet18_2;1.3487031;0.009619128821780063;1;axe_out_channels_0,axe_out_channels_1,axe_xx_0,axe_yy_0,axe_out_channels_2;74;[V f, U (4, f), U (4, y), U (3, h), T (16, c), Hoist_vars [c], T (1, x),  T (3, w), T (4, c), T (1, f), T (14, y), T (56, x), T (2, f), T (1, f)];117.86688995361328
95;ResNet18_2;1.2839413;0.00247171948448843;1;axe_out_channels_0,axe_out_channels_1,axe_xx_0,axe_yy_0,axe_out_channels_2;25;[V f, U (4, f), U (4, y), U (3, h), T (64, c), Hoist_vars [c], T (8, x),  T (3, w), T (1, c), T (1, f), T (14, y), T (7, x), T (1, f), T (2, f)];118.80095911026001
96;ResNet18_2;1.0705148;0.010700723048467302;2;axe_out_channels1_0,axe_out_channels1_1,axe_xx1_0,axe_yy1_0,axe_out_channels1_2;39;[V f, U (4, f), ULambda y, U (3, w), T (32, c), Hoist_vars [c], T (2, x),  T (3, h), T (2, c), T (1, f),  Lambda_apply y [((Iter 7), (Arg 4)), ((Iter 4), (Arg 7))], T (28, x),  T (2, f), T (1, f)];120.0366759300232
97;ResNet18_2;1.3421457;0.015421832128836032;1;axe_xx_0;56;[V f, U (4, f), U (4, y), T (64, c), Hoist_vars [c], T (3, w), T (3, h),  T (56, x), T (1, c), T (2, f), T (14, y), T (1, f), T (1, f)];120.99859046936035
98;ResNet18_2;1.1022862;0.01768048036564614;2;axe_out_channels1_0,axe_out_channels1_1,axe_xx1_0,axe_yy1_0,axe_out_channels1_2;67;[V f, U (4, f), ULambda y, U (3, w), T (64, c), Hoist_vars [c], T (1, x),  T (3, h), T (1, c), T (1, f),  Lambda_apply y [((Iter 7), (Arg 4)), ((Iter 4), (Arg 7))], T (56, x),  T (2, f), T (1, f)];122.21727514266968
99;ResNet18_2;1.623472;0.0032915996415118095;1;axe_out_channels_0,axe_out_channels_1,axe_xx_0,axe_yy_0,axe_out_channels_2;16;[V f, U (4, f), U (7, y), U (3, h), T (32, c), Hoist_vars [c], T (14, x),  T (3, w), T (2, c), T (1, f), T (8, y), T (4, x), T (1, f), T (2, f)];123.38155007362366
100;ResNet18_2;1.6211300000000002;0.0054270834893154745;1;axe_out_channels_0,axe_out_channels_1,axe_xx_0,axe_yy_0,axe_out_channels_2;16;[V f, U (4, f), U (7, y), U (3, h), T (32, c), Hoist_vars [c], T (14, x),  T (3, w), T (2, c), T (1, f), T (8, y), T (4, x), T (2, f), T (1, f)];124.54146718978882
101;ResNet18_2;1.6112839;0.0020513588886394516;1;axe_out_channels_0,axe_out_channels_1,axe_xx_0,axe_yy_0,axe_out_channels_2;19;[V f, U (4, f), U (7, y), U (3, h), T (64, c), Hoist_vars [c], T (8, x),  T (3, w), T (1, c), T (1, f), T (8, y), T (7, x), T (2, f), T (1, f)];125.56514716148376
102;ResNet18_2;1.1477653;0.01770191596438077;2;axe_out_channels1_0,axe_out_channels1_1,axe_xx1_0,axe_yy1_0,axe_out_channels1_2;67;[V f, U (4, f), ULambda y, U (3, w), T (64, c), Hoist_vars [c], T (1, x),  T (3, h), T (1, c), T (1, f),  Lambda_apply y [((Iter 7), (Arg 5)), ((Iter 3), (Arg 7))], T (56, x),  T (1, f), T (2, f)];126.80786204338074
103;ResNet18_2;1.4463357000000001;0.006715354719595955;1;axe_yy_0,axe_xx_0;6;[V f, U (2, f), ULambda y, U (3, h), T (32, c), Hoist_vars [c], T (14, x),  T (3, w), T (2, c),  Lambda_apply y [((Iter 2), (Arg 8)), ((Iter 1), (Arg 12))], T (4, f),  T (4, x), T (2, y)];127.86090159416199
104;ResNet18_2;1.0753983;0.0017298342145998103;2;axe_out_channels1_0,axe_out_channels1_1,axe_xx1_0,axe_yy1_0,axe_out_channels1_2;15;[V f, U (4, f), ULambda y, U (3, w), T (64, c), Hoist_vars [c], T (14, x),  T (3, h), T (1, c), T (1, f),  Lambda_apply y [((Iter 7), (Arg 6)), ((Iter 2), (Arg 7))], T (4, x),  T (2, f), T (1, f)];129.4054114818573
105;ResNet18_2;1.1804674000000002;0.013407038250113272;2;axe_out_channels1_0,axe_out_channels1_1,axe_xx1_0,axe_yy1_0,axe_out_channels1_2;67;[V f, U (4, f), ULambda y, U (3, h), T (16, c), Hoist_vars [c], T (1, x),  T (3, w), T (4, c), T (1, f),  Lambda_apply y [((Iter 7), (Arg 4)), ((Iter 4), (Arg 7))], T (56, x),  T (2, f), T (1, f)];130.6579155921936
106;ResNet18_2;1.2031278000000003;0.009504835861812692;1;axe_out_channels_0,axe_out_channels_1,axe_xx_0,axe_yy_0,axe_out_channels_2;74;[V f, U (4, f), U (4, y), U (3, w), T (32, c), Hoist_vars [c], T (1, x),  T (3, h), T (2, c), T (1, f), T (14, y), T (56, x), T (1, f), T (2, f)];131.59869623184204
107;ResNet18_2;1.149354;0.015517819698656147;2;axe_out_channels1_0,axe_out_channels1_1,axe_xx1_0,axe_yy1_0,axe_out_channels1_2;67;[V f, U (4, f), ULambda y, U (3, w), T (32, c), Hoist_vars [c], T (1, x),  T (3, h), T (2, c), T (1, f),  Lambda_apply y [((Iter 7), (Arg 5)), ((Iter 3), (Arg 7))], T (56, x),  T (2, f), T (1, f)];132.83023166656494
108;ResNet18_2;1.2140248;0.010584846553446105;1;axe_out_channels_0,axe_out_channels_1,axe_xx_0,axe_yy_0,axe_out_channels_2;25;[V f, U (4, f), U (4, y), U (3, h), T (32, c), Hoist_vars [c], T (8, x),  T (3, w), T (2, c), T (1, f), T (14, y), T (7, x), T (1, f), T (2, f)];133.78713035583496
109;ResNet18_2;1.1524697;0.009865707385180226;2;axe_out_channels1_0,axe_out_channels1_1,axe_xx1_0,axe_yy1_0,axe_out_channels1_2;15;[V f, U (4, f), ULambda y, U (3, h), T (32, c), Hoist_vars [c], T (14, x),  T (3, w), T (2, c), T (1, f),  Lambda_apply y [((Iter 7), (Arg 5)), ((Iter 3), (Arg 7))], T (4, x),  T (2, f), T (1, f)];135.24292159080505
110;ResNet18_2;1.6127617;0.0028818687704334892;1;axe_out_channels_0,axe_out_channels_1,axe_xx_0,axe_yy_0,axe_out_channels_2;19;[V f, U (4, f), U (7, y), U (3, h), T (64, c), Hoist_vars [c], T (8, x),  T (3, w), T (1, c), T (1, f), T (8, y), T (7, x), T (1, f), T (2, f)];136.2720546722412
111;ResNet18_2;1.0626642;0.00694147293879331;2;axe_out_channels1_0,axe_out_channels1_1,axe_xx1_0,axe_yy1_0,axe_out_channels1_2;39;[V f, U (4, f), ULambda y, U (3, w), T (64, c), Hoist_vars [c], T (2, x),  T (3, h), T (1, c), T (1, f),  Lambda_apply y [((Iter 7), (Arg 5)), ((Iter 3), (Arg 7))], T (28, x),  T (2, f), T (1, f)];137.52646946907043
112;ResNet18_2;1.078501;0.0026541410663338916;2;axe_out_channels1_0,axe_out_channels1_1,axe_xx1_0,axe_yy1_0,axe_out_channels1_2;18;[V f, U (4, f), ULambda y, U (3, w), T (64, c), Hoist_vars [c], T (8, x),  T (3, h), T (1, c), T (1, f),  Lambda_apply y [((Iter 7), (Arg 6)), ((Iter 2), (Arg 7))], T (7, x),  T (1, f), T (2, f)];138.87881422042847
113;ResNet18_2;1.5158258999999998;0.0016612789922225183;1;axe_out_channels_0,axe_out_channels_1,axe_xx_0,axe_yy_0,axe_out_channels_2;14;[V f, U (4, f), U (7, y), U (3, w), T (64, c), Hoist_vars [c], T (28, x),  T (3, h), T (1, c), T (2, f), T (8, y), T (2, x), T (1, f), T (1, f)];139.87880969047546
114;ResNet18_2;1.0675634000000003;0.003088871321372884;2;axe_out_channels1_0,axe_out_channels1_1,axe_xx1_0,axe_yy1_0,axe_out_channels1_2;39;[V f, U (4, f), ULambda y, U (3, w), T (32, c), Hoist_vars [c], T (2, x),  T (3, h), T (2, c), T (1, f),  Lambda_apply y [((Iter 7), (Arg 5)), ((Iter 3), (Arg 7))], T (28, x),  T (2, f), T (1, f)];141.1102831363678
115;ResNet18_2;1.1034342000000001;0.018396360524842986;2;axe_out_channels1_0,axe_out_channels1_1,axe_xx1_0,axe_yy1_0,axe_out_channels1_2;67;[V f, U (4, f), ULambda y, U (3, w), T (32, c), Hoist_vars [c], T (1, x),  T (3, h), T (2, c), T (1, f),  Lambda_apply y [((Iter 7), (Arg 4)), ((Iter 4), (Arg 7))], T (56, x),  T (2, f), T (1, f)];142.35847163200378
116;ResNet18_2;1.6175906000000002;0.0031162593345227317;1;axe_out_channels_0,axe_out_channels_1,axe_xx_0,axe_yy_0,axe_out_channels_2;16;[V f, U (4, f), U (7, y), U (3, h), T (64, c), Hoist_vars [c], T (14, x),  T (3, w), T (1, c), T (1, f), T (8, y), T (4, x), T (2, f), T (1, f)];143.5257375240326
117;ResNet18_2;1.7736364999999998;0.003989569932962682;1;axe_out_channels_0,axe_out_channels_1,axe_xx_0,axe_yy_0,axe_out_channels_2;13;[V f, U (4, f), U (7, y), U (3, h), T (16, c), Hoist_vars [c], T (56, x),  T (3, w), T (4, c), T (2, f), T (8, y), T (1, x), T (1, f), T (1, f)];144.56659746170044
118;ResNet18_2;1.1483628000000001;0.005861860861535359;2;axe_out_channels1_0,axe_out_channels1_1,axe_xx1_0,axe_yy1_0,axe_out_channels1_2;39;[V f, U (4, f), ULambda y, U (3, h), T (32, c), Hoist_vars [c], T (2, x),  T (3, w), T (2, c), T (1, f),  Lambda_apply y [((Iter 7), (Arg 4)), ((Iter 4), (Arg 7))], T (28, x),  T (1, f), T (2, f)];145.81366968154907
119;ResNet18_2;1.2127055999999998;0.004525297541598808;1;axe_out_channels_0,axe_out_channels_1,axe_xx_0,axe_yy_0,axe_out_channels_2;74;[V f, U (4, f), U (4, y), U (3, w), T (16, c), Hoist_vars [c], T (1, x),  T (3, h), T (4, c), T (1, f), T (14, y), T (56, x), T (2, f), T (1, f)];146.7568826675415
120;ResNet18_2;1.3616063999999999;0.005724881626723813;1;axe_out_channels_0,axe_out_channels_1,axe_xx_0,axe_yy_0,axe_out_channels_2;19;[V f, U (4, f), U (4, y), U (3, h), T (16, c), Hoist_vars [c], T (56, x),  T (3, w), T (4, c), T (2, f), T (14, y), T (1, x), T (1, f), T (1, f)];147.73462390899658
121;ResNet18_2;1.2874796;0.0043831748356642115;1;axe_out_channels_0,axe_out_channels_1,axe_xx_0,axe_yy_0,axe_out_channels_2;25;[V f, U (4, f), U (4, y), U (3, h), T (64, c), Hoist_vars [c], T (8, x),  T (3, w), T (1, c), T (1, f), T (14, y), T (7, x), T (2, f), T (1, f)];148.67788982391357
122;ResNet18_2;1.3519771999999999;0.0044638644647883585;1;axe_yy_0,axe_xx_0,axe_out_channels_0,axe_yy_1;14;[V f, U (2, f), U (8, y), U (3, h), T (64, c), Hoist_vars [c], T (28, x),  T (3, w), T (1, c), T (1, y), T (4, f), T (2, x), T (7, y)];149.62800550460815
123;ResNet18_2;1.2156391000000002;0.016427471226272212;2;axe_out_channels1_0,axe_out_channels1_1,axe_xx1_0,axe_yy1_0,axe_out_channels1_2;67;[V f, U (4, f), ULambda y, U (3, h), T (32, c), Hoist_vars [c], T (1, x),  T (3, w), T (2, c), T (1, f),  Lambda_apply y [((Iter 7), (Arg 5)), ((Iter 3), (Arg 7))], T (56, x),  T (1, f), T (2, f)];150.85168027877808
124;ResNet18_2;1.1529319;0.012989690246114413;2;axe_out_channels1_0,axe_out_channels1_1,axe_xx1_0,axe_yy1_0,axe_out_channels1_2;39;[V f, U (4, f), ULambda y, U (3, h), T (32, c), Hoist_vars [c], T (2, x),  T (3, w), T (2, c), T (1, f),  Lambda_apply y [((Iter 7), (Arg 4)), ((Iter 4), (Arg 7))], T (28, x),  T (2, f), T (1, f)];152.10204195976257
125;ResNet18_2;1.1598361000000001;0.008137005326900065;2;axe_out_channels1_0,axe_out_channels1_1,axe_xx1_0,axe_yy1_0,axe_out_channels1_2;39;[V f, U (4, f), ULambda y, U (3, h), T (16, c), Hoist_vars [c], T (2, x),  T (3, w), T (4, c), T (1, f),  Lambda_apply y [((Iter 7), (Arg 4)), ((Iter 4), (Arg 7))], T (28, x),  T (1, f), T (2, f)];153.3489282131195
126;ResNet18_2;1.2418817;0.0025536281268031323;1;axe_yy_0,axe_xx_0,axe_out_channels_0,axe_yy_1;16;[V f, U (2, f), U (8, y), U (3, h), T (64, c), Hoist_vars [c], T (14, x),  T (3, w), T (1, c), T (7, y), T (4, f), T (4, x), T (1, y)];154.2985532283783
127;ResNet18_2;1.5169815999999998;0.006485314228316195;1;axe_out_channels_0,axe_out_channels_1,axe_xx_0,axe_yy_0,axe_out_channels_2;14;[V f, U (4, f), U (7, y), U (3, w), T (32, c), Hoist_vars [c], T (28, x),  T (3, h), T (2, c), T (2, f), T (8, y), T (2, x), T (1, f), T (1, f)];155.27554178237915
128;ResNet18_2;1.0755303;0.00342645467064721;2;axe_out_channels1_0,axe_out_channels1_1,axe_xx1_0,axe_yy1_0,axe_out_channels1_2;18;[V f, U (4, f), ULambda y, U (3, w), T (64, c), Hoist_vars [c], T (8, x),  T (3, h), T (1, c), T (1, f),  Lambda_apply y [((Iter 7), (Arg 6)), ((Iter 2), (Arg 7))], T (7, x),  T (2, f), T (1, f)];156.60298538208008
129;ResNet18_2;1.1987412000000002;0.005964292393905604;2;axe_out_channels1_0,axe_out_channels1_1,axe_xx1_0,axe_yy1_0,axe_out_channels1_2;39;[V f, U (4, f), ULambda y, U (3, h), T (32, c), Hoist_vars [c], T (2, x),  T (3, w), T (2, c), T (1, f),  Lambda_apply y [((Iter 7), (Arg 6)), ((Iter 2), (Arg 7))], T (28, x),  T (1, f), T (2, f)];157.86545395851135
130;ResNet18_2;1.1300347;0.012510844584199744;2;axe_out_channels1_0,axe_out_channels1_1,axe_xx1_0,axe_yy1_0,axe_out_channels1_2;67;[V f, U (4, f), ULambda y, U (3, w), T (32, c), Hoist_vars [c], T (1, x),  T (3, h), T (2, c), T (1, f),  Lambda_apply y [((Iter 7), (Arg 5)), ((Iter 3), (Arg 7))], T (56, x),  T (1, f), T (2, f)];159.1185290813446
131;ResNet18_2;1.1623949;0.007493648756780582;2;axe_out_channels1_0,axe_out_channels1_1,axe_xx1_0,axe_yy1_0,axe_out_channels1_2;39;[V f, U (4, f), ULambda y, U (3, h), T (16, c), Hoist_vars [c], T (2, x),  T (3, w), T (4, c), T (1, f),  Lambda_apply y [((Iter 7), (Arg 4)), ((Iter 4), (Arg 7))], T (28, x),  T (2, f), T (1, f)];160.36561942100525
132;ResNet18_2;1.5172449;0.005153690919137466;2;axe_out_channels1_0,axe_out_channels1_1,axe_xx1_0,axe_yy1_0,axe_out_channels1_2;12;[V f, U (4, f), ULambda y, U (3, h), T (16, c), Hoist_vars [c], T (56, x),  T (3, w), T (4, c), T (2, f),  Lambda_apply y [((Iter 7), (Arg 5)), ((Iter 3), (Arg 7))], T (1, x),  T (1, f), T (1, f)];161.72873282432556
133;ResNet18_2;1.2368687;0.011706279255596105;1;axe_out_channels_0,axe_out_channels_1,axe_xx_0,axe_yy_0,axe_out_channels_2;22;[V f, U (4, f), U (4, y), U (3, h), T (16, c), Hoist_vars [c], T (14, x),  T (3, w), T (4, c), T (1, f), T (14, y), T (4, x), T (2, f), T (1, f)];162.7266480922699
134;ResNet18_2;1.4046053000000003;0.008734088138437828;1;axe_out_channels_0,axe_out_channels_1,axe_xx_0,axe_yy_0,axe_out_channels_2;16;[V f, U (4, f), U (7, y), U (3, w), T (32, c), Hoist_vars [c], T (14, x),  T (3, h), T (2, c), T (1, f), T (8, y), T (4, x), T (1, f), T (2, f)];163.8672435283661
135;ResNet18_2;1.1787290000000001;0.003021773055674458;2;axe_out_channels1_0,axe_out_channels1_1,axe_xx1_0,axe_yy1_0,axe_out_channels1_2;18;[V f, U (4, f), ULambda y, U (3, h), T (64, c), Hoist_vars [c], T (8, x),  T (3, w), T (1, c), T (1, f),  Lambda_apply y [((Iter 7), (Arg 6)), ((Iter 2), (Arg 7))], T (7, x),  T (2, f), T (1, f)];165.2047266960144
136;ResNet18_2;1.2379189;0.0058311337911250444;1;axe_yy_0,axe_xx_0,axe_out_channels_0,axe_yy_1;16;[V f, U (2, f), U (8, y), U (3, h), T (32, c), Hoist_vars [c], T (14, x),  T (3, w), T (2, c), T (7, y), T (4, f), T (4, x), T (1, y)];166.15748953819275
137;ResNet18_2;1.2036395;0.007877541878657343;1;axe_out_channels_0,axe_out_channels_1,axe_xx_0,axe_yy_0,axe_out_channels_2;74;[V f, U (4, f), U (4, y), U (3, w), T (64, c), Hoist_vars [c], T (1, x),  T (3, h), T (1, c), T (1, f), T (14, y), T (56, x), T (2, f), T (1, f)];167.08033871650696
138;ResNet18_2;1.2229346;0.0052082439113390186;2;axe_out_channels1_0,axe_out_channels1_1,axe_xx1_0,axe_yy1_0,axe_out_channels1_2;67;[V f, U (4, f), ULambda y, U (3, h), T (32, c), Hoist_vars [c], T (1, x),  T (3, w), T (2, c), T (1, f),  Lambda_apply y [((Iter 7), (Arg 6)), ((Iter 2), (Arg 7))], T (56, x),  T (1, f), T (2, f)];168.31548810005188
139;ResNet18_2;1.4637799;0.0028778256879109267;2;axe_out_channels1_0,axe_out_channels1_1,axe_xx1_0,axe_yy1_0,axe_out_channels1_2;12;[V f, U (4, f), ULambda y, U (3, h), T (16, c), Hoist_vars [c], T (56, x),  T (3, w), T (4, c), T (2, f),  Lambda_apply y [((Iter 7), (Arg 6)), ((Iter 2), (Arg 7))], T (1, x),  T (1, f), T (1, f)];169.67930555343628
140;ResNet18_2;1.1715228;0.0027812491006740563;2;axe_out_channels1_0,axe_out_channels1_1,axe_xx1_0,axe_yy1_0,axe_out_channels1_2;19;[V f, U (4, f), ULambda y, U (3, h), T (64, c), Hoist_vars [c], T (7, x),  T (3, w), T (1, c), T (1, f),  Lambda_apply y [((Iter 7), (Arg 6)), ((Iter 2), (Arg 7))], T (8, x),  T (2, f), T (1, f)];171.00857710838318
141;ResNet18_2;1.4086049000000003;0.00864654724673382;1;axe_out_channels_0,axe_out_channels_1,axe_xx_0,axe_yy_0,axe_out_channels_2;16;[V f, U (4, f), U (7, y), U (3, w), T (32, c), Hoist_vars [c], T (14, x),  T (3, h), T (2, c), T (1, f), T (8, y), T (4, x), T (2, f), T (1, f)];172.16743278503418
142;ResNet18_2;1.6928355;0.0027578283213427293;1;axe_out_channels_0,axe_out_channels_1,axe_xx_0,axe_yy_0,axe_out_channels_2;68;[V f, U (4, f), U (7, y), U (3, h), T (16, c), Hoist_vars [c], T (1, x),  T (3, w), T (4, c), T (1, f), T (8, y), T (56, x), T (1, f), T (2, f)];173.14430499076843
143;ResNet18_2;1.6569765999999997;0.001148631202780046;1;axe_out_channels_0,axe_out_channels_1,axe_xx_0,axe_yy_0,axe_out_channels_2;16;[V f, U (4, f), U (7, y), U (3, h), T (16, c), Hoist_vars [c], T (14, x),  T (3, w), T (4, c), T (1, f), T (8, y), T (4, x), T (1, f), T (2, f)];174.28099417686462
144;ResNet18_2;1.2157657;0.009149834632931907;1;axe_out_channels_0,axe_out_channels_1,axe_xx_0,axe_yy_0,axe_out_channels_2;22;[V f, U (4, f), U (4, y), U (3, h), T (32, c), Hoist_vars [c], T (14, x),  T (3, w), T (2, c), T (1, f), T (14, y), T (4, x), T (1, f), T (2, f)];175.26877307891846
145;ResNet18_2;1.1376985999999998;0.0036317856269333496;2;axe_out_channels1_0,axe_out_channels1_1,axe_xx1_0,axe_yy1_0,axe_out_channels1_2;39;[V f, U (4, f), ULambda y, U (3, h), T (64, c), Hoist_vars [c], T (2, x),  T (3, w), T (1, c), T (1, f),  Lambda_apply y [((Iter 7), (Arg 4)), ((Iter 4), (Arg 7))], T (28, x),  T (1, f), T (2, f)];176.49256587028503
146;ResNet18_2;1.3466460000000002;0.010776503412517367;1;axe_out_channels_0,axe_out_channels_1,axe_xx_0,axe_yy_0,axe_out_channels_2;74;[V f, U (4, f), U (4, y), U (3, h), T (16, c), Hoist_vars [c], T (1, x),  T (3, w), T (4, c), T (1, f), T (14, y), T (56, x), T (1, f), T (2, f)];177.44024109840393
147;ResNet18_2;1.1544611;0.0054203196298742385;2;axe_out_channels1_0,axe_out_channels1_1,axe_xx1_0,axe_yy1_0,axe_out_channels1_2;39;[V f, U (4, f), ULambda y, U (3, h), T (32, c), Hoist_vars [c], T (2, x),  T (3, w), T (2, c), T (1, f),  Lambda_apply y [((Iter 7), (Arg 5)), ((Iter 3), (Arg 7))], T (28, x),  T (2, f), T (1, f)];178.66976237297058
148;ResNet18_2;1.1447418;0.007850896302970775;2;axe_out_channels1_0,axe_out_channels1_1,axe_xx1_0,axe_yy1_0,axe_out_channels1_2;15;[V f, U (4, f), ULambda y, U (3, h), T (32, c), Hoist_vars [c], T (14, x),  T (3, w), T (2, c), T (1, f),  Lambda_apply y [((Iter 7), (Arg 4)), ((Iter 4), (Arg 7))], T (4, x),  T (2, f), T (1, f)];180.14399456977844
149;ResNet18_2;1.4783053000000002;0.002144693127232902;2;axe_out_channels1_0,axe_out_channels1_1,axe_xx1_0,axe_yy1_0,axe_out_channels1_2;12;[V f, U (4, f), ULambda y, U (3, h), T (16, c), Hoist_vars [c], T (56, x),  T (3, w), T (4, c), T (1, f),  Lambda_apply y [((Iter 7), (Arg 6)), ((Iter 2), (Arg 7))], T (1, x),  T (2, f), T (1, f)];181.5264973640442
150;ResNet18_2;1.0800714999999999;0.011026075695822143;2;axe_out_channels1_0,axe_out_channels1_1,axe_xx1_0,axe_yy1_0,axe_out_channels1_2;18;[V f, U (4, f), ULambda y, U (3, w), T (32, c), Hoist_vars [c], T (8, x),  T (3, h), T (2, c), T (1, f),  Lambda_apply y [((Iter 7), (Arg 6)), ((Iter 2), (Arg 7))], T (7, x),  T (1, f), T (2, f)];182.8782877922058
151;ResNet18_2;1.1820982999999998;0.02359795120789091;2;axe_out_channels1_0,axe_out_channels1_1,axe_xx1_0,axe_yy1_0,axe_out_channels1_2;15;[V f, U (4, f), ULambda y, U (3, h), T (16, c), Hoist_vars [c], T (14, x),  T (3, w), T (4, c), T (1, f),  Lambda_apply y [((Iter 7), (Arg 4)), ((Iter 4), (Arg 7))], T (4, x),  T (1, f), T (2, f)];184.35730838775635
152;ResNet18_2;1.0905262;0.007215041078192135;2;axe_out_channels1_0,axe_out_channels1_1,axe_xx1_0,axe_yy1_0,axe_out_channels1_2;39;[V f, U (4, f), ULambda y, U (3, w), T (32, c), Hoist_vars [c], T (2, x),  T (3, h), T (2, c), T (1, f),  Lambda_apply y [((Iter 7), (Arg 6)), ((Iter 2), (Arg 7))], T (28, x),  T (1, f), T (2, f)];185.6546757221222
153;ResNet18_2;1.7595363;0.0026407934432666176;1;axe_out_channels_0,axe_out_channels_1,axe_xx_0,axe_yy_0,axe_out_channels_2;14;[V f, U (4, f), U (7, y), U (3, h), T (16, c), Hoist_vars [c], T (28, x),  T (3, w), T (4, c), T (2, f), T (8, y), T (2, x), T (1, f), T (1, f)];186.65778279304504
154;ResNet18_2;1.1555269000000001;0.0027821507309992934;1;axe_out_channels_0,axe_out_channels_1,axe_xx_0,axe_yy_0,axe_out_channels_2;22;[V f, U (4, f), U (4, y), U (3, w), T (32, c), Hoist_vars [c], T (14, x),  T (3, h), T (2, c), T (1, f), T (14, y), T (4, x), T (2, f), T (1, f)];187.63206815719604
155;ResNet18_2;1.1241316;0.011490935385772531;2;axe_out_channels1_0,axe_out_channels1_1,axe_xx1_0,axe_yy1_0,axe_out_channels1_2;67;[V f, U (4, f), ULambda y, U (3, w), T (64, c), Hoist_vars [c], T (1, x),  T (3, h), T (1, c), T (1, f),  Lambda_apply y [((Iter 7), (Arg 5)), ((Iter 3), (Arg 7))], T (56, x),  T (2, f), T (1, f)];188.85415124893188
156;ResNet18_2;1.2103467;0.013447683808373873;2;axe_out_channels1_0,axe_out_channels1_1,axe_xx1_0,axe_yy1_0,axe_out_channels1_2;19;[V f, U (4, f), ULambda y, U (3, h), T (32, c), Hoist_vars [c], T (7, x),  T (3, w), T (2, c), T (1, f),  Lambda_apply y [((Iter 7), (Arg 6)), ((Iter 2), (Arg 7))], T (8, x),  T (2, f), T (1, f)];190.1918022632599
157;ResNet18_2;1.0782030999999999;0.0058578193630394685;2;axe_out_channels1_0,axe_out_channels1_1,axe_xx1_0,axe_yy1_0,axe_out_channels1_2;15;[V f, U (4, f), ULambda y, U (3, w), T (32, c), Hoist_vars [c], T (14, x),  T (3, h), T (2, c), T (1, f),  Lambda_apply y [((Iter 7), (Arg 5)), ((Iter 3), (Arg 7))], T (4, x),  T (1, f), T (2, f)];191.67840361595154
158;ResNet18_2;1.6460251;0.0031229645995432486;1;axe_out_channels_0,axe_out_channels_1,axe_xx_0,axe_yy_0,axe_out_channels_2;68;[V f, U (4, f), U (7, y), U (3, h), T (64, c), Hoist_vars [c], T (1, x),  T (3, w), T (1, c), T (1, f), T (8, y), T (56, x), T (1, f), T (2, f)];192.65656566619873
159;ResNet18_2;1.1197885;0.002178781872974014;2;axe_out_channels1_0,axe_out_channels1_1,axe_xx1_0,axe_yy1_0,axe_out_channels1_2;15;[V f, U (4, f), ULambda y, U (3, h), T (64, c), Hoist_vars [c], T (14, x),  T (3, w), T (1, c), T (1, f),  Lambda_apply y [((Iter 7), (Arg 5)), ((Iter 3), (Arg 7))], T (4, x),  T (2, f), T (1, f)];194.10674118995667
160;ResNet18_2;1.2083991;0.00847191131268503;2;axe_out_channels1_0,axe_out_channels1_1,axe_xx1_0,axe_yy1_0,axe_out_channels1_2;15;[V f, U (4, f), ULambda y, U (3, h), T (32, c), Hoist_vars [c], T (14, x),  T (3, w), T (2, c), T (1, f),  Lambda_apply y [((Iter 7), (Arg 6)), ((Iter 2), (Arg 7))], T (4, x),  T (2, f), T (1, f)];195.65960264205933
161;ResNet18_2;1.1805133;0.0025258119902320294;2;axe_out_channels1_0,axe_out_channels1_1,axe_xx1_0,axe_yy1_0,axe_out_channels1_2;15;[V f, U (4, f), ULambda y, U (3, h), T (64, c), Hoist_vars [c], T (14, x),  T (3, w), T (1, c), T (1, f),  Lambda_apply y [((Iter 7), (Arg 6)), ((Iter 2), (Arg 7))], T (4, x),  T (1, f), T (2, f)];197.19788694381714
162;ResNet18_2;1.2588918999999998;0.02367659201595537;2;axe_out_channels1_0,axe_out_channels1_1,axe_xx1_0,axe_yy1_0,axe_out_channels1_2;15;[V f, U (4, f), ULambda y, U (3, h), T (16, c), Hoist_vars [c], T (14, x),  T (3, w), T (4, c), T (1, f),  Lambda_apply y [((Iter 7), (Arg 6)), ((Iter 2), (Arg 7))], T (4, x),  T (1, f), T (2, f)];198.74691104888916
163;ResNet18_2;3.0137167000000002;0.009034428161759811;1;axe_yy_0,axe_xx_0;9;[V f, U (2, f), ULambda y, U (3, h), T (32, c), Hoist_vars [c], T (7, x),  T (3, w), T (2, c),  Lambda_apply y [((Iter 3), (Arg 10)), ((Iter 2), (Arg 13))], T (4, f),  T (8, x), T (1, y)];199.89886140823364
164;ResNet18_2;1.4143336;0.0047987133317172114;1;axe_yy_0,axe_xx_0;6;[V f, U (2, f), ULambda y, U (3, h), T (64, c), Hoist_vars [c], T (14, x),  T (3, w), T (1, c),  Lambda_apply y [((Iter 2), (Arg 8)), ((Iter 1), (Arg 12))], T (4, f),  T (4, x), T (2, y)];200.94986724853516
165;ResNet18_2;1.4766952;0.0023095268692959127;2;axe_out_channels1_0,axe_out_channels1_1,axe_xx1_0,axe_yy1_0,axe_out_channels1_2;12;[V f, U (4, f), ULambda y, U (3, h), T (16, c), Hoist_vars [c], T (56, x),  T (3, w), T (4, c), T (1, f),  Lambda_apply y [((Iter 7), (Arg 6)), ((Iter 2), (Arg 7))], T (1, x),  T (1, f), T (2, f)];202.33171391487122
166;ResNet18_2;1.1880926;0.013180128407568728;2;axe_out_channels1_0,axe_out_channels1_1,axe_xx1_0,axe_yy1_0,axe_out_channels1_2;18;[V f, U (4, f), ULambda y, U (3, h), T (32, c), Hoist_vars [c], T (8, x),  T (3, w), T (2, c), T (1, f),  Lambda_apply y [((Iter 7), (Arg 6)), ((Iter 2), (Arg 7))], T (7, x),  T (1, f), T (2, f)];203.67473816871643
167;ResNet18_2;1.1230699;0.00803483075677391;2;axe_out_channels1_0,axe_out_channels1_1,axe_xx1_0,axe_yy1_0,axe_out_channels1_2;67;[V f, U (4, f), ULambda y, U (3, w), T (64, c), Hoist_vars [c], T (1, x),  T (3, h), T (1, c), T (1, f),  Lambda_apply y [((Iter 7), (Arg 6)), ((Iter 2), (Arg 7))], T (56, x),  T (1, f), T (2, f)];204.9393708705902
168;ResNet18_2;1.1386567;0.002269922776219522;2;axe_out_channels1_0,axe_out_channels1_1,axe_xx1_0,axe_yy1_0,axe_out_channels1_2;15;[V f, U (4, f), ULambda y, U (3, h), T (64, c), Hoist_vars [c], T (14, x),  T (3, w), T (1, c), T (1, f),  Lambda_apply y [((Iter 7), (Arg 4)), ((Iter 4), (Arg 7))], T (4, x),  T (2, f), T (1, f)];206.40305304527283
169;ResNet18_2;1.0797227;0.012209009878364417;2;axe_out_channels1_0,axe_out_channels1_1,axe_xx1_0,axe_yy1_0,axe_out_channels1_2;18;[V f, U (4, f), ULambda y, U (3, w), T (32, c), Hoist_vars [c], T (8, x),  T (3, h), T (2, c), T (1, f),  Lambda_apply y [((Iter 7), (Arg 6)), ((Iter 2), (Arg 7))], T (7, x),  T (2, f), T (1, f)];207.75811123847961
170;ResNet18_2;1.1877636999999999;0.008261697889054004;2;axe_out_channels1_0,axe_out_channels1_1,axe_xx1_0,axe_yy1_0,axe_out_channels1_2;67;[V f, U (4, f), ULambda y, U (3, h), T (64, c), Hoist_vars [c], T (1, x),  T (3, w), T (1, c), T (1, f),  Lambda_apply y [((Iter 7), (Arg 5)), ((Iter 3), (Arg 7))], T (56, x),  T (1, f), T (2, f)];209.00132298469543
171;ResNet18_2;1.2631138999999998;0.006307681482922201;1;axe_out_channels_0,axe_out_channels_1,axe_xx_0,axe_yy_0,axe_out_channels_2;74;[V f, U (4, f), U (4, y), U (3, h), T (64, c), Hoist_vars [c], T (1, x),  T (3, w), T (1, c), T (1, f), T (14, y), T (56, x), T (1, f), T (2, f)];209.94711685180664
172;ResNet18_2;1.5010498;0.0033751588940374414;1;axe_out_channels_0,axe_out_channels_1,axe_xx_0,axe_yy_0,axe_out_channels_2;68;[V f, U (4, f), U (7, y), U (3, w), T (32, c), Hoist_vars [c], T (1, x),  T (3, h), T (2, c), T (1, f), T (8, y), T (56, x), T (1, f), T (2, f)];210.90723609924316
173;ResNet18_2;1.0704335000000003;0.002413195360927127;2;axe_out_channels1_0,axe_out_channels1_1,axe_xx1_0,axe_yy1_0,axe_out_channels1_2;19;[V f, U (4, f), ULambda y, U (3, w), T (64, c), Hoist_vars [c], T (7, x),  T (3, h), T (1, c), T (1, f),  Lambda_apply y [((Iter 7), (Arg 6)), ((Iter 2), (Arg 7))], T (8, x),  T (2, f), T (1, f)];212.22195053100586
174;ResNet18_2;1.0659094999999998;0.009158855553506654;2;axe_out_channels1_0,axe_out_channels1_1,axe_xx1_0,axe_yy1_0,axe_out_channels1_2;39;[V f, U (4, f), ULambda y, U (3, w), T (32, c), Hoist_vars [c], T (2, x),  T (3, h), T (2, c), T (1, f),  Lambda_apply y [((Iter 7), (Arg 5)), ((Iter 3), (Arg 7))], T (28, x),  T (1, f), T (2, f)];213.48621153831482
175;ResNet18_2;1.0934195999999998;0.003616547502798794;2;axe_out_channels1_0,axe_out_channels1_1,axe_xx1_0,axe_yy1_0,axe_out_channels1_2;15;[V f, U (4, f), ULambda y, U (3, w), T (32, c), Hoist_vars [c], T (14, x),  T (3, h), T (2, c), T (1, f),  Lambda_apply y [((Iter 7), (Arg 6)), ((Iter 2), (Arg 7))], T (4, x),  T (1, f), T (2, f)];215.04424118995667
176;ResNet18_2;1.3455254;0.003943936743914667;1;axe_out_channels_0,axe_out_channels_1,axe_xx_0,axe_yy_0,axe_out_channels_2;19;[V f, U (4, f), U (4, y), U (3, w), T (64, c), Hoist_vars [c], T (56, x),  T (3, h), T (1, c), T (2, f), T (14, y), T (1, x), T (1, f), T (1, f)];216.04908919334412
177;ResNet18_2;1.4006933;0.002899872033383573;1;axe_out_channels_0,axe_out_channels_1,axe_xx_0,axe_yy_0,axe_out_channels_2;16;[V f, U (4, f), U (7, y), U (3, w), T (64, c), Hoist_vars [c], T (14, x),  T (3, h), T (1, c), T (1, f), T (8, y), T (4, x), T (1, f), T (2, f)];217.20932292938232
178;ResNet18_2;2.9548668;0.005663003439871776;1;axe_yy_0,axe_xx_0;9;[V f, U (2, f), ULambda y, U (3, h), T (64, c), Hoist_vars [c], T (7, x),  T (3, w), T (1, c),  Lambda_apply y [((Iter 3), (Arg 10)), ((Iter 2), (Arg 13))], T (4, f),  T (8, x), T (1, y)];218.34735369682312
179;ResNet18_2;1.2094827;0.034715004626385944;2;axe_out_channels1_0,axe_out_channels1_1,axe_xx1_0,axe_yy1_0,axe_out_channels1_2;15;[V f, U (4, f), ULambda y, U (3, h), T (16, c), Hoist_vars [c], T (14, x),  T (3, w), T (4, c), T (1, f),  Lambda_apply y [((Iter 7), (Arg 5)), ((Iter 3), (Arg 7))], T (4, x),  T (1, f), T (2, f)];219.82634925842285
180;ResNet18_2;1.1709929000000001;0.004090697164298562;2;axe_out_channels1_0,axe_out_channels1_1,axe_xx1_0,axe_yy1_0,axe_out_channels1_2;19;[V f, U (4, f), ULambda y, U (3, h), T (64, c), Hoist_vars [c], T (7, x),  T (3, w), T (1, c), T (1, f),  Lambda_apply y [((Iter 7), (Arg 6)), ((Iter 2), (Arg 7))], T (8, x),  T (1, f), T (2, f)];221.16121244430542
181;ResNet18_2;1.1783886000000001;0.0020501085434678473;1;axe_out_channels_0,axe_out_channels_1,axe_xx_0,axe_yy_0,axe_out_channels_2;22;[V f, U (4, f), U (4, y), U (3, w), T (16, c), Hoist_vars [c], T (14, x),  T (3, h), T (4, c), T (1, f), T (14, y), T (4, x), T (2, f), T (1, f)];222.16400599479675
182;ResNet18_2;1.1772105;0.005601690499304623;2;axe_out_channels1_0,axe_out_channels1_1,axe_xx1_0,axe_yy1_0,axe_out_channels1_2;67;[V f, U (4, f), ULambda y, U (3, h), T (64, c), Hoist_vars [c], T (1, x),  T (3, w), T (1, c), T (1, f),  Lambda_apply y [((Iter 7), (Arg 6)), ((Iter 2), (Arg 7))], T (56, x),  T (1, f), T (2, f)];223.38453555107117
183;ResNet18_2;1.0709133;0.005822643008977959;2;axe_out_channels1_0,axe_out_channels1_1,axe_xx1_0,axe_yy1_0,axe_out_channels1_2;15;[V f, U (4, f), ULambda y, U (3, w), T (32, c), Hoist_vars [c], T (14, x),  T (3, h), T (2, c), T (1, f),  Lambda_apply y [((Iter 7), (Arg 5)), ((Iter 3), (Arg 7))], T (4, x),  T (2, f), T (1, f)];224.87852001190186
184;ResNet18_2;1.0750994999999999;0.007390415025558403;2;axe_out_channels1_0,axe_out_channels1_1,axe_xx1_0,axe_yy1_0,axe_out_channels1_2;39;[V f, U (4, f), ULambda y, U (3, w), T (64, c), Hoist_vars [c], T (2, x),  T (3, h), T (1, c), T (1, f),  Lambda_apply y [((Iter 7), (Arg 6)), ((Iter 2), (Arg 7))], T (28, x),  T (2, f), T (1, f)];226.1406764984131
185;ResNet18_2;1.2361241;0.04354441353021075;2;axe_out_channels1_0,axe_out_channels1_1,axe_xx1_0,axe_yy1_0,axe_out_channels1_2;19;[V f, U (4, f), ULambda y, U (3, h), T (16, c), Hoist_vars [c], T (7, x),  T (3, w), T (4, c), T (1, f),  Lambda_apply y [((Iter 7), (Arg 6)), ((Iter 2), (Arg 7))], T (8, x),  T (2, f), T (1, f)];227.48184967041016
186;ResNet18_2;1.6753133999999998;0.004544068973948367;1;axe_out_channels_0,axe_out_channels_1,axe_xx_0,axe_yy_0,axe_out_channels_2;68;[V f, U (4, f), U (7, y), U (3, h), T (32, c), Hoist_vars [c], T (1, x),  T (3, w), T (2, c), T (1, f), T (8, y), T (56, x), T (2, f), T (1, f)];228.4616777896881
187;ResNet18_2;1.3587609;0.006241091113739614;1;axe_yy_0,axe_xx_0,axe_out_channels_0,axe_yy_1;14;[V f, U (2, f), U (8, y), U (3, h), T (32, c), Hoist_vars [c], T (28, x),  T (3, w), T (2, c), T (7, y), T (4, f), T (2, x), T (1, y)];229.4109456539154
188;ResNet18_2;1.1585381;0.008448475122174405;2;axe_out_channels1_0,axe_out_channels1_1,axe_xx1_0,axe_yy1_0,axe_out_channels1_2;39;[V f, U (4, f), ULambda y, U (3, h), T (16, c), Hoist_vars [c], T (2, x),  T (3, w), T (4, c), T (1, f),  Lambda_apply y [((Iter 7), (Arg 5)), ((Iter 3), (Arg 7))], T (28, x),  T (2, f), T (1, f)];230.63535356521606
189;ResNet18_2;1.185082;0.004879974938460233;2;axe_out_channels1_0,axe_out_channels1_1,axe_xx1_0,axe_yy1_0,axe_out_channels1_2;67;[V f, U (4, f), ULambda y, U (3, h), T (64, c), Hoist_vars [c], T (1, x),  T (3, w), T (1, c), T (1, f),  Lambda_apply y [((Iter 7), (Arg 5)), ((Iter 3), (Arg 7))], T (56, x),  T (2, f), T (1, f)];231.87048172950745
190;ResNet18_2;1.1910661;0.025941120158736404;2;axe_out_channels1_0,axe_out_channels1_1,axe_xx1_0,axe_yy1_0,axe_out_channels1_2;15;[V f, U (4, f), ULambda y, U (3, h), T (16, c), Hoist_vars [c], T (14, x),  T (3, w), T (4, c), T (1, f),  Lambda_apply y [((Iter 7), (Arg 5)), ((Iter 3), (Arg 7))], T (4, x),  T (2, f), T (1, f)];233.35721039772034
191;ResNet18_2;1.1418307;0.008366574484817558;2;axe_out_channels1_0,axe_out_channels1_1,axe_xx1_0,axe_yy1_0,axe_out_channels1_2;15;[V f, U (4, f), ULambda y, U (3, h), T (32, c), Hoist_vars [c], T (14, x),  T (3, w), T (2, c), T (1, f),  Lambda_apply y [((Iter 7), (Arg 4)), ((Iter 4), (Arg 7))], T (4, x),  T (1, f), T (2, f)];234.84003329277039
192;ResNet18_2;1.5185850000000003;0.0030145059296674444;1;axe_out_channels_0,axe_out_channels_1,axe_xx_0,axe_yy_0,axe_out_channels_2;68;[V f, U (4, f), U (7, y), U (3, w), T (16, c), Hoist_vars [c], T (1, x),  T (3, h), T (4, c), T (1, f), T (8, y), T (56, x), T (2, f), T (1, f)];235.82386803627014
193;ResNet18_2;1.191926;0.010153900482080775;2;axe_out_channels1_0,axe_out_channels1_1,axe_xx1_0,axe_yy1_0,axe_out_channels1_2;18;[V f, U (4, f), ULambda y, U (3, h), T (32, c), Hoist_vars [c], T (8, x),  T (3, w), T (2, c), T (1, f),  Lambda_apply y [((Iter 7), (Arg 6)), ((Iter 2), (Arg 7))], T (7, x),  T (2, f), T (1, f)];237.14500403404236
194;ResNet18_2;1.1940602;0.007352000269314482;2;axe_out_channels1_0,axe_out_channels1_1,axe_xx1_0,axe_yy1_0,axe_out_channels1_2;39;[V f, U (4, f), ULambda y, U (3, h), T (32, c), Hoist_vars [c], T (2, x),  T (3, w), T (2, c), T (1, f),  Lambda_apply y [((Iter 7), (Arg 6)), ((Iter 2), (Arg 7))], T (28, x),  T (2, f), T (1, f)];238.40474820137024
195;ResNet18_2;1.2199678999999999;0.0038299095145969534;1;axe_out_channels_0,axe_out_channels_1,axe_xx_0,axe_yy_0,axe_out_channels_2;22;[V f, U (4, f), U (4, y), U (3, w), T (64, c), Hoist_vars [c], T (14, x),  T (3, h), T (1, c), T (1, f), T (14, y), T (4, x), T (2, f), T (1, f)];239.40619707107544
196;ResNet18_2;1.6553625;0.0012955824365897973;1;axe_out_channels_0,axe_out_channels_1,axe_xx_0,axe_yy_0,axe_out_channels_2;16;[V f, U (4, f), U (7, y), U (3, h), T (16, c), Hoist_vars [c], T (14, x),  T (3, w), T (4, c), T (1, f), T (8, y), T (4, x), T (2, f), T (1, f)];240.55231285095215
197;ResNet18_2;1.0994648;0.016263775513699202;2;axe_out_channels1_0,axe_out_channels1_1,axe_xx1_0,axe_yy1_0,axe_out_channels1_2;67;[V f, U (4, f), ULambda y, U (3, w), T (64, c), Hoist_vars [c], T (1, x),  T (3, h), T (1, c), T (1, f),  Lambda_apply y [((Iter 7), (Arg 4)), ((Iter 4), (Arg 7))], T (56, x),  T (1, f), T (2, f)];241.79250383377075
198;ResNet18_2;1.6932696999999997;0.001749586754065069;1;axe_out_channels_0,axe_out_channels_1,axe_xx_0,axe_yy_0,axe_out_channels_2;68;[V f, U (4, f), U (7, y), U (3, h), T (16, c), Hoist_vars [c], T (1, x),  T (3, w), T (4, c), T (1, f), T (8, y), T (56, x), T (2, f), T (1, f)];242.77319955825806
199;ResNet18_2;1.2957642;0.0065913816427210425;1;axe_out_channels_0,axe_out_channels_1,axe_xx_0,axe_yy_0,axe_out_channels_2;22;[V f, U (4, f), U (4, y), U (3, h), T (64, c), Hoist_vars [c], T (14, x),  T (3, w), T (1, c), T (1, f), T (14, y), T (4, x), T (1, f), T (2, f)];243.74910306930542
