IdRun;NameConv;Time(ms);std;NbMicroKernel;AxeFuse;SizeAxeFuse;Schema;Time_search(4.343848466873169)
0;MobilNet_4;0.32656319999999994;0.010031306293798423;2;axe_out_channels1_0,axe_yy1_0,axe_xx1_0,axe_out_channels1_1;10;[V f, U (2, f), ULambda y, T (32, c), Hoist_vars [c], T (3, h), T (7, x),  T (3, w), T (4, c), T (4, f), T (4, x),  Lambda_apply y [((Iter 1), (Arg 8)), ((Iter 2), (Arg 10))], T (1, f)];5.741657733917236
1;MobilNet_4;0.2001674;0.002994284662486176;2;axe_out_channels1_0,axe_yy1_0,axe_xx1_0,axe_out_channels1_1;10;[V f, U (2, f), ULambda y, T (64, c), Hoist_vars [c], T (3, h), T (7, x),  T (3, w), T (2, c), T (1, f), T (4, x),  Lambda_apply y [((Iter 1), (Arg 8)), ((Iter 2), (Arg 10))], T (4, f)];7.358884334564209
2;MobilNet_4;0.6846922;0.005895775772534082;1;axe_xx_0;28;[V f, U (1, f), U (14, y), U (3, h), T (32, c), Hoist_vars [c], T (3, w),  T (28, x), T (4, c), T (2, f), T (2, y), T (4, f)];8.530701398849487
3;MobilNet_4;0.2729859;0.0011790340495507299;2;axe_out_channels1_0,axe_yy1_0,axe_xx1_0,axe_out_channels1_1;7;[V f, U (4, f), ULambda y, U (3, w), T (64, c), Hoist_vars [c], T (14, x),  T (3, h), T (2, c), T (1, f), T (2, x),  Lambda_apply y [((Iter 2), (Arg 5)), ((Iter 3), (Arg 6))], T (2, f)];10.210943698883057
4;MobilNet_4;0.17858459999999998;0.0014578410201390231;1;axe_out_channels_0,axe_yy_0,axe_xx_0,axe_out_channels_1;11;[V f, U (4, f), U (7, y), T (32, c), Hoist_vars [c], T (3, h), T (7, x),  T (3, w), T (4, c), T (2, f), T (4, x), T (4, y), T (1, f)];11.379151582717896
5;MobilNet_4;0.7256431;0.004992510079108525;1;axe_out_channels_0,axe_yy_0,axe_xx_0,axe_out_channels_1;9;[V f, U (2, f), U (14, y), T (16, c), Hoist_vars [c], T (3, h), T (14, x),  T (3, w), T (8, c), T (4, f), T (2, x), T (2, y), T (1, f)];12.502753496170044
6;MobilNet_4;0.7823552;0.005192533404803486;2;axe_out_channels1_0,axe_yy1_0,axe_xx1_0,axe_out_channels1_1;8;[V f, U (2, f), ULambda y, T (32, c), Hoist_vars [c], T (3, h), T (14, x),  T (3, w), T (4, c), T (1, f), T (2, x),  Lambda_apply y [((Iter 1), (Arg 13)), ((Iter 1), (Arg 15))], T (4, f)];13.849066734313965
7;MobilNet_4;0.20841600000000002;0.0008280826045751697;1;axe_out_channels_0,axe_yy_0,axe_xx_0,axe_out_channels_1;9;[V f, U (4, f), U (7, y), U (3, w), T (64, c), Hoist_vars [c], T (14, x),  T (3, h), T (2, c), T (1, f), T (2, x), T (4, y), T (2, f)];15.15827202796936
8;MobilNet_4;0.2172828;0.00538619705915036;1;axe_out_channels_0,axe_yy_0,axe_xx_0,axe_out_channels_1;11;[V f, U (4, f), U (7, y), T (16, c), Hoist_vars [c], T (3, h), T (7, x),  T (3, w), T (8, c), T (2, f), T (4, x), T (4, y), T (1, f)];16.3525710105896
9;MobilNet_4;0.4651008;0.019845901711940415;2;axe_out_channels1_0,axe_yy1_0,axe_xx1_0,axe_out_channels1_1;7;[V f, U (4, f), ULambda y, U (3, w), T (32, c), Hoist_vars [c], T (14, x),  T (3, h), T (4, c), T (2, f), T (2, x),  Lambda_apply y [((Iter 2), (Arg 5)), ((Iter 3), (Arg 6))], T (1, f)];17.968528985977173
10;MobilNet_4;0.9893457000000001;0.007278370381479644;2;axe_out_channels1_0,axe_yy1_0,axe_xx1_0,axe_out_channels1_1;8;[V f, U (2, f), ULambda y, T (32, c), Hoist_vars [c], T (3, h), T (28, x),  T (3, w), T (4, c), T (1, f), T (1, x),  Lambda_apply y [((Iter 2), (Arg 9)), ((Iter 1), (Arg 10))], T (4, f)];19.356616258621216
11;MobilNet_4;0.3544697;0.006468581962841616;2;axe_out_channels1_0,axe_yy1_0,axe_xx1_0,axe_out_channels1_1;11;[V f, U (2, f), ULambda y, T (32, c), Hoist_vars [c], T (3, h), T (7, x),  T (3, w), T (4, c), T (4, f), T (4, x),  Lambda_apply y [((Iter 2), (Arg 8)), ((Iter 1), (Arg 12))], T (1, f)];20.81603240966797
12;MobilNet_4;0.31115459999999995;0.006643368636467506;1;axe_out_channels_0,axe_yy_0,axe_xx_0,axe_out_channels_1;11;[V f, U (4, f), U (4, y), U (3, w), T (128, c), Hoist_vars [c], T (28, x),  T (3, h), T (1, c), T (2, f), T (1, x), T (7, y), T (1, f)];21.92440676689148
13;MobilNet_4;0.3764077;0.0028415706237924112;1;axe_out_channels_0,axe_yy_0,axe_xx_0,axe_out_channels_1;9;[V f, U (2, f), U (14, y), T (16, c), Hoist_vars [c], T (3, h), T (14, x),  T (3, w), T (8, c), T (1, f), T (2, x), T (2, y), T (4, f)];23.037036180496216
14;MobilNet_4;0.42804760000000003;0.0019712780727233832;2;axe_out_channels1_0,axe_yy1_0,axe_xx1_0,axe_out_channels1_1;9;[V f, U (2, f), ULambda y, U (3, h), T (32, c), Hoist_vars [c], T (14, x),  T (3, w), T (4, c), T (1, f), T (2, x),  Lambda_apply y [((Iter 2), (Arg 9)), ((Iter 1), (Arg 10))], T (4, f)];24.387500524520874
15;MobilNet_4;1.0020329000000001;0.009583498551677228;1;axe_out_channels_0,axe_yy_0,axe_xx_0,axe_out_channels_1;8;[V f, U (4, f), U (7, y), T (16, c), Hoist_vars [c], T (3, h), T (28, x),  T (3, w), T (8, c), T (2, f), T (1, x), T (4, y), T (1, f)];25.50059151649475
16;MobilNet_4;0.21514759999999997;0.0009840081503727468;1;axe_out_channels_0,axe_yy_0,axe_xx_0,axe_out_channels_1;12;[V f, U (4, f), U (4, y), U (3, w), T (128, c), Hoist_vars [c], T (14, x),  T (3, h), T (1, c), T (1, f), T (2, x), T (7, y), T (2, f)];26.688883543014526
17;MobilNet_4;1.0458598;0.015620217359563194;2;axe_out_channels1_0,axe_yy1_0,axe_xx1_0,axe_out_channels1_1;7;[V f, U (2, f), ULambda y, U (3, h), T (32, c), Hoist_vars [c], T (28, x),  T (3, w), T (4, c), T (2, f), T (1, x),  Lambda_apply y [((Iter 2), (Arg 9)), ((Iter 1), (Arg 10))], T (2, f)];28.099692344665527
18;MobilNet_4;0.4104757;0.025431625760261572;1;axe_out_channels_0,axe_yy_0,axe_xx_0,axe_out_channels_1;11;[V f, U (4, f), U (4, y), U (3, w), T (32, c), Hoist_vars [c], T (28, x),  T (3, h), T (4, c), T (2, f), T (1, x), T (7, y), T (1, f)];29.24067449569702
19;MobilNet_4;0.16627129999999998;0.0017170146213704746;1;axe_out_channels_0,axe_yy_0,axe_xx_0,axe_out_channels_1;12;[V f, U (4, f), U (4, y), U (3, w), T (64, c), Hoist_vars [c], T (14, x),  T (3, h), T (2, c), T (2, f), T (2, x), T (7, y), T (1, f)];30.42294430732727
20;MobilNet_4;0.6143109;0.005416585113334768;2;axe_xx1_0;28;[V f, U (1, f), ULambda y, U (3, h), T (64, c), Hoist_vars [c], T (3, w),  T (28, x), T (2, c), T (2, f),  Lambda_apply y [((Iter 2), (Arg 9)), ((Iter 1), (Arg 10))], T (4, f)];31.718318223953247
21;MobilNet_4;0.2012912;0.002076444355141736;2;axe_out_channels1_0,axe_yy1_0,axe_xx1_0,axe_out_channels1_1;11;[V f, U (2, f), ULambda y, T (64, c), Hoist_vars [c], T (3, h), T (7, x),  T (3, w), T (2, c), T (1, f), T (4, x),  Lambda_apply y [((Iter 2), (Arg 9)), ((Iter 1), (Arg 10))], T (4, f)];33.22623896598816
22;MobilNet_4;0.44125990000000004;0.002953076275682693;2;axe_out_channels1_0,axe_yy1_0,axe_xx1_0,axe_out_channels1_1;9;[V f, U (2, f), ULambda y, T (32, c), Hoist_vars [c], T (3, h), T (14, x),  T (3, w), T (4, c), T (1, f), T (2, x),  Lambda_apply y [((Iter 2), (Arg 9)), ((Iter 1), (Arg 10))], T (4, f)];34.56078338623047
23;MobilNet_4;0.6109051000000001;0.005347845668117205;2;axe_xx1_0;28;[V f, U (1, f), ULambda y, U (3, h), T (64, c), Hoist_vars [c], T (3, w),  T (28, x), T (2, c), T (8, f),  Lambda_apply y [((Iter 2), (Arg 9)), ((Iter 1), (Arg 10))], T (1, f)];35.892066955566406
24;MobilNet_4;0.4297048;0.0037137356879562646;1;axe_out_channels_0,axe_yy_0,axe_xx_0,axe_out_channels_1;9;[V f, U (4, f), U (7, y), U (3, h), T (32, c), Hoist_vars [c], T (14, x),  T (3, w), T (4, c), T (2, f), T (2, x), T (4, y), T (1, f)];37.16763758659363
25;MobilNet_4;0.49846139999999994;0.0031030777689255353;1;axe_out_channels_0,axe_yy_0,axe_xx_0,axe_out_channels_1;9;[V f, U (4, f), U (7, y), T (16, c), Hoist_vars [c], T (3, h), T (14, x),  T (3, w), T (8, c), T (2, f), T (2, x), T (4, y), T (1, f)];38.407315731048584
26;MobilNet_4;0.15864150000000002;0.0012595069868801827;1;axe_out_channels_0,axe_yy_0,axe_xx_0,axe_out_channels_1;12;[V f, U (4, f), U (4, y), U (3, w), T (128, c), Hoist_vars [c], T (14, x),  T (3, h), T (1, c), T (2, f), T (2, x), T (7, y), T (1, f)];39.58667016029358
27;MobilNet_4;0.21841919999999998;0.002299928555412104;2;axe_out_channels1_0,axe_yy1_0,axe_xx1_0,axe_out_channels1_1;10;[V f, U (2, f), ULambda y, U (3, h), T (64, c), Hoist_vars [c], T (7, x),  T (3, w), T (2, c), T (2, f), T (4, x),  Lambda_apply y [((Iter 2), (Arg 9)), ((Iter 1), (Arg 10))], T (2, f)];41.061187505722046
28;MobilNet_4;0.9675819999999999;0.00620307559199468;2;axe_out_channels1_0,axe_yy1_0,axe_xx1_0,axe_out_channels1_1;8;[V f, U (2, f), ULambda y, U (3, h), T (32, c), Hoist_vars [c], T (28, x),  T (3, w), T (4, c), T (1, f), T (1, x),  Lambda_apply y [((Iter 2), (Arg 9)), ((Iter 1), (Arg 10))], T (4, f)];42.475359201431274
29;MobilNet_4;0.2408728;0.0018090044112715697;2;axe_out_channels1_0,axe_yy1_0,axe_xx1_0,axe_out_channels1_1;11;[V f, U (2, f), ULambda y, T (32, c), Hoist_vars [c], T (3, h), T (7, x),  T (3, w), T (4, c), T (1, f), T (4, x),  Lambda_apply y [((Iter 2), (Arg 8)), ((Iter 1), (Arg 12))], T (4, f)];43.968421459198
30;MobilNet_4;1.0333482;0.010232388751410854;1;axe_xx_0;28;[V f, U (1, f), U (14, y), U (3, h), T (16, c), Hoist_vars [c], T (3, w),  T (28, x), T (8, c), T (1, f), T (2, y), T (8, f)];45.13996243476868
31;MobilNet_4;0.7233259999999999;0.009200227605880207;2;axe_out_channels1_0,axe_yy1_0,axe_xx1_0,axe_out_channels1_1;9;[V f, U (2, f), ULambda y, T (32, c), Hoist_vars [c], T (3, h), T (7, x),  T (3, w), T (4, c), T (2, f), T (4, x),  Lambda_apply y [((Iter 1), (Arg 13)), ((Iter 1), (Arg 15))], T (2, f)];46.483142614364624
32;MobilNet_4;1.0626126;0.006000349359828946;2;axe_out_channels1_0,axe_yy1_0,axe_xx1_0,axe_out_channels1_1;8;[V f, U (2, f), ULambda y, U (3, h), T (32, c), Hoist_vars [c], T (28, x),  T (3, w), T (4, c), T (4, f), T (1, x),  Lambda_apply y [((Iter 2), (Arg 9)), ((Iter 1), (Arg 10))], T (1, f)];47.88072490692139
33;MobilNet_4;0.3189028;0.002492850769701227;2;axe_out_channels1_0,axe_yy1_0,axe_xx1_0,axe_out_channels1_1;10;[V f, U (2, f), ULambda y, T (32, c), Hoist_vars [c], T (3, h), T (7, x),  T (3, w), T (4, c), T (2, f), T (4, x),  Lambda_apply y [((Iter 2), (Arg 8)), ((Iter 1), (Arg 12))], T (2, f)];49.35170364379883
34;MobilNet_4;0.2163313;0.0011232540273686988;1;axe_out_channels_0,axe_yy_0,axe_xx_0,axe_out_channels_1;10;[V f, U (2, f), U (14, y), T (32, c), Hoist_vars [c], T (3, h), T (7, x),  T (3, w), T (4, c), T (2, f), T (4, x), T (2, y), T (2, f)];50.4598274230957
35;MobilNet_4;0.43726529999999997;0.004449370653249734;2;axe_out_channels1_0,axe_yy1_0,axe_xx1_0,axe_out_channels1_1;10;[V f, U (2, f), ULambda y, T (32, c), Hoist_vars [c], T (3, h), T (7, x),  T (3, w), T (4, c), T (1, f), T (4, x),  Lambda_apply y [((Iter 1), (Arg 13)), ((Iter 1), (Arg 15))], T (4, f)];51.787132024765015
36;MobilNet_4;0.6417877000000001;0.004649819997591317;1;axe_xx_0;28;[V f, U (1, f), U (14, y), U (3, h), T (32, c), Hoist_vars [c], T (3, w),  T (28, x), T (4, c), T (8, f), T (2, y), T (1, f)];52.90778851509094
37;MobilNet_4;0.25196570000000007;0.009290534872115815;2;axe_out_channels1_0,axe_yy1_0,axe_xx1_0,axe_out_channels1_1;11;[V f, U (2, f), ULambda y, T (64, c), Hoist_vars [c], T (3, h), T (7, x),  T (3, w), T (2, c), T (4, f), T (4, x),  Lambda_apply y [((Iter 2), (Arg 9)), ((Iter 1), (Arg 10))], T (1, f)];54.344109535217285
38;MobilNet_4;0.4747222;0.002742381330158153;2;axe_out_channels1_0,axe_yy1_0,axe_xx1_0,axe_out_channels1_1;9;[V f, U (2, f), ULambda y, T (32, c), Hoist_vars [c], T (3, h), T (14, x),  T (3, w), T (4, c), T (1, f), T (2, x),  Lambda_apply y [((Iter 2), (Arg 8)), ((Iter 1), (Arg 12))], T (4, f)];55.68101382255554
39;MobilNet_4;0.5978765;0.008239399568536532;2;axe_out_channels1_0,axe_yy1_0,axe_xx1_0,axe_out_channels1_1;9;[V f, U (2, f), ULambda y, T (64, c), Hoist_vars [c], T (3, h), T (7, x),  T (3, w), T (2, c), T (2, f), T (4, x),  Lambda_apply y [((Iter 1), (Arg 13)), ((Iter 1), (Arg 15))], T (2, f)];57.02440524101257
40;MobilNet_4;0.5800464;0.007751865029784765;1;axe_out_channels_0,axe_yy_0,axe_xx_0,axe_out_channels_1;8;[V f, U (4, f), U (7, y), U (3, w), T (64, c), Hoist_vars [c], T (28, x),  T (3, h), T (2, c), T (2, f), T (1, x), T (4, y), T (1, f)];58.190329790115356
41;MobilNet_4;0.8206159999999999;0.006454579769435043;2;axe_out_channels1_0,axe_yy1_0,axe_xx1_0,axe_out_channels1_1;8;[V f, U (2, f), ULambda y, T (32, c), Hoist_vars [c], T (3, h), T (14, x),  T (3, w), T (4, c), T (2, f), T (2, x),  Lambda_apply y [((Iter 2), (Arg 8)), ((Iter 1), (Arg 12))], T (2, f)];59.529826641082764
42;MobilNet_4;0.7536413000000002;0.005233627404582787;2;axe_out_channels1_0,axe_yy1_0,axe_xx1_0,axe_out_channels1_1;7;[V f, U (2, f), ULambda y, T (32, c), Hoist_vars [c], T (3, h), T (14, x),  T (3, w), T (4, c), T (2, f), T (2, x),  Lambda_apply y [((Iter 1), (Arg 8)), ((Iter 2), (Arg 10))], T (2, f)];60.868653774261475
43;MobilNet_4;0.5473714000000001;0.009951234528439167;1;axe_out_channels_0,axe_yy_0,axe_xx_0,axe_out_channels_1;8;[V f, U (4, f), U (7, y), U (3, w), T (128, c), Hoist_vars [c], T (28, x),  T (3, h), T (1, c), T (2, f), T (1, x), T (4, y), T (1, f)];62.02319121360779
44;MobilNet_4;1.0808256;0.009171621865297333;2;axe_out_channels1_0,axe_yy1_0,axe_xx1_0,axe_out_channels1_1;8;[V f, U (2, f), ULambda y, T (32, c), Hoist_vars [c], T (3, h), T (28, x),  T (3, w), T (4, c), T (4, f), T (1, x),  Lambda_apply y [((Iter 2), (Arg 9)), ((Iter 1), (Arg 10))], T (1, f)];63.389249086380005
45;MobilNet_4;0.7794118;0.017460243341946857;2;axe_out_channels1_0,axe_yy1_0,axe_xx1_0,axe_out_channels1_1;8;[V f, U (2, f), ULambda y, U (3, h), T (32, c), Hoist_vars [c], T (14, x),  T (3, w), T (4, c), T (2, f), T (2, x),  Lambda_apply y [((Iter 2), (Arg 9)), ((Iter 1), (Arg 10))], T (2, f)];64.7563738822937
46;MobilNet_4;1.0989976000000001;0.0032476615648801975;1;axe_out_channels_0,axe_yy_0,axe_xx_0,axe_out_channels_1;8;[V f, U (4, f), U (7, y), T (16, c), Hoist_vars [c], T (3, h), T (28, x),  T (3, w), T (8, c), T (1, f), T (1, x), T (4, y), T (2, f)];65.90245747566223
47;MobilNet_4;0.6712664;0.008936986183272306;1;axe_out_channels_0,axe_yy_0,axe_xx_0,axe_out_channels_1;8;[V f, U (2, f), U (14, y), T (16, c), Hoist_vars [c], T (3, h), T (28, x),  T (3, w), T (8, c), T (1, f), T (1, x), T (2, y), T (4, f)];67.0465202331543
48;MobilNet_4;0.9606089999999998;0.01498812466588131;1;axe_out_channels_0,axe_yy_0,axe_xx_0,axe_out_channels_1;8;[V f, U (2, f), U (14, y), T (16, c), Hoist_vars [c], T (3, h), T (28, x),  T (3, w), T (8, c), T (4, f), T (1, x), T (2, y), T (1, f)];68.19581127166748
49;MobilNet_4;0.18536210000000003;0.0006079311556418187;1;axe_out_channels_0,axe_yy_0,axe_xx_0,axe_out_channels_1;14;[V f, U (2, f), U (14, y), T (16, c), Hoist_vars [c], T (3, h), T (4, x),  T (3, w), T (8, c), T (4, f), T (7, x), T (2, y), T (1, f)];69.36361408233643
50;MobilNet_4;0.35131000000000007;0.004883918385886473;2;axe_out_channels1_0,axe_yy1_0,axe_xx1_0,axe_out_channels1_1;7;[V f, U (4, f), ULambda y, U (3, w), T (64, c), Hoist_vars [c], T (14, x),  T (3, h), T (2, c), T (2, f), T (2, x),  Lambda_apply y [((Iter 2), (Arg 5)), ((Iter 3), (Arg 6))], T (1, f)];70.9469063282013
51;MobilNet_4;0.3532883;0.0038148780858633033;1;axe_xx_0;28;[V f, U (1, f), U (14, y), U (3, h), T (128, c), Hoist_vars [c], T (3, w),  T (28, x), T (1, c), T (8, f), T (2, y), T (1, f)];72.07426047325134
52;MobilNet_4;1.049785;0.004620477919003606;2;axe_out_channels1_0,axe_yy1_0,axe_xx1_0,axe_out_channels1_1;6;[V f, U (2, f), ULambda y, T (32, c), Hoist_vars [c], T (3, h), T (28, x),  T (3, w), T (4, c), T (2, f), T (1, x),  Lambda_apply y [((Iter 1), (Arg 8)), ((Iter 2), (Arg 10))], T (2, f)];73.44303178787231
53;MobilNet_4;0.7613617999999999;0.0060185437075758;2;axe_out_channels1_0,axe_yy1_0,axe_xx1_0,axe_out_channels1_1;8;[V f, U (2, f), ULambda y, T (32, c), Hoist_vars [c], T (3, h), T (14, x),  T (3, w), T (4, c), T (4, f), T (2, x),  Lambda_apply y [((Iter 1), (Arg 8)), ((Iter 2), (Arg 10))], T (1, f)];74.76546144485474
54;MobilNet_4;0.3223857;0.0020612645657460027;1;axe_out_channels_0,axe_yy_0,axe_xx_0,axe_out_channels_1;11;[V f, U (2, f), U (14, y), T (32, c), Hoist_vars [c], T (3, h), T (7, x),  T (3, w), T (4, c), T (1, f), T (4, x), T (2, y), T (4, f)];75.87005400657654
55;MobilNet_4;0.47221789999999997;0.0037814952717146163;2;axe_xx1_0;28;[V f, U (1, f), ULambda y, U (3, h), T (128, c), Hoist_vars [c], T (3, w),  T (28, x), T (1, c), T (2, f),  Lambda_apply y [((Iter 2), (Arg 9)), ((Iter 1), (Arg 10))], T (4, f)];77.17349576950073
56;MobilNet_4;0.44863;0.0045568889606835816;1;axe_xx_0;28;[V f, U (1, f), U (14, y), U (3, h), T (64, c), Hoist_vars [c], T (3, w),  T (28, x), T (2, c), T (2, f), T (2, y), T (4, f)];78.27961206436157
57;MobilNet_4;0.2619272;0.0031036343470196444;2;axe_out_channels1_0,axe_yy1_0,axe_xx1_0,axe_out_channels1_1;9;[V f, U (2, f), ULambda y, T (32, c), Hoist_vars [c], T (3, h), T (7, x),  T (3, w), T (4, c), T (2, f), T (4, x),  Lambda_apply y [((Iter 1), (Arg 8)), ((Iter 2), (Arg 10))], T (2, f)];79.724933385849
58;MobilNet_4;0.6197534;0.005666369070224799;2;axe_xx1_0;28;[V f, U (1, f), ULambda y, U (3, h), T (64, c), Hoist_vars [c], T (3, w),  T (28, x), T (2, c), T (1, f),  Lambda_apply y [((Iter 2), (Arg 9)), ((Iter 1), (Arg 10))], T (8, f)];81.03805088996887
59;MobilNet_4;0.19198630000000003;0.0016883134217318774;1;axe_out_channels_0,axe_yy_0,axe_xx_0,axe_out_channels_1;10;[V f, U (2, f), U (14, y), T (64, c), Hoist_vars [c], T (3, h), T (7, x),  T (3, w), T (2, c), T (2, f), T (4, x), T (2, y), T (2, f)];82.13386130332947
60;MobilNet_4;0.3629034;0.004944436331878485;1;axe_out_channels_0,axe_yy_0,axe_xx_0,axe_out_channels_1;11;[V f, U (4, f), U (4, y), U (3, w), T (64, c), Hoist_vars [c], T (28, x),  T (3, h), T (2, c), T (2, f), T (1, x), T (7, y), T (1, f)];83.24427890777588
61;MobilNet_4;0.3509690999999999;0.002395735605195189;2;axe_out_channels1_0,axe_yy1_0,axe_xx1_0,axe_out_channels1_1;7;[V f, U (4, f), ULambda y, U (3, h), T (32, c), Hoist_vars [c], T (14, x),  T (3, w), T (4, c), T (1, f), T (2, x),  Lambda_apply y [((Iter 2), (Arg 5)), ((Iter 3), (Arg 6))], T (2, f)];84.8820550441742
62;MobilNet_4;0.25249520000000003;0.003998044191851812;1;axe_out_channels_0,axe_yy_0,axe_xx_0,axe_out_channels_1;12;[V f, U (4, f), U (4, y), U (3, w), T (64, c), Hoist_vars [c], T (14, x),  T (3, h), T (2, c), T (1, f), T (2, x), T (7, y), T (2, f)];86.10359454154968
63;MobilNet_4;0.9507308;0.00406784583778689;2;axe_out_channels1_0,axe_yy1_0,axe_xx1_0,axe_out_channels1_1;7;[V f, U (2, f), ULambda y, T (32, c), Hoist_vars [c], T (3, h), T (28, x),  T (3, w), T (4, c), T (1, f), T (1, x),  Lambda_apply y [((Iter 1), (Arg 8)), ((Iter 2), (Arg 10))], T (4, f)];87.47789645195007
64;MobilNet_4;0.27451970000000003;0.008139564374707038;1;axe_out_channels_0,axe_yy_0,axe_xx_0,axe_out_channels_1;11;[V f, U (2, f), U (14, y), T (64, c), Hoist_vars [c], T (3, h), T (7, x),  T (3, w), T (2, c), T (4, f), T (4, x), T (2, y), T (1, f)];88.59981775283813
65;MobilNet_4;0.9707522;0.009980984288135089;2;axe_out_channels1_0,axe_yy1_0,axe_xx1_0,axe_out_channels1_1;6;[V f, U (4, f), ULambda y, U (3, w), T (32, c), Hoist_vars [c], T (28, x),  T (3, h), T (4, c), T (1, f), T (1, x),  Lambda_apply y [((Iter 2), (Arg 5)), ((Iter 3), (Arg 6))], T (2, f)];90.00754904747009
66;MobilNet_4;0.7745759;0.005758510891714983;2;axe_out_channels1_0,axe_yy1_0,axe_xx1_0,axe_out_channels1_1;8;[V f, U (2, f), ULambda y, T (32, c), Hoist_vars [c], T (3, h), T (14, x),  T (3, w), T (4, c), T (2, f), T (2, x),  Lambda_apply y [((Iter 2), (Arg 9)), ((Iter 1), (Arg 10))], T (2, f)];91.33817315101624
67;MobilNet_4;0.25567930000000005;0.0035499512686796146;1;axe_out_channels_0,axe_yy_0,axe_xx_0,axe_out_channels_1;11;[V f, U (4, f), U (7, y), T (32, c), Hoist_vars [c], T (3, h), T (7, x),  T (3, w), T (4, c), T (1, f), T (4, x), T (4, y), T (2, f)];92.53037357330322
68;MobilNet_4;0.2066465;0.0005547583708246288;1;axe_out_channels_0,axe_yy_0,axe_xx_0,axe_out_channels_1;11;[V f, U (4, f), U (7, y), U (3, w), T (64, c), Hoist_vars [c], T (7, x),  T (3, h), T (2, c), T (1, f), T (4, x), T (4, y), T (2, f)];93.75824356079102
69;MobilNet_4;0.19432509999999997;0.010899193075177626;1;axe_out_channels_0,axe_yy_0,axe_xx_0,axe_out_channels_1;13;[V f, U (2, f), U (14, y), T (64, c), Hoist_vars [c], T (3, h), T (4, x),  T (3, w), T (2, c), T (2, f), T (7, x), T (2, y), T (2, f)];94.98922681808472
70;MobilNet_4;0.2796784;0.0027097074823677902;1;axe_out_channels_0,axe_yy_0,axe_xx_0,axe_out_channels_1;11;[V f, U (2, f), U (14, y), T (64, c), Hoist_vars [c], T (3, h), T (7, x),  T (3, w), T (2, c), T (1, f), T (4, x), T (2, y), T (4, f)];96.08746337890625
71;MobilNet_4;0.2604668;0.0037750391468168876;1;axe_out_channels_0,axe_yy_0,axe_xx_0,axe_out_channels_1;13;[V f, U (2, f), U (14, y), T (16, c), Hoist_vars [c], T (3, h), T (4, x),  T (3, w), T (8, c), T (2, f), T (7, x), T (2, y), T (2, f)];97.246591091156
72;MobilNet_4;0.2203907;0.002793153452640938;2;axe_out_channels1_0,axe_yy1_0,axe_xx1_0,axe_out_channels1_1;9;[V f, U (2, f), ULambda y, T (64, c), Hoist_vars [c], T (3, h), T (7, x),  T (3, w), T (2, c), T (2, f), T (4, x),  Lambda_apply y [((Iter 1), (Arg 8)), ((Iter 2), (Arg 10))], T (2, f)];98.72330117225647
73;MobilNet_4;0.2243575;0.003056311870539386;2;axe_out_channels1_0,axe_yy1_0,axe_xx1_0,axe_out_channels1_1;10;[V f, U (2, f), ULambda y, T (64, c), Hoist_vars [c], T (3, h), T (7, x),  T (3, w), T (2, c), T (2, f), T (4, x),  Lambda_apply y [((Iter 2), (Arg 9)), ((Iter 1), (Arg 10))], T (2, f)];100.198725938797
74;MobilNet_4;1.0201223000000001;0.00875817164766713;1;axe_xx_0;28;[V f, U (1, f), U (14, y), U (3, h), T (16, c), Hoist_vars [c], T (3, w),  T (28, x), T (8, c), T (2, f), T (2, y), T (4, f)];101.36058783531189
75;MobilNet_4;0.8251123;0.006770135804398597;2;axe_out_channels1_0,axe_yy1_0,axe_xx1_0,axe_out_channels1_1;9;[V f, U (2, f), ULambda y, T (32, c), Hoist_vars [c], T (3, h), T (14, x),  T (3, w), T (4, c), T (4, f), T (2, x),  Lambda_apply y [((Iter 2), (Arg 8)), ((Iter 1), (Arg 12))], T (1, f)];102.68214344978333
76;MobilNet_4;0.7705787;0.0038687774050725396;2;axe_out_channels1_0,axe_yy1_0,axe_xx1_0,axe_out_channels1_1;6;[V f, U (4, f), ULambda y, U (3, w), T (128, c), Hoist_vars [c], T (28, x),  T (3, h), T (1, c), T (2, f), T (1, x),  Lambda_apply y [((Iter 2), (Arg 5)), ((Iter 3), (Arg 6))], T (1, f)];104.09852361679077
77;MobilNet_4;0.2034451;0.0020918635447848832;2;axe_out_channels1_0,axe_yy1_0,axe_xx1_0,axe_out_channels1_1;11;[V f, U (2, f), ULambda y, T (64, c), Hoist_vars [c], T (3, h), T (7, x),  T (3, w), T (2, c), T (1, f), T (4, x),  Lambda_apply y [((Iter 2), (Arg 8)), ((Iter 1), (Arg 12))], T (4, f)];105.62315154075623
78;MobilNet_4;0.18574279999999999;0.003497988845036529;1;axe_out_channels_0,axe_yy_0,axe_xx_0,axe_out_channels_1;12;[V f, U (4, f), U (4, y), U (3, w), T (32, c), Hoist_vars [c], T (14, x),  T (3, h), T (4, c), T (2, f), T (2, x), T (7, y), T (1, f)];106.81651139259338
79;MobilNet_4;0.32815740000000004;0.008849426661654414;2;axe_out_channels1_0,axe_yy1_0,axe_xx1_0,axe_out_channels1_1;11;[V f, U (2, f), ULambda y, T (32, c), Hoist_vars [c], T (3, h), T (7, x),  T (3, w), T (4, c), T (4, f), T (4, x),  Lambda_apply y [((Iter 2), (Arg 9)), ((Iter 1), (Arg 10))], T (1, f)];108.25958037376404
80;MobilNet_4;0.7236089;0.003524427001655736;1;axe_out_channels_0,axe_yy_0,axe_xx_0,axe_out_channels_1;8;[V f, U (4, f), U (7, y), U (3, w), T (32, c), Hoist_vars [c], T (28, x),  T (3, h), T (4, c), T (2, f), T (1, x), T (4, y), T (1, f)];109.43942523002625
81;MobilNet_4;0.3114452;0.018512154249573438;1;axe_out_channels_0,axe_yy_0,axe_xx_0,axe_out_channels_1;12;[V f, U (4, f), U (4, y), U (3, w), T (32, c), Hoist_vars [c], T (14, x),  T (3, h), T (4, c), T (1, f), T (2, x), T (7, y), T (2, f)];110.66038346290588
82;MobilNet_4;0.27805969999999997;0.003943220968954198;2;axe_out_channels1_0,axe_yy1_0,axe_xx1_0,axe_out_channels1_1;10;[V f, U (2, f), ULambda y, T (32, c), Hoist_vars [c], T (3, h), T (7, x),  T (3, w), T (4, c), T (2, f), T (4, x),  Lambda_apply y [((Iter 2), (Arg 9)), ((Iter 1), (Arg 10))], T (2, f)];112.14149498939514
83;MobilNet_4;0.2811789;0.002327973558698635;1;axe_out_channels_0,axe_yy_0,axe_xx_0,axe_out_channels_1;9;[V f, U (4, f), U (7, y), U (3, w), T (64, c), Hoist_vars [c], T (14, x),  T (3, h), T (2, c), T (2, f), T (2, x), T (4, y), T (1, f)];113.40046954154968
84;MobilNet_4;0.1802507;0.0006815819906658317;1;axe_out_channels_0,axe_yy_0,axe_xx_0,axe_out_channels_1;11;[V f, U (4, f), U (7, y), U (3, w), T (128, c), Hoist_vars [c], T (7, x),  T (3, h), T (1, c), T (2, f), T (4, x), T (4, y), T (1, f)];114.5972146987915
85;MobilNet_4;0.8069469;0.009249683967033689;2;axe_out_channels1_0,axe_yy1_0,axe_xx1_0,axe_out_channels1_1;9;[V f, U (2, f), ULambda y, U (3, h), T (32, c), Hoist_vars [c], T (14, x),  T (3, w), T (4, c), T (4, f), T (2, x),  Lambda_apply y [((Iter 2), (Arg 9)), ((Iter 1), (Arg 10))], T (1, f)];115.95887637138367
86;MobilNet_4;0.24206979999999997;0.0014526088806006935;2;axe_out_channels1_0,axe_yy1_0,axe_xx1_0,axe_out_channels1_1;11;[V f, U (2, f), ULambda y, T (32, c), Hoist_vars [c], T (3, h), T (7, x),  T (3, w), T (4, c), T (1, f), T (4, x),  Lambda_apply y [((Iter 2), (Arg 9)), ((Iter 1), (Arg 10))], T (4, f)];117.45525646209717
87;MobilNet_4;0.1936649;0.0007927208146630257;1;axe_out_channels_0,axe_yy_0,axe_xx_0,axe_out_channels_1;9;[V f, U (4, f), U (7, y), U (3, w), T (128, c), Hoist_vars [c], T (14, x),  T (3, h), T (1, c), T (1, f), T (2, x), T (4, y), T (2, f)];118.78712391853333
88;MobilNet_4;0.4272335;0.0022817663881300396;2;axe_out_channels1_0,axe_yy1_0,axe_xx1_0,axe_out_channels1_1;8;[V f, U (2, f), ULambda y, T (32, c), Hoist_vars [c], T (3, h), T (14, x),  T (3, w), T (4, c), T (1, f), T (2, x),  Lambda_apply y [((Iter 1), (Arg 8)), ((Iter 2), (Arg 10))], T (4, f)];120.11489796638489
89;MobilNet_4;1.007145;0.017705483218483493;2;axe_out_channels1_0,axe_yy1_0,axe_xx1_0,axe_out_channels1_1;6;[V f, U (4, f), ULambda y, U (3, w), T (32, c), Hoist_vars [c], T (28, x),  T (3, h), T (4, c), T (2, f), T (1, x),  Lambda_apply y [((Iter 2), (Arg 5)), ((Iter 3), (Arg 6))], T (1, f)];121.52065062522888
90;MobilNet_4;0.1854709;0.0006647287341464848;1;axe_out_channels_0,axe_yy_0,axe_xx_0,axe_out_channels_1;11;[V f, U (4, f), U (7, y), U (3, w), T (64, c), Hoist_vars [c], T (7, x),  T (3, h), T (2, c), T (2, f), T (4, x), T (4, y), T (1, f)];122.73005747795105
91;MobilNet_4;0.1906915;0.0003560525944295289;1;axe_out_channels_0,axe_yy_0,axe_xx_0,axe_out_channels_1;11;[V f, U (4, f), U (7, y), U (3, w), T (128, c), Hoist_vars [c], T (7, x),  T (3, h), T (1, c), T (1, f), T (4, x), T (4, y), T (2, f)];123.94527053833008
92;MobilNet_4;0.2828924;0.0009115892934869294;1;axe_out_channels_0,axe_yy_0,axe_xx_0,axe_out_channels_1;9;[V f, U (4, f), U (7, y), U (3, h), T (32, c), Hoist_vars [c], T (14, x),  T (3, w), T (4, c), T (1, f), T (2, x), T (4, y), T (2, f)];125.26185011863708
93;MobilNet_4;0.8427651;0.005810223497422482;2;axe_out_channels1_0,axe_yy1_0,axe_xx1_0,axe_out_channels1_1;6;[V f, U (4, f), ULambda y, U (3, w), T (64, c), Hoist_vars [c], T (28, x),  T (3, h), T (2, c), T (1, f), T (1, x),  Lambda_apply y [((Iter 2), (Arg 5)), ((Iter 3), (Arg 6))], T (2, f)];126.64239859580994
94;MobilNet_4;0.47797999999999996;0.003607305310061784;1;axe_xx_0;28;[V f, U (1, f), U (14, y), U (3, h), T (64, c), Hoist_vars [c], T (3, w),  T (28, x), T (2, c), T (1, f), T (2, y), T (8, f)];127.75564384460449
95;MobilNet_4;1.0875861;0.008287054150299768;1;axe_out_channels_0,axe_yy_0,axe_xx_0,axe_out_channels_1;8;[V f, U (4, f), U (7, y), U (3, h), T (16, c), Hoist_vars [c], T (28, x),  T (3, w), T (8, c), T (2, f), T (1, x), T (4, y), T (1, f)];128.9270031452179
96;MobilNet_4;0.5206641000000001;0.006970898886800736;2;axe_out_channels1_0,axe_yy1_0,axe_xx1_0,axe_out_channels1_1;7;[V f, U (4, f), ULambda y, U (3, h), T (32, c), Hoist_vars [c], T (14, x),  T (3, w), T (4, c), T (2, f), T (2, x),  Lambda_apply y [((Iter 2), (Arg 5)), ((Iter 3), (Arg 6))], T (1, f)];130.52103519439697
97;MobilNet_4;0.5112481000000001;0.0017809483681454923;1;axe_out_channels_0,axe_yy_0,axe_xx_0,axe_out_channels_1;8;[V f, U (4, f), U (7, y), U (3, w), T (128, c), Hoist_vars [c], T (28, x),  T (3, h), T (1, c), T (1, f), T (1, x), T (4, y), T (2, f)];131.68266463279724
98;MobilNet_4;0.37220770000000003;0.005326523426213381;1;axe_xx_0;28;[V f, U (1, f), U (14, y), U (3, h), T (128, c), Hoist_vars [c], T (3, w),  T (28, x), T (1, c), T (2, f), T (2, y), T (4, f)];132.77451753616333
99;MobilNet_4;0.2153788;0.0026186007255784524;1;axe_out_channels_0,axe_yy_0,axe_xx_0,axe_out_channels_1;14;[V f, U (2, f), U (14, y), T (32, c), Hoist_vars [c], T (3, h), T (4, x),  T (3, w), T (4, c), T (1, f), T (7, x), T (2, y), T (4, f)];133.92763137817383
100;MobilNet_4;0.48103739999999995;0.005709728893739162;2;axe_xx1_0;28;[V f, U (1, f), ULambda y, U (3, h), T (128, c), Hoist_vars [c], T (3, w),  T (28, x), T (1, c), T (1, f),  Lambda_apply y [((Iter 2), (Arg 9)), ((Iter 1), (Arg 10))], T (8, f)];135.20914459228516
101;MobilNet_4;0.9478983;0.021353120966500393;1;axe_out_channels_0,axe_yy_0,axe_xx_0,axe_out_channels_1;7;[V f, U (2, f), U (14, y), T (16, c), Hoist_vars [c], T (3, h), T (28, x),  T (3, w), T (8, c), T (2, f), T (1, x), T (2, y), T (2, f)];136.3311116695404
102;MobilNet_4;1.0464692999999998;0.0053619210372775755;2;axe_out_channels1_0,axe_yy1_0,axe_xx1_0,axe_out_channels1_1;7;[V f, U (2, f), ULambda y, T (32, c), Hoist_vars [c], T (3, h), T (28, x),  T (3, w), T (4, c), T (4, f), T (1, x),  Lambda_apply y [((Iter 1), (Arg 8)), ((Iter 2), (Arg 10))], T (1, f)];137.68489718437195
103;MobilNet_4;0.6668266;0.008182672316547939;1;axe_xx_0;28;[V f, U (1, f), U (14, y), U (3, h), T (32, c), Hoist_vars [c], T (3, w),  T (28, x), T (4, c), T (4, f), T (2, y), T (2, f)];138.819002866745
104;MobilNet_4;0.5691919;0.00800887891592826;1;axe_out_channels_0,axe_yy_0,axe_xx_0,axe_out_channels_1;9;[V f, U (4, f), U (7, y), U (3, h), T (16, c), Hoist_vars [c], T (14, x),  T (3, w), T (8, c), T (2, f), T (2, x), T (4, y), T (1, f)];140.07486128807068
105;MobilNet_4;1.2347683;0.004101266586068262;2;axe_out_channels1_0,axe_yy1_0,axe_xx1_0,axe_out_channels1_1;7;[V f, U (2, f), ULambda y, T (32, c), Hoist_vars [c], T (3, h), T (14, x),  T (3, w), T (4, c), T (2, f), T (2, x),  Lambda_apply y [((Iter 1), (Arg 13)), ((Iter 1), (Arg 15))], T (2, f)];141.42935919761658
106;MobilNet_4;0.3611839;0.003556843191651838;1;axe_xx_0;28;[V f, U (1, f), U (14, y), U (3, h), T (128, c), Hoist_vars [c], T (3, w),  T (28, x), T (1, c), T (1, f), T (2, y), T (8, f)];142.53783059120178
107;MobilNet_4;0.23483540000000006;0.004489509153571248;2;axe_out_channels1_0,axe_yy1_0,axe_xx1_0,axe_out_channels1_1;10;[V f, U (2, f), ULambda y, T (64, c), Hoist_vars [c], T (3, h), T (7, x),  T (3, w), T (2, c), T (2, f), T (4, x),  Lambda_apply y [((Iter 2), (Arg 8)), ((Iter 1), (Arg 12))], T (2, f)];143.99624967575073
108;MobilNet_4;1.0928065;0.008011326385187431;2;axe_out_channels1_0,axe_yy1_0,axe_xx1_0,axe_out_channels1_1;7;[V f, U (2, f), ULambda y, T (32, c), Hoist_vars [c], T (3, h), T (28, x),  T (3, w), T (4, c), T (2, f), T (1, x),  Lambda_apply y [((Iter 2), (Arg 9)), ((Iter 1), (Arg 10))], T (2, f)];145.34599661827087
109;MobilNet_4;0.742202;0.007263261884305147;1;axe_out_channels_0,axe_yy_0,axe_xx_0,axe_out_channels_1;8;[V f, U (2, f), U (14, y), T (16, c), Hoist_vars [c], T (3, h), T (14, x),  T (3, w), T (8, c), T (2, f), T (2, x), T (2, y), T (2, f)];146.44119811058044
110;MobilNet_4;0.9208383999999998;0.007678447254490964;1;axe_out_channels_0,axe_yy_0,axe_xx_0,axe_out_channels_1;8;[V f, U (4, f), U (7, y), U (3, h), T (16, c), Hoist_vars [c], T (28, x),  T (3, w), T (8, c), T (1, f), T (1, x), T (4, y), T (2, f)];147.59912729263306
111;MobilNet_4;0.4537475000000001;0.004830082261204253;1;axe_out_channels_0,axe_yy_0,axe_xx_0,axe_out_channels_1;11;[V f, U (2, f), U (14, y), T (16, c), Hoist_vars [c], T (3, h), T (7, x),  T (3, w), T (8, c), T (1, f), T (4, x), T (2, y), T (4, f)];148.68366146087646
112;MobilNet_4;0.36883030000000006;0.004841119954101543;1;axe_out_channels_0,axe_yy_0,axe_xx_0,axe_out_channels_1;11;[V f, U (4, f), U (7, y), T (16, c), Hoist_vars [c], T (3, h), T (7, x),  T (3, w), T (8, c), T (1, f), T (4, x), T (4, y), T (2, f)];149.8547031879425
113;MobilNet_4;0.2497764;0.0009953268006036987;2;axe_out_channels1_0,axe_yy1_0,axe_xx1_0,axe_out_channels1_1;7;[V f, U (4, f), ULambda y, U (3, w), T (128, c), Hoist_vars [c], T (14, x),  T (3, h), T (1, c), T (1, f), T (2, x),  Lambda_apply y [((Iter 2), (Arg 5)), ((Iter 3), (Arg 6))], T (2, f)];151.46101117134094
114;MobilNet_4;0.8611916000000001;0.005170836589953306;2;axe_out_channels1_0,axe_yy1_0,axe_xx1_0,axe_out_channels1_1;6;[V f, U (4, f), ULambda y, U (3, w), T (64, c), Hoist_vars [c], T (28, x),  T (3, h), T (2, c), T (2, f), T (1, x),  Lambda_apply y [((Iter 2), (Arg 5)), ((Iter 3), (Arg 6))], T (1, f)];152.83532214164734
115;MobilNet_4;0.28139210000000003;0.0015349673905331097;1;axe_out_channels_0,axe_yy_0,axe_xx_0,axe_out_channels_1;11;[V f, U (4, f), U (7, y), U (3, h), T (32, c), Hoist_vars [c], T (7, x),  T (3, w), T (4, c), T (1, f), T (4, x), T (4, y), T (2, f)];154.06955075263977
116;MobilNet_4;0.35233879999999995;0.005033724104477707;1;axe_xx_0;28;[V f, U (1, f), U (14, y), U (3, h), T (128, c), Hoist_vars [c], T (3, w),  T (28, x), T (1, c), T (4, f), T (2, y), T (2, f)];155.18366980552673
117;MobilNet_4;0.24014279999999996;0.004430715897008066;2;axe_out_channels1_0,axe_yy1_0,axe_xx1_0,axe_out_channels1_1;11;[V f, U (2, f), ULambda y, U (3, h), T (64, c), Hoist_vars [c], T (7, x),  T (3, w), T (2, c), T (4, f), T (4, x),  Lambda_apply y [((Iter 2), (Arg 9)), ((Iter 1), (Arg 10))], T (1, f)];156.61568474769592
118;MobilNet_4;0.3612041;0.003188611216501629;2;axe_out_channels1_0,axe_yy1_0,axe_xx1_0,axe_out_channels1_1;10;[V f, U (2, f), ULambda y, T (64, c), Hoist_vars [c], T (3, h), T (7, x),  T (3, w), T (2, c), T (1, f), T (4, x),  Lambda_apply y [((Iter 1), (Arg 13)), ((Iter 1), (Arg 15))], T (4, f)];157.89764738082886
119;MobilNet_4;1.0706516000000001;0.01688398743306803;1;axe_xx_0;28;[V f, U (1, f), U (14, y), U (3, h), T (16, c), Hoist_vars [c], T (3, w),  T (28, x), T (8, c), T (8, f), T (2, y), T (1, f)];159.02788162231445
120;MobilNet_4;0.9377454000000001;0.01136118679716164;2;axe_xx1_0;28;[V f, U (1, f), ULambda y, U (3, h), T (32, c), Hoist_vars [c], T (3, w),  T (28, x), T (4, c), T (4, f),  Lambda_apply y [((Iter 2), (Arg 9)), ((Iter 1), (Arg 10))], T (2, f)];160.3278534412384
121;MobilNet_4;0.5830687999999999;0.004524123778147552;1;axe_out_channels_0,axe_yy_0,axe_xx_0,axe_out_channels_1;8;[V f, U (2, f), U (14, y), T (32, c), Hoist_vars [c], T (3, h), T (14, x),  T (3, w), T (4, c), T (2, f), T (2, x), T (2, y), T (2, f)];161.4241762161255
122;MobilNet_4;0.1637247;0.00233803888119937;1;axe_out_channels_0,axe_yy_0,axe_xx_0,axe_out_channels_1;14;[V f, U (2, f), U (14, y), T (32, c), Hoist_vars [c], T (3, h), T (4, x),  T (3, w), T (4, c), T (4, f), T (7, x), T (2, y), T (1, f)];162.53315949440002
123;MobilNet_4;0.6694348999999999;0.006255756987767359;1;axe_xx_0;28;[V f, U (1, f), U (14, y), U (3, h), T (32, c), Hoist_vars [c], T (3, w),  T (28, x), T (4, c), T (1, f), T (2, y), T (8, f)];163.6266896724701
124;MobilNet_4;0.2543854;0.0096997398336244;2;axe_out_channels1_0,axe_yy1_0,axe_xx1_0,axe_out_channels1_1;11;[V f, U (2, f), ULambda y, T (64, c), Hoist_vars [c], T (3, h), T (7, x),  T (3, w), T (2, c), T (4, f), T (4, x),  Lambda_apply y [((Iter 2), (Arg 8)), ((Iter 1), (Arg 12))], T (1, f)];165.09320616722107
125;MobilNet_4;0.1915981;0.008726792222231486;1;axe_out_channels_0,axe_yy_0,axe_xx_0,axe_out_channels_1;14;[V f, U (2, f), U (14, y), T (64, c), Hoist_vars [c], T (3, h), T (4, x),  T (3, w), T (2, c), T (1, f), T (7, x), T (2, y), T (4, f)];166.21969032287598
126;MobilNet_4;0.26421359999999994;0.0031220599033330663;1;axe_out_channels_0,axe_yy_0,axe_xx_0,axe_out_channels_1;10;[V f, U (2, f), U (14, y), T (16, c), Hoist_vars [c], T (3, h), T (7, x),  T (3, w), T (8, c), T (2, f), T (4, x), T (2, y), T (2, f)];167.26197004318237
127;MobilNet_4;0.26266730000000005;0.0032984043733296268;1;axe_out_channels_0,axe_yy_0,axe_xx_0,axe_out_channels_1;14;[V f, U (2, f), U (14, y), T (16, c), Hoist_vars [c], T (3, h), T (4, x),  T (3, w), T (8, c), T (1, f), T (7, x), T (2, y), T (4, f)];168.39694929122925
128;MobilNet_4;0.3245002;0.005963807438205904;1;axe_out_channels_0,axe_yy_0,axe_xx_0,axe_out_channels_1;11;[V f, U (4, f), U (4, y), U (3, w), T (128, c), Hoist_vars [c], T (28, x),  T (3, h), T (1, c), T (1, f), T (1, x), T (7, y), T (2, f)];169.46326398849487
129;MobilNet_4;0.24031129999999998;0.0009164025370981868;1;axe_out_channels_0,axe_yy_0,axe_xx_0,axe_out_channels_1;9;[V f, U (4, f), U (7, y), U (3, w), T (32, c), Hoist_vars [c], T (14, x),  T (3, h), T (4, c), T (1, f), T (2, x), T (4, y), T (2, f)];170.75159454345703
130;MobilNet_4;0.3866176;0.0036277381162371732;1;axe_out_channels_0,axe_yy_0,axe_xx_0,axe_out_channels_1;9;[V f, U (4, f), U (7, y), T (16, c), Hoist_vars [c], T (3, h), T (14, x),  T (3, w), T (8, c), T (1, f), T (2, x), T (4, y), T (2, f)];172.0110890865326
131;MobilNet_4;0.2128186;0.0015644879801391906;1;axe_out_channels_0,axe_yy_0,axe_xx_0,axe_out_channels_1;13;[V f, U (2, f), U (14, y), T (32, c), Hoist_vars [c], T (3, h), T (4, x),  T (3, w), T (4, c), T (2, f), T (7, x), T (2, y), T (2, f)];173.13782930374146
132;MobilNet_4;0.9527897999999999;0.005867368060723665;2;axe_xx1_0;28;[V f, U (1, f), ULambda y, U (3, h), T (32, c), Hoist_vars [c], T (3, w),  T (28, x), T (4, c), T (1, f),  Lambda_apply y [((Iter 2), (Arg 9)), ((Iter 1), (Arg 10))], T (8, f)];174.4098298549652
133;MobilNet_4;0.3122237;0.002165395624360588;2;axe_out_channels1_0,axe_yy1_0,axe_xx1_0,axe_out_channels1_1;7;[V f, U (4, f), ULambda y, U (3, w), T (32, c), Hoist_vars [c], T (14, x),  T (3, h), T (4, c), T (1, f), T (2, x),  Lambda_apply y [((Iter 2), (Arg 5)), ((Iter 3), (Arg 6))], T (2, f)];176.01837301254272
134;MobilNet_4;1.0574226;0.015506750892433915;1;axe_xx_0;28;[V f, U (1, f), U (14, y), U (3, h), T (16, c), Hoist_vars [c], T (3, w),  T (28, x), T (8, c), T (4, f), T (2, y), T (2, f)];177.16134572029114
135;MobilNet_4;0.3526739;0.0063244644113157975;1;axe_out_channels_0,axe_yy_0,axe_xx_0,axe_out_channels_1;11;[V f, U (2, f), U (14, y), T (32, c), Hoist_vars [c], T (3, h), T (7, x),  T (3, w), T (4, c), T (4, f), T (4, x), T (2, y), T (1, f)];178.23778867721558
136;MobilNet_4;0.2226499;0.002576035382132786;1;axe_out_channels_0,axe_yy_0,axe_xx_0,axe_out_channels_1;9;[V f, U (4, f), U (7, y), U (3, w), T (128, c), Hoist_vars [c], T (14, x),  T (3, h), T (1, c), T (2, f), T (2, x), T (4, y), T (1, f)];179.47730779647827
137;MobilNet_4;0.3748457;0.007940134546089255;1;axe_out_channels_0,axe_yy_0,axe_xx_0,axe_out_channels_1;11;[V f, U (4, f), U (4, y), U (3, w), T (64, c), Hoist_vars [c], T (28, x),  T (3, h), T (2, c), T (1, f), T (1, x), T (7, y), T (2, f)];180.55396008491516
138;MobilNet_4;0.5454349000000001;0.00457089554573283;1;axe_out_channels_0,axe_yy_0,axe_xx_0,axe_out_channels_1;8;[V f, U (4, f), U (7, y), U (3, w), T (64, c), Hoist_vars [c], T (28, x),  T (3, h), T (2, c), T (1, f), T (1, x), T (4, y), T (2, f)];181.69371557235718
139;MobilNet_4;0.2982236;0.0019377446787438132;2;axe_out_channels1_0,axe_yy1_0,axe_xx1_0,axe_out_channels1_1;7;[V f, U (4, f), ULambda y, U (3, w), T (128, c), Hoist_vars [c], T (14, x),  T (3, h), T (1, c), T (2, f), T (2, x),  Lambda_apply y [((Iter 2), (Arg 5)), ((Iter 3), (Arg 6))], T (1, f)];183.22266101837158
140;MobilNet_4;0.6307615999999999;0.007774522637435687;2;axe_xx1_0;28;[V f, U (1, f), ULambda y, U (3, h), T (64, c), Hoist_vars [c], T (3, w),  T (28, x), T (2, c), T (4, f),  Lambda_apply y [((Iter 2), (Arg 9)), ((Iter 1), (Arg 10))], T (2, f)];184.50296449661255
141;MobilNet_4;0.23946360000000003;0.007947874234032643;2;axe_out_channels1_0,axe_yy1_0,axe_xx1_0,axe_out_channels1_1;10;[V f, U (2, f), ULambda y, T (64, c), Hoist_vars [c], T (3, h), T (7, x),  T (3, w), T (2, c), T (4, f), T (4, x),  Lambda_apply y [((Iter 1), (Arg 8)), ((Iter 2), (Arg 10))], T (1, f)];185.93126964569092
142;MobilNet_4;0.6296807999999999;0.00479931694723324;1;axe_out_channels_0,axe_yy_0,axe_xx_0,axe_out_channels_1;8;[V f, U (4, f), U (7, y), U (3, w), T (32, c), Hoist_vars [c], T (28, x),  T (3, h), T (4, c), T (1, f), T (1, x), T (4, y), T (2, f)];187.0766658782959
143;MobilNet_4;0.45397129999999997;0.001967707399488036;1;axe_xx_0;28;[V f, U (1, f), U (14, y), U (3, h), T (64, c), Hoist_vars [c], T (3, w),  T (28, x), T (2, c), T (4, f), T (2, y), T (2, f)];188.1794364452362
144;MobilNet_4;0.452463;0.004904721337650081;1;axe_out_channels_0,axe_yy_0,axe_xx_0,axe_out_channels_1;11;[V f, U (2, f), U (14, y), T (16, c), Hoist_vars [c], T (3, h), T (7, x),  T (3, w), T (8, c), T (4, f), T (4, x), T (2, y), T (1, f)];189.24647212028503
145;MobilNet_4;0.47160149999999995;0.007794131744460066;2;axe_xx1_0;28;[V f, U (1, f), ULambda y, U (3, h), T (128, c), Hoist_vars [c], T (3, w),  T (28, x), T (1, c), T (8, f),  Lambda_apply y [((Iter 2), (Arg 9)), ((Iter 1), (Arg 10))], T (1, f)];190.51691675186157
146;MobilNet_4;0.30004929999999996;0.0016419528038284102;1;axe_out_channels_0,axe_yy_0,axe_xx_0,axe_out_channels_1;9;[V f, U (2, f), U (14, y), T (32, c), Hoist_vars [c], T (3, h), T (14, x),  T (3, w), T (4, c), T (1, f), T (2, x), T (2, y), T (4, f)];191.59151601791382
147;MobilNet_4;0.7528279999999999;0.0032183236940991657;2;axe_out_channels1_0,axe_yy1_0,axe_xx1_0,axe_out_channels1_1;6;[V f, U (4, f), ULambda y, U (3, w), T (128, c), Hoist_vars [c], T (28, x),  T (3, h), T (1, c), T (1, f), T (1, x),  Lambda_apply y [((Iter 2), (Arg 5)), ((Iter 3), (Arg 6))], T (2, f)];192.91614031791687
148;MobilNet_4;0.9261846;0.008735449286670964;2;axe_xx1_0;28;[V f, U (1, f), ULambda y, U (3, h), T (32, c), Hoist_vars [c], T (3, w),  T (28, x), T (4, c), T (2, f),  Lambda_apply y [((Iter 2), (Arg 9)), ((Iter 1), (Arg 10))], T (4, f)];194.2055094242096
149;MobilNet_4;0.6122077;0.01146538029068381;2;axe_out_channels1_0,axe_yy1_0,axe_xx1_0,axe_out_channels1_1;10;[V f, U (2, f), ULambda y, T (64, c), Hoist_vars [c], T (3, h), T (7, x),  T (3, w), T (2, c), T (4, f), T (4, x),  Lambda_apply y [((Iter 1), (Arg 13)), ((Iter 1), (Arg 15))], T (1, f)];195.4854941368103
150;MobilNet_4;0.1971129;0.0010395598539766795;1;axe_out_channels_0,axe_yy_0,axe_xx_0,axe_out_channels_1;11;[V f, U (4, f), U (7, y), U (3, w), T (32, c), Hoist_vars [c], T (7, x),  T (3, h), T (4, c), T (2, f), T (4, x), T (4, y), T (1, f)];196.63715815544128
151;MobilNet_4;0.15234609999999998;0.002406067765047362;1;axe_out_channels_0,axe_yy_0,axe_xx_0,axe_out_channels_1;14;[V f, U (2, f), U (14, y), T (64, c), Hoist_vars [c], T (3, h), T (4, x),  T (3, w), T (2, c), T (4, f), T (7, x), T (2, y), T (1, f)];197.75960564613342
152;MobilNet_4;0.2410987;0.0007534216681248342;1;axe_out_channels_0,axe_yy_0,axe_xx_0,axe_out_channels_1;11;[V f, U (4, f), U (7, y), U (3, h), T (32, c), Hoist_vars [c], T (7, x),  T (3, w), T (4, c), T (2, f), T (4, x), T (4, y), T (1, f)];198.91887307167053
153;MobilNet_4;1.2279096;0.009982893881034708;2;axe_out_channels1_0,axe_yy1_0,axe_xx1_0,axe_out_channels1_1;8;[V f, U (2, f), ULambda y, T (32, c), Hoist_vars [c], T (3, h), T (14, x),  T (3, w), T (4, c), T (4, f), T (2, x),  Lambda_apply y [((Iter 1), (Arg 13)), ((Iter 1), (Arg 15))], T (1, f)];200.2431206703186
154;MobilNet_4;0.8051721000000001;0.011560028100744416;2;axe_out_channels1_0,axe_yy1_0,axe_xx1_0,axe_out_channels1_1;9;[V f, U (2, f), ULambda y, T (32, c), Hoist_vars [c], T (3, h), T (14, x),  T (3, w), T (4, c), T (4, f), T (2, x),  Lambda_apply y [((Iter 2), (Arg 9)), ((Iter 1), (Arg 10))], T (1, f)];201.5096297264099
155;MobilNet_4;0.4727289;0.004849958153427712;2;axe_xx1_0;28;[V f, U (1, f), ULambda y, U (3, h), T (128, c), Hoist_vars [c], T (3, w),  T (28, x), T (1, c), T (4, f),  Lambda_apply y [((Iter 2), (Arg 9)), ((Iter 1), (Arg 10))], T (2, f)];202.79036450386047
156;MobilNet_4;0.3801141;0.004036874842003402;1;axe_out_channels_0,axe_yy_0,axe_xx_0,axe_out_channels_1;9;[V f, U (4, f), U (7, y), U (3, w), T (32, c), Hoist_vars [c], T (14, x),  T (3, h), T (4, c), T (2, f), T (2, x), T (4, y), T (1, f)];204.00401997566223
157;MobilNet_4;0.23570759999999996;0.0013186659319175552;1;axe_out_channels_0,axe_yy_0,axe_xx_0,axe_out_channels_1;11;[V f, U (4, f), U (7, y), U (3, w), T (32, c), Hoist_vars [c], T (7, x),  T (3, h), T (4, c), T (1, f), T (4, x), T (4, y), T (2, f)];205.19606471061707
158;MobilNet_4;0.25898579999999993;0.0020024880923491203;1;axe_out_channels_0,axe_yy_0,axe_xx_0,axe_out_channels_1;9;[V f, U (4, f), U (7, y), T (32, c), Hoist_vars [c], T (3, h), T (14, x),  T (3, w), T (4, c), T (1, f), T (2, x), T (4, y), T (2, f)];206.44276523590088
159;MobilNet_4;0.9341467999999999;0.007241372187645122;2;axe_xx1_0;28;[V f, U (1, f), ULambda y, U (3, h), T (32, c), Hoist_vars [c], T (3, w),  T (28, x), T (4, c), T (8, f),  Lambda_apply y [((Iter 2), (Arg 9)), ((Iter 1), (Arg 10))], T (1, f)];207.73019289970398
160;MobilNet_4;0.3719155;0.002414765133506778;1;axe_out_channels_0,axe_yy_0,axe_xx_0,axe_out_channels_1;9;[V f, U (4, f), U (7, y), T (32, c), Hoist_vars [c], T (3, h), T (14, x),  T (3, w), T (4, c), T (2, f), T (2, x), T (4, y), T (1, f)];208.92021298408508
161;MobilNet_4;0.43438990000000005;0.022454067428641967;1;axe_out_channels_0,axe_yy_0,axe_xx_0,axe_out_channels_1;11;[V f, U (4, f), U (4, y), U (3, w), T (32, c), Hoist_vars [c], T (28, x),  T (3, h), T (4, c), T (1, f), T (1, x), T (7, y), T (2, f)];209.9853572845459
162;MobilNet_4;0.5835522;0.008789818130086635;1;axe_out_channels_0,axe_yy_0,axe_xx_0,axe_out_channels_1;9;[V f, U (2, f), U (14, y), T (32, c), Hoist_vars [c], T (3, h), T (14, x),  T (3, w), T (4, c), T (4, f), T (2, x), T (2, y), T (1, f)];211.07209134101868
163;MobilNet_4;0.7452534;0.0061456561927917845;2;axe_out_channels1_0,axe_yy1_0,axe_xx1_0,axe_out_channels1_1;10;[V f, U (2, f), ULambda y, T (32, c), Hoist_vars [c], T (3, h), T (7, x),  T (3, w), T (4, c), T (4, f), T (4, x),  Lambda_apply y [((Iter 1), (Arg 13)), ((Iter 1), (Arg 15))], T (1, f)];212.37102341651917
164;MobilNet_4;0.4565698;0.005230277770826333;1;axe_xx_0;28;[V f, U (1, f), U (14, y), U (3, h), T (64, c), Hoist_vars [c], T (3, w),  T (28, x), T (2, c), T (8, f), T (2, y), T (1, f)];213.48359489440918
165;MobilNet_4;0.24273470000000003;0.001682591634948897;2;axe_out_channels1_0,axe_yy1_0,axe_xx1_0,axe_out_channels1_1;10;[V f, U (2, f), ULambda y, T (32, c), Hoist_vars [c], T (3, h), T (7, x),  T (3, w), T (4, c), T (1, f), T (4, x),  Lambda_apply y [((Iter 1), (Arg 8)), ((Iter 2), (Arg 10))], T (4, f)];214.90861678123474
