IdRun;NameConv;Time(ms);std;NbMicroKernel;AxeFuse;SizeAxeFuse;Schema;Time_search(3.302563190460205)
0;MobilNet_9;11.8671846;0.3648416136706996;1;axe_out_channels_1,axe_yy_0,axe_xx_0;12;[V f, U (4, f), U (7, y), U (3, w), T (32, c), Hoist_vars [c], T (3, h),  T (7, x), T (1, y), T (4, f), T (4, c), T (8, f), T (8, c)];7.4271814823150635
1;MobilNet_9;9.640002300000003;0.2270082924203652;1;axe_out_channels_1,axe_yy_0,axe_xx_0;24;[V f, U (4, f), U (7, y), U (3, h), T (64, c), Hoist_vars [c], T (3, w),  T (7, x), T (1, y), T (16, f), T (2, c), T (2, f), T (8, c)];11.486378192901611
2;MobilNet_9;8.957840899999999;0.0054662095907494195;1;axe_out_channels_0;32;[V f, U (4, f), U (7, y), U (3, w), T (8, c), Hoist_vars [c], T (3, h),  T (7, x), T (1, y), T (1, f), T (2, c), T (32, f), T (64, c)];15.547981262207031
3;MobilNet_9;9.996987800000001;0.08496976907794877;1;axe_out_channels_0;32;[V f, U (4, f), U (7, y), U (3, h), T (8, c), Hoist_vars [c], T (3, w),  T (7, x), T (1, y), T (1, f), T (64, c), T (32, f), T (2, c)];19.65163564682007
4;MobilNet_9;10.1371416;0.026937928109637327;1;axe_out_channels_1,axe_yy_0,axe_xx_0;16;[V f, U (4, f), U (7, y), U (3, h), T (8, c), Hoist_vars [c], T (3, w),  T (7, x), T (1, y), T (8, f), T (64, c), T (4, f), T (2, c)];23.722060680389404
5;MobilNet_9;9.737961899999998;0.4245506568301245;1;axe_out_channels_1,axe_yy_0,axe_xx_0;24;[V f, U (4, f), U (7, y), U (3, h), T (32, c), Hoist_vars [c], T (3, w),  T (7, x), T (1, y), T (16, f), T (32, c), T (2, f), T (1, c)];27.76293635368347
6;MobilNet_9;10.4419758;0.046805525570812724;1;axe_out_channels_1,axe_yy_0,axe_xx_0;16;[V f, U (4, f), U (7, y), U (3, w), T (8, c), Hoist_vars [c], T (3, h),  T (7, x), T (1, y), T (8, f), T (64, c), T (4, f), T (2, c)];31.84941864013672
7;MobilNet_9;13.069544099999998;1.1824917972016087;1;axe_out_channels_1,axe_yy_0,axe_xx_0;12;[V f, U (4, f), U (7, y), U (3, w), T (64, c), Hoist_vars [c], T (3, h),  T (7, x), T (1, y), T (4, f), T (16, c), T (8, f), T (1, c)];36.05813789367676
8;MobilNet_9;8.9148652;0.005186154988043075;1;axe_out_channels_1,axe_yy_0,axe_xx_0;16;[V f, U (4, f), U (7, y), U (3, h), T (16, c), Hoist_vars [c], T (3, w),  T (7, x), T (1, y), T (8, f), T (1, c), T (4, f), T (64, c)];40.06876277923584
9;MobilNet_9;10.7856716;0.018155169270486063;1;axe_out_channels_0;32;[V f, U (4, f), U (7, y), U (3, w), T (8, c), Hoist_vars [c], T (3, h),  T (7, x), T (1, y), T (1, f), T (64, c), T (32, f), T (2, c)];44.21305966377258
10;MobilNet_9;8.988303800000002;0.03576891214672277;1;axe_out_channels_1,axe_yy_0,axe_xx_0;24;[V f, U (4, f), U (7, y), U (3, h), T (64, c), Hoist_vars [c], T (3, w),  T (7, x), T (1, y), T (16, f), T (1, c), T (2, f), T (16, c)];48.24913549423218
11;MobilNet_9;15.3691159;1.714467126424852;1;axe_out_channels_1,axe_yy_0,axe_xx_0;12;[V f, U (4, f), U (7, y), U (3, h), T (64, c), Hoist_vars [c], T (3, w),  T (7, x), T (1, y), T (4, f), T (16, c), T (8, f), T (1, c)];52.50880002975464
12;MobilNet_9;12.151247900000001;0.25226949698623874;1;axe_out_channels_1,axe_yy_0,axe_xx_0;16;[V f, U (4, f), U (7, y), U (3, w), T (64, c), Hoist_vars [c], T (3, h),  T (7, x), T (1, y), T (8, f), T (16, c), T (4, f), T (1, c)];56.66692137718201
13;MobilNet_9;9.484746399999999;0.004325135979365334;1;axe_out_channels_0;16;[V f, U (4, f), U (7, y), U (3, w), T (8, c), Hoist_vars [c], T (3, h),  T (7, x), T (1, y), T (2, f), T (32, c), T (16, f), T (4, c)];60.794599771499634
14;MobilNet_9;11.401397799999998;0.44560181318971326;1;axe_out_channels_0;32;[V f, U (4, f), U (7, y), U (3, w), T (64, c), Hoist_vars [c], T (3, h),  T (7, x), T (1, y), T (1, f), T (8, c), T (32, f), T (2, c)];64.95402836799622
15;MobilNet_9;10.011281199999999;0.026071276945328268;1;axe_out_channels_1,axe_yy_0,axe_xx_0;16;[V f, U (4, f), U (7, y), U (3, h), T (8, c), Hoist_vars [c], T (3, w),  T (7, x), T (1, y), T (8, f), T (16, c), T (4, f), T (8, c)];69.02458786964417
16;MobilNet_9;8.6169488;0.009893060909546659;1;axe_out_channels_0;16;[V f, U (4, f), U (7, y), U (3, h), T (16, c), Hoist_vars [c], T (3, w),  T (7, x), T (1, y), T (2, f), T (16, c), T (16, f), T (4, c)];73.10588765144348
17;MobilNet_9;8.7734804;0.09531457463284426;1;axe_out_channels_1,axe_yy_0,axe_xx_0;24;[V f, U (4, f), U (7, y), U (3, h), T (16, c), Hoist_vars [c], T (3, w),  T (7, x), T (1, y), T (16, f), T (32, c), T (2, f), T (2, c)];77.11327862739563
18;MobilNet_9;10.305155899999999;0.038205257168221915;1;axe_out_channels_1,axe_yy_0,axe_xx_0;16;[V f, U (4, f), U (7, y), U (3, h), T (8, c), Hoist_vars [c], T (3, w),  T (7, x), T (1, y), T (8, f), T (2, c), T (4, f), T (64, c)];81.18430161476135
19;MobilNet_9;10.3696451;0.07422141793370705;1;axe_out_channels_0;32;[V f, U (4, f), U (7, y), U (3, w), T (64, c), Hoist_vars [c], T (3, h),  T (7, x), T (1, y), T (1, f), T (4, c), T (32, f), T (4, c)];85.30621147155762
20;MobilNet_9;9.3761823;0.025853330698577762;1;axe_out_channels_1,axe_yy_0,axe_xx_0;16;[V f, U (4, f), U (7, y), U (3, h), T (32, c), Hoist_vars [c], T (3, w),  T (7, x), T (1, y), T (8, f), T (4, c), T (4, f), T (8, c)];89.36230683326721
21;MobilNet_9;9.579013400000001;0.003436783822121879;1;axe_out_channels_0;32;[V f, U (4, f), U (7, y), U (3, h), T (8, c), Hoist_vars [c], T (3, w),  T (7, x), T (1, y), T (1, f), T (16, c), T (32, f), T (8, c)];93.45198130607605
22;MobilNet_9;10.413149699999998;0.020249440239424193;1;axe_out_channels_1,axe_yy_0,axe_xx_0;16;[V f, U (4, f), U (7, y), U (3, w), T (8, c), Hoist_vars [c], T (3, h),  T (7, x), T (1, y), T (8, f), T (128, c), T (4, f), T (1, c)];97.53308415412903
23;MobilNet_9;9.2115496;0.27117366010370547;1;axe_out_channels_0;16;[V f, U (4, f), U (7, y), U (3, h), T (32, c), Hoist_vars [c], T (3, w),  T (7, x), T (1, y), T (2, f), T (32, c), T (16, f), T (1, c)];101.65473484992981
24;MobilNet_9;9.1551326;0.017407926046488456;1;axe_out_channels_0;16;[V f, U (4, f), U (7, y), U (3, h), T (8, c), Hoist_vars [c], T (3, w),  T (7, x), T (1, y), T (2, f), T (32, c), T (16, f), T (4, c)];105.76890802383423
25;MobilNet_9;10.2862427;0.0052205266219029585;1;axe_out_channels_1,axe_yy_0,axe_xx_0;16;[V f, U (4, f), U (7, y), U (3, h), T (8, c), Hoist_vars [c], T (3, w),  T (7, x), T (1, y), T (8, f), T (32, c), T (4, f), T (4, c)];109.84885096549988
26;MobilNet_9;8.825652200000002;0.003392447753466468;1;axe_out_channels_0;16;[V f, U (4, f), U (7, y), U (3, h), T (8, c), Hoist_vars [c], T (3, w),  T (7, x), T (1, y), T (2, f), T (16, c), T (16, f), T (8, c)];113.94582438468933
27;MobilNet_9;8.893432899999999;0.008793755027859158;1;axe_out_channels_0;16;[V f, U (4, f), U (7, y), U (3, w), T (8, c), Hoist_vars [c], T (3, h),  T (7, x), T (1, y), T (2, f), T (8, c), T (16, f), T (16, c)];118.05252027511597
28;MobilNet_9;8.3846188;0.0040944753949683586;1;axe_out_channels_1,axe_yy_0,axe_xx_0;24;[V f, U (4, f), U (7, y), U (3, h), T (16, c), Hoist_vars [c], T (3, w),  T (7, x), T (1, y), T (16, f), T (1, c), T (2, f), T (64, c)];122.04257130622864
29;MobilNet_9;8.323182;0.15981296344852616;1;axe_out_channels_1,axe_yy_0,axe_xx_0;40;[V f, U (4, f), U (7, y), U (3, w), T (16, c), Hoist_vars [c], T (3, h),  T (7, x), T (1, y), T (32, f), T (32, c), T (1, f), T (2, c)];126.03954648971558
30;MobilNet_9;9.3133793;0.034890926284780764;1;axe_out_channels_1,axe_yy_0,axe_xx_0;16;[V f, U (4, f), U (7, y), U (3, h), T (64, c), Hoist_vars [c], T (3, w),  T (7, x), T (1, y), T (8, f), T (1, c), T (4, f), T (16, c)];130.07533311843872
32;MobilNet_9;8.8883768;0.029234011694599566;1;axe_out_channels_0;32;[V f, U (4, f), U (7, y), U (3, h), T (64, c), Hoist_vars [c], T (3, w),  T (7, x), T (1, y), T (1, f), T (2, c), T (32, f), T (8, c)];137.69921708106995
33;MobilNet_9;8.1755881;0.09443553446393992;1;axe_out_channels_0;32;[V f, U (4, f), U (7, y), U (3, h), T (32, c), Hoist_vars [c], T (3, w),  T (7, x), T (1, y), T (1, f), T (2, c), T (32, f), T (16, c)];141.72676014900208
34;MobilNet_9;11.3377402;0.6015382575224624;1;axe_out_channels_0;16;[V f, U (4, f), U (7, y), U (3, h), T (32, c), Hoist_vars [c], T (3, w),  T (7, x), T (1, y), T (2, f), T (16, c), T (16, f), T (2, c)];145.89207673072815
35;MobilNet_9;8.702201800000001;0.09487384806446957;1;axe_out_channels_0;16;[V f, U (4, f), U (7, y), U (3, h), T (16, c), Hoist_vars [c], T (3, w),  T (7, x), T (1, y), T (2, f), T (64, c), T (16, f), T (1, c)];149.96993803977966
36;MobilNet_9;8.330669;0.09658452632383739;1;axe_out_channels_1,axe_yy_0,axe_xx_0;24;[V f, U (4, f), U (7, y), U (3, h), T (32, c), Hoist_vars [c], T (3, w),  T (7, x), T (1, y), T (16, f), T (4, c), T (2, f), T (8, c)];153.96937155723572
37;MobilNet_9;8.838734;0.10568096113775617;1;axe_out_channels_1,axe_yy_0,axe_xx_0;24;[V f, U (4, f), U (7, y), U (3, h), T (32, c), Hoist_vars [c], T (3, w),  T (7, x), T (1, y), T (16, f), T (8, c), T (2, f), T (4, c)];157.99208211898804
38;MobilNet_9;9.178166800000001;0.04793402528434242;1;axe_out_channels_1,axe_yy_0,axe_xx_0;24;[V f, U (4, f), U (7, y), U (3, w), T (64, c), Hoist_vars [c], T (3, h),  T (7, x), T (1, y), T (16, f), T (1, c), T (2, f), T (16, c)];162.03211855888367
39;MobilNet_9;9.820580199999998;0.005131644547315996;1;axe_out_channels_0;32;[V f, U (4, f), U (7, y), U (3, w), T (16, c), Hoist_vars [c], T (3, h),  T (7, x), T (1, y), T (1, f), T (16, c), T (32, f), T (4, c)];166.12714958190918
40;MobilNet_9;7.922094899999999;0.0032088108841130483;1;axe_out_channels_1,axe_yy_0,axe_xx_0;40;[V f, U (4, f), U (7, y), U (3, h), T (16, c), Hoist_vars [c], T (3, w),  T (7, x), T (1, y), T (32, f), T (64, c), T (1, f), T (1, c)];170.1037666797638
41;MobilNet_9;10.176784899999998;0.07197002820681668;1;axe_out_channels_1,axe_yy_0,axe_xx_0;16;[V f, U (4, f), U (7, y), U (3, h), T (32, c), Hoist_vars [c], T (3, w),  T (7, x), T (1, y), T (8, f), T (32, c), T (4, f), T (1, c)];174.17863273620605
42;MobilNet_9;9.7935521;0.04646954404004858;1;axe_out_channels_1,axe_yy_0,axe_xx_0;12;[V f, U (4, f), U (7, y), U (3, w), T (16, c), Hoist_vars [c], T (3, h),  T (7, x), T (1, y), T (4, f), T (1, c), T (8, f), T (64, c)];178.2361741065979
43;MobilNet_9;8.129525300000001;0.17600314502817835;1;axe_out_channels_1,axe_yy_0,axe_xx_0;40;[V f, U (4, f), U (7, y), U (3, h), T (16, c), Hoist_vars [c], T (3, w),  T (7, x), T (1, y), T (32, f), T (32, c), T (1, f), T (2, c)];182.21382522583008
44;MobilNet_9;11.0645202;0.716201568480662;1;axe_out_channels_0;16;[V f, U (4, f), U (7, y), U (3, h), T (64, c), Hoist_vars [c], T (3, w),  T (7, x), T (1, y), T (2, f), T (16, c), T (16, f), T (1, c)];186.40010499954224
45;MobilNet_9;12.630023099999999;0.2541639441484375;1;axe_out_channels_1,axe_yy_0,axe_xx_0;12;[V f, U (4, f), U (7, y), U (3, w), T (64, c), Hoist_vars [c], T (3, h),  T (7, x), T (1, y), T (4, f), T (2, c), T (8, f), T (8, c)];190.56672024726868
46;MobilNet_9;8.7513719;0.2010972337484778;1;axe_out_channels_1,axe_yy_0,axe_xx_0;40;[V f, U (4, f), U (7, y), U (3, h), T (64, c), Hoist_vars [c], T (3, w),  T (7, x), T (1, y), T (32, f), T (2, c), T (1, f), T (8, c)];194.6352813243866
47;MobilNet_9;9.935924199999999;0.29960619143061784;1;axe_out_channels_1,axe_yy_0,axe_xx_0;24;[V f, U (4, f), U (7, y), U (3, w), T (64, c), Hoist_vars [c], T (3, h),  T (7, x), T (1, y), T (16, f), T (8, c), T (2, f), T (2, c)];198.72064781188965
48;MobilNet_9;13.6932467;1.3125497846300576;1;axe_out_channels_0;16;[V f, U (4, f), U (7, y), U (3, h), T (64, c), Hoist_vars [c], T (3, w),  T (7, x), T (1, y), T (2, f), T (4, c), T (16, f), T (4, c)];202.98555183410645
49;MobilNet_9;11.2963419;0.3116672854216336;1;axe_out_channels_1,axe_yy_0,axe_xx_0;12;[V f, U (4, f), U (7, y), U (3, w), T (32, c), Hoist_vars [c], T (3, h),  T (7, x), T (1, y), T (4, f), T (8, c), T (8, f), T (4, c)];207.12990140914917
50;MobilNet_9;8.6116971;0.0038844409752241352;1;axe_out_channels_0;16;[V f, U (4, f), U (7, y), U (3, w), T (8, c), Hoist_vars [c], T (3, h),  T (7, x), T (1, y), T (2, f), T (2, c), T (16, f), T (64, c)];211.21935987472534
51;MobilNet_9;11.624635999999999;0.7640896316402942;1;axe_out_channels_1,axe_yy_0,axe_xx_0;40;[V f, U (4, f), U (7, y), U (3, h), T (64, c), Hoist_vars [c], T (3, w),  T (7, x), T (1, y), T (32, f), T (8, c), T (1, f), T (2, c)];215.3390200138092
52;MobilNet_9;10.9471438;0.011016798888969481;1;axe_out_channels_1,axe_yy_0,axe_xx_0;12;[V f, U (4, f), U (7, y), U (3, h), T (8, c), Hoist_vars [c], T (3, w),  T (7, x), T (1, y), T (4, f), T (16, c), T (8, f), T (8, c)];219.453795671463
53;MobilNet_9;11.7184979;0.11759786466211852;1;axe_out_channels_1,axe_yy_0,axe_xx_0;16;[V f, U (4, f), U (7, y), U (3, h), T (64, c), Hoist_vars [c], T (3, w),  T (7, x), T (1, y), T (8, f), T (16, c), T (4, f), T (1, c)];223.59755778312683
54;MobilNet_9;9.096774;0.19691512905564168;1;axe_out_channels_0;16;[V f, U (4, f), U (7, y), U (3, h), T (32, c), Hoist_vars [c], T (3, w),  T (7, x), T (1, y), T (2, f), T (2, c), T (16, f), T (16, c)];227.70310425758362
55;MobilNet_9;13.657680399999998;0.4603654373510678;1;axe_out_channels_1,axe_yy_0,axe_xx_0;12;[V f, U (4, f), U (7, y), U (3, w), T (32, c), Hoist_vars [c], T (3, h),  T (7, x), T (1, y), T (4, f), T (32, c), T (8, f), T (1, c)];231.91800689697266
56;MobilNet_9;11.4896524;0.3414322196976141;1;axe_out_channels_1,axe_yy_0,axe_xx_0;12;[V f, U (4, f), U (7, y), U (3, w), T (64, c), Hoist_vars [c], T (3, h),  T (7, x), T (1, y), T (4, f), T (8, c), T (8, f), T (2, c)];236.0718219280243
57;MobilNet_9;12.0478166;0.13400570708757112;1;axe_out_channels_1,axe_yy_0,axe_xx_0;40;[V f, U (4, f), U (7, y), U (3, w), T (64, c), Hoist_vars [c], T (3, h),  T (7, x), T (1, y), T (32, f), T (2, c), T (1, f), T (8, c)];240.21457886695862
58;MobilNet_9;8.4396929;0.08776273324304569;1;axe_out_channels_0;16;[V f, U (4, f), U (7, y), U (3, w), T (16, c), Hoist_vars [c], T (3, h),  T (7, x), T (1, y), T (2, f), T (4, c), T (16, f), T (16, c)];244.30267906188965
59;MobilNet_9;12.469969599999999;0.9140316441918408;1;axe_out_channels_1,axe_yy_0,axe_xx_0;12;[V f, U (4, f), U (7, y), U (3, h), T (32, c), Hoist_vars [c], T (3, w),  T (7, x), T (1, y), T (4, f), T (32, c), T (8, f), T (1, c)];248.48787355422974
60;MobilNet_9;11.8162891;0.006825579366617418;1;axe_out_channels_1,axe_yy_0,axe_xx_0;12;[V f, U (4, f), U (7, y), U (3, w), T (8, c), Hoist_vars [c], T (3, h),  T (7, x), T (1, y), T (4, f), T (64, c), T (8, f), T (2, c)];252.645245552063
61;MobilNet_9;8.369492200000002;0.050021328908376704;1;axe_out_channels_0;16;[V f, U (4, f), U (7, y), U (3, h), T (16, c), Hoist_vars [c], T (3, w),  T (7, x), T (1, y), T (2, f), T (8, c), T (16, f), T (8, c)];256.7125606536865
62;MobilNet_9;8.993460200000001;0.05314214164634325;1;axe_out_channels_1,axe_yy_0,axe_xx_0;24;[V f, U (4, f), U (7, y), U (3, w), T (32, c), Hoist_vars [c], T (3, h),  T (7, x), T (1, y), T (16, f), T (8, c), T (2, f), T (4, c)];260.75793194770813
63;MobilNet_9;10.9250022;0.010864009893220864;1;axe_out_channels_1,axe_yy_0,axe_xx_0;12;[V f, U (4, f), U (7, y), U (3, h), T (8, c), Hoist_vars [c], T (3, w),  T (7, x), T (1, y), T (4, f), T (2, c), T (8, f), T (64, c)];264.88486981391907
64;MobilNet_9;8.5566807;0.14367542882069284;1;axe_out_channels_0;16;[V f, U (4, f), U (7, y), U (3, h), T (8, c), Hoist_vars [c], T (3, w),  T (7, x), T (1, y), T (2, f), T (2, c), T (16, f), T (64, c)];268.9573390483856
65;MobilNet_9;9.198193700000001;0.09768926164840228;1;axe_out_channels_1,axe_yy_0,axe_xx_0;24;[V f, U (4, f), U (7, y), U (3, w), T (32, c), Hoist_vars [c], T (3, h),  T (7, x), T (1, y), T (16, f), T (32, c), T (2, f), T (1, c)];272.98050355911255
66;MobilNet_9;10.747529799999999;0.03173892217388599;1;axe_out_channels_1,axe_yy_0,axe_xx_0;12;[V f, U (4, f), U (7, y), U (3, w), T (16, c), Hoist_vars [c], T (3, h),  T (7, x), T (1, y), T (4, f), T (16, c), T (8, f), T (4, c)];277.08602380752563
67;MobilNet_9;8.5741553;0.005965224724182669;1;axe_out_channels_0;32;[V f, U (4, f), U (7, y), U (3, h), T (8, c), Hoist_vars [c], T (3, w),  T (7, x), T (1, y), T (1, f), T (8, c), T (32, f), T (16, c)];281.1270124912262
68;MobilNet_9;8.717148;0.004030230688186534;1;axe_out_channels_0;16;[V f, U (4, f), U (7, y), U (3, h), T (8, c), Hoist_vars [c], T (3, w),  T (7, x), T (1, y), T (2, f), T (8, c), T (16, f), T (16, c)];285.2088146209717
69;MobilNet_9;9.459410900000002;0.005755191750931955;1;axe_out_channels_0;32;[V f, U (4, f), U (7, y), U (3, w), T (16, c), Hoist_vars [c], T (3, h),  T (7, x), T (1, y), T (1, f), T (8, c), T (32, f), T (8, c)];289.28457975387573
70;MobilNet_9;9.8442938;0.03869569733135681;1;axe_out_channels_1,axe_yy_0,axe_xx_0;16;[V f, U (4, f), U (7, y), U (3, w), T (64, c), Hoist_vars [c], T (3, h),  T (7, x), T (1, y), T (8, f), T (1, c), T (4, f), T (16, c)];293.3629217147827
71;MobilNet_9;10.206862899999999;0.11319275882798362;1;axe_out_channels_1,axe_yy_0,axe_xx_0;24;[V f, U (4, f), U (7, y), U (3, w), T (64, c), Hoist_vars [c], T (3, h),  T (7, x), T (1, y), T (16, f), T (4, c), T (2, f), T (4, c)];297.435916185379
72;MobilNet_9;8.7682937;0.017428406858058135;1;axe_out_channels_1,axe_yy_0,axe_xx_0;24;[V f, U (4, f), U (7, y), U (3, w), T (32, c), Hoist_vars [c], T (3, h),  T (7, x), T (1, y), T (16, f), T (2, c), T (2, f), T (16, c)];301.4492015838623
73;MobilNet_9;10.5612297;0.5509745120032418;1;axe_out_channels_0;32;[V f, U (4, f), U (7, y), U (3, w), T (64, c), Hoist_vars [c], T (3, h),  T (7, x), T (1, y), T (1, f), T (1, c), T (32, f), T (16, c)];305.5616898536682
74;MobilNet_9;8.5678798;0.063841617595108;1;axe_out_channels_0;32;[V f, U (4, f), U (7, y), U (3, w), T (32, c), Hoist_vars [c], T (3, h),  T (7, x), T (1, y), T (1, f), T (2, c), T (32, f), T (16, c)];309.60235834121704
75;MobilNet_9;10.5637767;0.45856481759377266;1;axe_out_channels_1,axe_yy_0,axe_xx_0;12;[V f, U (4, f), U (7, y), U (3, h), T (64, c), Hoist_vars [c], T (3, w),  T (7, x), T (1, y), T (4, f), T (1, c), T (8, f), T (16, c)];313.6720733642578
76;MobilNet_9;10.1101322;0.17596275999358496;1;axe_out_channels_1,axe_yy_0,axe_xx_0;16;[V f, U (4, f), U (7, y), U (3, h), T (32, c), Hoist_vars [c], T (3, w),  T (7, x), T (1, y), T (8, f), T (8, c), T (4, f), T (4, c)];317.76086473464966
77;MobilNet_9;12.0073647;0.07972991924748199;1;axe_out_channels_1,axe_yy_0,axe_xx_0;12;[V f, U (4, f), U (7, y), U (3, w), T (8, c), Hoist_vars [c], T (3, h),  T (7, x), T (1, y), T (4, f), T (32, c), T (8, f), T (4, c)];321.91116309165955
78;MobilNet_9;8.652092;0.049363873352888776;1;axe_out_channels_1,axe_yy_0,axe_xx_0;24;[V f, U (4, f), U (7, y), U (3, h), T (16, c), Hoist_vars [c], T (3, w),  T (7, x), T (1, y), T (16, f), T (64, c), T (2, f), T (1, c)];325.9046206474304
79;MobilNet_9;9.0893673;0.025581886979072037;1;axe_out_channels_0;16;[V f, U (4, f), U (7, y), U (3, h), T (8, c), Hoist_vars [c], T (3, w),  T (7, x), T (1, y), T (2, f), T (128, c), T (16, f), T (1, c)];329.9919013977051
80;MobilNet_9;8.635683700000001;0.011750101276584593;1;axe_out_channels_0;16;[V f, U (4, f), U (7, y), U (3, w), T (16, c), Hoist_vars [c], T (3, h),  T (7, x), T (1, y), T (2, f), T (8, c), T (16, f), T (8, c)];334.0662808418274
81;MobilNet_9;10.719721199999999;0.0347053436312048;1;axe_out_channels_1,axe_yy_0,axe_xx_0;12;[V f, U (4, f), U (7, y), U (3, h), T (8, c), Hoist_vars [c], T (3, w),  T (7, x), T (1, y), T (4, f), T (8, c), T (8, f), T (16, c)];338.151962518692
82;MobilNet_9;12.355009800000001;0.0043010634917424375;1;axe_out_channels_1,axe_yy_0,axe_xx_0;12;[V f, U (4, f), U (7, y), U (3, h), T (8, c), Hoist_vars [c], T (3, w),  T (7, x), T (1, y), T (4, f), T (32, c), T (8, f), T (4, c)];342.30240058898926
83;MobilNet_9;8.905338400000002;0.002055337792189341;1;axe_out_channels_0;16;[V f, U (4, f), U (7, y), U (3, h), T (16, c), Hoist_vars [c], T (3, w),  T (7, x), T (1, y), T (2, f), T (32, c), T (16, f), T (2, c)];346.37385058403015
84;MobilNet_9;11.332144699999999;0.003613337350704698;1;axe_out_channels_1,axe_yy_0,axe_xx_0;12;[V f, U (4, f), U (7, y), U (3, w), T (8, c), Hoist_vars [c], T (3, h),  T (7, x), T (1, y), T (4, f), T (16, c), T (8, f), T (8, c)];350.49756026268005
85;MobilNet_9;10.9818969;0.20490691277868117;1;axe_out_channels_1,axe_yy_0,axe_xx_0;16;[V f, U (4, f), U (7, y), U (3, h), T (64, c), Hoist_vars [c], T (3, w),  T (7, x), T (1, y), T (8, f), T (8, c), T (4, f), T (2, c)];354.6102457046509
86;MobilNet_9;8.993348600000001;0.17202374028383394;1;axe_out_channels_1,axe_yy_0,axe_xx_0;24;[V f, U (4, f), U (7, y), U (3, h), T (32, c), Hoist_vars [c], T (3, w),  T (7, x), T (1, y), T (16, f), T (16, c), T (2, f), T (2, c)];358.6285629272461
87;MobilNet_9;11.927443;0.6279750737586646;1;axe_out_channels_1,axe_yy_0,axe_xx_0;12;[V f, U (4, f), U (7, y), U (3, h), T (32, c), Hoist_vars [c], T (3, w),  T (7, x), T (1, y), T (4, f), T (16, c), T (8, f), T (2, c)];362.7825360298157
88;MobilNet_9;10.367409600000002;0.3655484252484749;1;axe_out_channels_0;16;[V f, U (4, f), U (7, y), U (3, w), T (32, c), Hoist_vars [c], T (3, h),  T (7, x), T (1, y), T (2, f), T (16, c), T (16, f), T (2, c)];366.9296500682831
89;MobilNet_9;10.5903824;0.24081783699601647;1;axe_out_channels_1,axe_yy_0,axe_xx_0;24;[V f, U (4, f), U (7, y), U (3, h), T (64, c), Hoist_vars [c], T (3, w),  T (7, x), T (1, y), T (16, f), T (8, c), T (2, f), T (2, c)];371.0096106529236
90;MobilNet_9;10.343985;0.05831081136118766;1;axe_out_channels_1,axe_yy_0,axe_xx_0;12;[V f, U (4, f), U (7, y), U (3, h), T (16, c), Hoist_vars [c], T (3, w),  T (7, x), T (1, y), T (4, f), T (64, c), T (8, f), T (1, c)];375.0793902873993
91;MobilNet_9;9.361853300000002;0.08310021525369178;1;axe_out_channels_1,axe_yy_0,axe_xx_0;16;[V f, U (4, f), U (7, y), U (3, w), T (16, c), Hoist_vars [c], T (3, h),  T (7, x), T (1, y), T (8, f), T (1, c), T (4, f), T (64, c)];379.10335969924927
92;MobilNet_9;11.233697900000001;0.786020318513898;1;axe_out_channels_1,axe_yy_0,axe_xx_0;12;[V f, U (4, f), U (7, y), U (3, h), T (64, c), Hoist_vars [c], T (3, w),  T (7, x), T (1, y), T (4, f), T (4, c), T (8, f), T (4, c)];383.2161886692047
93;MobilNet_9;10.2365503;0.2886635316461191;1;axe_out_channels_1,axe_yy_0,axe_xx_0;24;[V f, U (4, f), U (7, y), U (3, w), T (64, c), Hoist_vars [c], T (3, h),  T (7, x), T (1, y), T (16, f), T (2, c), T (2, f), T (8, c)];387.2961871623993
94;MobilNet_9;9.4667443;0.04751360488754744;1;axe_out_channels_0;32;[V f, U (4, f), U (7, y), U (3, w), T (64, c), Hoist_vars [c], T (3, h),  T (7, x), T (1, y), T (1, f), T (2, c), T (32, f), T (8, c)];391.36407566070557
95;MobilNet_9;11.666174799999999;0.01796989887450642;1;axe_out_channels_1,axe_yy_0,axe_xx_0;12;[V f, U (4, f), U (7, y), U (3, h), T (8, c), Hoist_vars [c], T (3, w),  T (7, x), T (1, y), T (4, f), T (64, c), T (8, f), T (2, c)];395.49474143981934
96;MobilNet_9;11.3169055;0.7100849541152452;1;axe_out_channels_1,axe_yy_0,axe_xx_0;12;[V f, U (4, f), U (7, y), U (3, h), T (64, c), Hoist_vars [c], T (3, w),  T (7, x), T (1, y), T (4, f), T (8, c), T (8, f), T (2, c)];399.65224862098694
97;MobilNet_9;11.510584;1.042689220809825;1;axe_out_channels_1,axe_yy_0,axe_xx_0;40;[V f, U (4, f), U (7, y), U (3, h), T (64, c), Hoist_vars [c], T (3, w),  T (7, x), T (1, y), T (32, f), T (1, c), T (1, f), T (16, c)];403.75727796554565
98;MobilNet_9;9.269408799999999;0.02772044546828199;1;axe_out_channels_0;16;[V f, U (4, f), U (7, y), U (3, w), T (8, c), Hoist_vars [c], T (3, h),  T (7, x), T (1, y), T (2, f), T (16, c), T (16, f), T (8, c)];407.86767053604126
99;MobilNet_9;9.1701266;0.05957209709788665;1;axe_out_channels_0;16;[V f, U (4, f), U (7, y), U (3, w), T (16, c), Hoist_vars [c], T (3, h),  T (7, x), T (1, y), T (2, f), T (32, c), T (16, f), T (2, c)];411.95417952537537
100;MobilNet_9;10.417585599999999;0.01049809080928505;1;axe_out_channels_1,axe_yy_0,axe_xx_0;16;[V f, U (4, f), U (7, y), U (3, w), T (8, c), Hoist_vars [c], T (3, h),  T (7, x), T (1, y), T (8, f), T (32, c), T (4, f), T (4, c)];416.0399634838104
101;MobilNet_9;8.5012011;0.21553693793985743;1;axe_out_channels_1,axe_yy_0,axe_xx_0;24;[V f, U (4, f), U (7, y), U (3, h), T (32, c), Hoist_vars [c], T (3, w),  T (7, x), T (1, y), T (16, f), T (2, c), T (2, f), T (16, c)];420.0399420261383
102;MobilNet_9;10.289395700000002;0.299564397421339;1;axe_out_channels_0;16;[V f, U (4, f), U (7, y), U (3, w), T (32, c), Hoist_vars [c], T (3, h),  T (7, x), T (1, y), T (2, f), T (8, c), T (16, f), T (4, c)];424.1676161289215
103;MobilNet_9;10.8473489;0.5471005193507769;1;axe_out_channels_1,axe_yy_0,axe_xx_0;40;[V f, U (4, f), U (7, y), U (3, w), T (64, c), Hoist_vars [c], T (3, h),  T (7, x), T (1, y), T (32, f), T (8, c), T (1, f), T (2, c)];428.26221203804016
104;MobilNet_9;9.731699800000001;0.04188144465225646;1;axe_out_channels_0;32;[V f, U (4, f), U (7, y), U (3, w), T (8, c), Hoist_vars [c], T (3, h),  T (7, x), T (1, y), T (1, f), T (16, c), T (32, f), T (8, c)];432.35160303115845
105;MobilNet_9;9.2042905;0.13734222076786853;1;axe_out_channels_1,axe_yy_0,axe_xx_0;24;[V f, U (4, f), U (7, y), U (3, w), T (16, c), Hoist_vars [c], T (3, h),  T (7, x), T (1, y), T (16, f), T (32, c), T (2, f), T (2, c)];436.3681402206421
106;MobilNet_9;9.275665700000001;0.0288969376164676;1;axe_out_channels_0;32;[V f, U (4, f), U (7, y), U (3, w), T (32, c), Hoist_vars [c], T (3, h),  T (7, x), T (1, y), T (1, f), T (4, c), T (32, f), T (8, c)];440.42528462409973
107;MobilNet_9;9.385475999999999;0.00592345873624572;1;axe_out_channels_0;32;[V f, U (4, f), U (7, y), U (3, h), T (16, c), Hoist_vars [c], T (3, w),  T (7, x), T (1, y), T (1, f), T (16, c), T (32, f), T (4, c)];444.4874994754791
108;MobilNet_9;9.4305786;0.4259592289842304;1;axe_out_channels_0;16;[V f, U (4, f), U (7, y), U (3, h), T (64, c), Hoist_vars [c], T (3, w),  T (7, x), T (1, y), T (2, f), T (1, c), T (16, f), T (16, c)];448.62271761894226
109;MobilNet_9;11.1199808;0.6322981838474313;1;axe_out_channels_1,axe_yy_0,axe_xx_0;12;[V f, U (4, f), U (7, y), U (3, h), T (64, c), Hoist_vars [c], T (3, w),  T (7, x), T (1, y), T (4, f), T (2, c), T (8, f), T (8, c)];452.7315421104431
110;MobilNet_9;11.7377556;0.8708188714761751;1;axe_out_channels_1,axe_yy_0,axe_xx_0;40;[V f, U (4, f), U (7, y), U (3, h), T (64, c), Hoist_vars [c], T (3, w),  T (7, x), T (1, y), T (32, f), T (4, c), T (1, f), T (4, c)];456.83574414253235
111;MobilNet_9;10.942105800000002;0.03513272229076485;1;axe_out_channels_1,axe_yy_0,axe_xx_0;12;[V f, U (4, f), U (7, y), U (3, w), T (8, c), Hoist_vars [c], T (3, h),  T (7, x), T (1, y), T (4, f), T (8, c), T (8, f), T (16, c)];460.93816614151
112;MobilNet_9;10.875182700000002;0.16049553722209894;1;axe_out_channels_1,axe_yy_0,axe_xx_0;16;[V f, U (4, f), U (7, y), U (3, h), T (64, c), Hoist_vars [c], T (3, w),  T (7, x), T (1, y), T (8, f), T (4, c), T (4, f), T (4, c)];465.059330701828
113;MobilNet_9;10.115860999999999;0.1314248769617076;1;axe_out_channels_1,axe_yy_0,axe_xx_0;16;[V f, U (4, f), U (7, y), U (3, w), T (32, c), Hoist_vars [c], T (3, h),  T (7, x), T (1, y), T (8, f), T (16, c), T (4, f), T (2, c)];469.13171005249023
114;MobilNet_9;12.241808800000001;0.06891132288789664;1;axe_out_channels_1,axe_yy_0,axe_xx_0;16;[V f, U (4, f), U (7, y), U (3, w), T (64, c), Hoist_vars [c], T (3, h),  T (7, x), T (1, y), T (8, f), T (8, c), T (4, f), T (2, c)];473.2956054210663
115;MobilNet_9;9.721876400000001;0.16358119412524139;1;axe_out_channels_0;32;[V f, U (4, f), U (7, y), U (3, h), T (32, c), Hoist_vars [c], T (3, w),  T (7, x), T (1, y), T (1, f), T (16, c), T (32, f), T (2, c)];477.37242603302
116;MobilNet_9;7.971300600000001;0.006550244380174151;1;axe_out_channels_1,axe_yy_0,axe_xx_0;40;[V f, U (4, f), U (7, y), U (3, h), T (16, c), Hoist_vars [c], T (3, w),  T (7, x), T (1, y), T (32, f), T (1, c), T (1, f), T (64, c)];481.3320093154907
117;MobilNet_9;9.709024199999998;0.03002243263228356;1;axe_out_channels_0;32;[V f, U (4, f), U (7, y), U (3, w), T (32, c), Hoist_vars [c], T (3, h),  T (7, x), T (1, y), T (1, f), T (8, c), T (32, f), T (4, c)];485.41340947151184
118;MobilNet_9;9.822328600000002;0.21963961415700964;1;axe_out_channels_0;16;[V f, U (4, f), U (7, y), U (3, w), T (32, c), Hoist_vars [c], T (3, h),  T (7, x), T (1, y), T (2, f), T (2, c), T (16, f), T (16, c)];489.5325291156769
119;MobilNet_9;9.9390512;0.015969064404654672;1;axe_out_channels_1,axe_yy_0,axe_xx_0;12;[V f, U (4, f), U (7, y), U (3, h), T (16, c), Hoist_vars [c], T (3, w),  T (7, x), T (1, y), T (4, f), T (8, c), T (8, f), T (8, c)];493.58331298828125
120;MobilNet_9;8.2123687;0.18553356200809043;1;axe_out_channels_1,axe_yy_0,axe_xx_0;40;[V f, U (4, f), U (7, y), U (3, w), T (16, c), Hoist_vars [c], T (3, h),  T (7, x), T (1, y), T (32, f), T (1, c), T (1, f), T (64, c)];497.5580863952637
121;MobilNet_9;9.8951799;0.45036860859932265;1;axe_out_channels_0;16;[V f, U (4, f), U (7, y), U (3, h), T (32, c), Hoist_vars [c], T (3, w),  T (7, x), T (1, y), T (2, f), T (4, c), T (16, f), T (8, c)];501.6707994937897
122;MobilNet_9;9.408690700000001;0.022151428175402513;1;axe_out_channels_1,axe_yy_0,axe_xx_0;12;[V f, U (4, f), U (7, y), U (3, h), T (16, c), Hoist_vars [c], T (3, w),  T (7, x), T (1, y), T (4, f), T (1, c), T (8, f), T (64, c)];505.69349241256714
123;MobilNet_9;11.1831353;0.1858072162441757;1;axe_out_channels_1,axe_yy_0,axe_xx_0;12;[V f, U (4, f), U (7, y), U (3, w), T (16, c), Hoist_vars [c], T (3, h),  T (7, x), T (1, y), T (4, f), T (32, c), T (8, f), T (2, c)];509.8075864315033
124;MobilNet_9;11.988793699999999;0.2408177360071511;1;axe_out_channels_1,axe_yy_0,axe_xx_0;40;[V f, U (4, f), U (7, y), U (3, w), T (64, c), Hoist_vars [c], T (3, h),  T (7, x), T (1, y), T (32, f), T (1, c), T (1, f), T (16, c)];513.9254841804504
125;MobilNet_9;8.354905800000001;0.191377219661484;1;axe_out_channels_0;32;[V f, U (4, f), U (7, y), U (3, w), T (16, c), Hoist_vars [c], T (3, h),  T (7, x), T (1, y), T (1, f), T (1, c), T (32, f), T (64, c)];517.9516198635101
126;MobilNet_9;9.004582200000002;0.0054660692787408555;1;axe_out_channels_0;32;[V f, U (4, f), U (7, y), U (3, w), T (8, c), Hoist_vars [c], T (3, h),  T (7, x), T (1, y), T (1, f), T (8, c), T (32, f), T (16, c)];522.0226535797119
127;MobilNet_9;9.428976000000002;0.01290063868961579;1;axe_out_channels_1,axe_yy_0,axe_xx_0;16;[V f, U (4, f), U (7, y), U (3, w), T (32, c), Hoist_vars [c], T (3, h),  T (7, x), T (1, y), T (8, f), T (4, c), T (4, f), T (8, c)];526.0605521202087
128;MobilNet_9;11.946830499999999;0.3784394723683696;1;axe_out_channels_0;16;[V f, U (4, f), U (7, y), U (3, w), T (64, c), Hoist_vars [c], T (3, h),  T (7, x), T (1, y), T (2, f), T (4, c), T (16, f), T (4, c)];530.2551941871643
129;MobilNet_9;10.453939600000002;0.05399370371293261;1;axe_out_channels_1,axe_yy_0,axe_xx_0;16;[V f, U (4, f), U (7, y), U (3, w), T (8, c), Hoist_vars [c], T (3, h),  T (7, x), T (1, y), T (8, f), T (16, c), T (4, f), T (8, c)];534.3439438343048
130;MobilNet_9;10.2682069;0.03947056215827176;1;axe_out_channels_0;32;[V f, U (4, f), U (7, y), U (3, h), T (64, c), Hoist_vars [c], T (3, w),  T (7, x), T (1, y), T (1, f), T (4, c), T (32, f), T (4, c)];538.4505662918091
131;MobilNet_9;9.861229;0.12964747781812005;1;axe_out_channels_0;32;[V f, U (4, f), U (7, y), U (3, w), T (32, c), Hoist_vars [c], T (3, h),  T (7, x), T (1, y), T (1, f), T (16, c), T (32, f), T (2, c)];542.5401000976562
132;MobilNet_9;9.3771834;0.2923907787862674;1;axe_out_channels_1,axe_yy_0,axe_xx_0;40;[V f, U (4, f), U (7, y), U (3, w), T (64, c), Hoist_vars [c], T (3, h),  T (7, x), T (1, y), T (32, f), T (16, c), T (1, f), T (1, c)];546.5914068222046
133;MobilNet_9;8.659092600000001;0.0032868115613770075;1;axe_out_channels_1,axe_yy_0,axe_xx_0;24;[V f, U (4, f), U (7, y), U (3, w), T (16, c), Hoist_vars [c], T (3, h),  T (7, x), T (1, y), T (16, f), T (1, c), T (2, f), T (64, c)];550.5872116088867
134;MobilNet_9;9.4781159;0.03722356504809817;1;axe_out_channels_0;32;[V f, U (4, f), U (7, y), U (3, h), T (32, c), Hoist_vars [c], T (3, w),  T (7, x), T (1, y), T (1, f), T (8, c), T (32, f), T (4, c)];554.6601989269257
135;MobilNet_9;9.108064500000001;0.2398107233925333;1;axe_out_channels_0;16;[V f, U (4, f), U (7, y), U (3, w), T (32, c), Hoist_vars [c], T (3, h),  T (7, x), T (1, y), T (2, f), T (4, c), T (16, f), T (8, c)];558.7562549114227
136;MobilNet_9;10.3319235;0.0368391848016485;1;axe_out_channels_1,axe_yy_0,axe_xx_0;16;[V f, U (4, f), U (7, y), U (3, h), T (8, c), Hoist_vars [c], T (3, w),  T (7, x), T (1, y), T (8, f), T (128, c), T (4, f), T (1, c)];562.8210093975067
137;MobilNet_9;10.576522200000001;0.6627114975564861;1;axe_out_channels_0;16;[V f, U (4, f), U (7, y), U (3, w), T (64, c), Hoist_vars [c], T (3, h),  T (7, x), T (1, y), T (2, f), T (1, c), T (16, f), T (16, c)];566.9777865409851
138;MobilNet_9;10.525318;0.23271821648336877;1;axe_out_channels_1,axe_yy_0,axe_xx_0;24;[V f, U (4, f), U (7, y), U (3, h), T (64, c), Hoist_vars [c], T (3, w),  T (7, x), T (1, y), T (16, f), T (4, c), T (2, f), T (4, c)];571.0678362846375
139;MobilNet_9;13.0694989;0.4498729477366805;1;axe_out_channels_1,axe_yy_0,axe_xx_0;12;[V f, U (4, f), U (7, y), U (3, h), T (32, c), Hoist_vars [c], T (3, w),  T (7, x), T (1, y), T (4, f), T (8, c), T (8, f), T (4, c)];575.2326123714447
140;MobilNet_9;9.7385207;0.08007943511170651;1;axe_out_channels_1,axe_yy_0,axe_xx_0;16;[V f, U (4, f), U (7, y), U (3, w), T (32, c), Hoist_vars [c], T (3, h),  T (7, x), T (1, y), T (8, f), T (8, c), T (4, f), T (4, c)];579.2837815284729
141;MobilNet_9;10.6290417;0.08534978967759632;1;axe_out_channels_0;32;[V f, U (4, f), U (7, y), U (3, h), T (64, c), Hoist_vars [c], T (3, w),  T (7, x), T (1, y), T (1, f), T (8, c), T (32, f), T (2, c)];583.3970491886139
142;MobilNet_9;11.8576205;0.21465335479523737;1;axe_out_channels_1,axe_yy_0,axe_xx_0;24;[V f, U (4, f), U (7, y), U (3, w), T (64, c), Hoist_vars [c], T (3, h),  T (7, x), T (1, y), T (16, f), T (16, c), T (2, f), T (1, c)];587.5249929428101
143;MobilNet_9;12.4298182;0.5940415455011206;1;axe_out_channels_0;16;[V f, U (4, f), U (7, y), U (3, h), T (64, c), Hoist_vars [c], T (3, w),  T (7, x), T (1, y), T (2, f), T (8, c), T (16, f), T (2, c)];591.7357008457184
144;MobilNet_9;9.0588404;0.013210963395604878;1;axe_out_channels_1,axe_yy_0,axe_xx_0;16;[V f, U (4, f), U (7, y), U (3, w), T (32, c), Hoist_vars [c], T (3, h),  T (7, x), T (1, y), T (8, f), T (2, c), T (4, f), T (16, c)];595.7623522281647
145;MobilNet_9;9.866041200000002;0.07539340553231387;1;axe_out_channels_0;16;[V f, U (4, f), U (7, y), U (3, w), T (8, c), Hoist_vars [c], T (3, h),  T (7, x), T (1, y), T (2, f), T (128, c), T (16, f), T (1, c)];599.8872652053833
146;MobilNet_9;9.7145881;0.22311350158358847;1;axe_out_channels_1,axe_yy_0,axe_xx_0;12;[V f, U (4, f), U (7, y), U (3, h), T (32, c), Hoist_vars [c], T (3, w),  T (7, x), T (1, y), T (4, f), T (2, c), T (8, f), T (16, c)];603.9285957813263
147;MobilNet_9;8.1076876;0.0035884878207956663;1;axe_out_channels_0;32;[V f, U (4, f), U (7, y), U (3, h), T (16, c), Hoist_vars [c], T (3, w),  T (7, x), T (1, y), T (1, f), T (1, c), T (32, f), T (64, c)];607.9395332336426
148;MobilNet_9;10.898884500000001;0.006341606835022135;1;axe_out_channels_1,axe_yy_0,axe_xx_0;12;[V f, U (4, f), U (7, y), U (3, w), T (8, c), Hoist_vars [c], T (3, h),  T (7, x), T (1, y), T (4, f), T (2, c), T (8, f), T (64, c)];612.0400176048279
149;MobilNet_9;8.971801;0.01761270384126178;1;axe_out_channels_0;32;[V f, U (4, f), U (7, y), U (3, h), T (16, c), Hoist_vars [c], T (3, w),  T (7, x), T (1, y), T (1, f), T (8, c), T (32, f), T (8, c)];616.0963199138641
150;MobilNet_9;9.8033494;0.13290542815566264;1;axe_out_channels_1,axe_yy_0,axe_xx_0;24;[V f, U (4, f), U (7, y), U (3, w), T (32, c), Hoist_vars [c], T (3, h),  T (7, x), T (1, y), T (16, f), T (16, c), T (2, f), T (2, c)];620.1476156711578
151;MobilNet_9;8.4866186;0.22868414843587212;1;axe_out_channels_1,axe_yy_0,axe_xx_0;40;[V f, U (4, f), U (7, y), U (3, w), T (16, c), Hoist_vars [c], T (3, h),  T (7, x), T (1, y), T (32, f), T (64, c), T (1, f), T (1, c)];624.1402490139008
152;MobilNet_9;11.0578431;0.4656633542522864;1;axe_out_channels_1,axe_yy_0,axe_xx_0;24;[V f, U (4, f), U (7, y), U (3, h), T (64, c), Hoist_vars [c], T (3, w),  T (7, x), T (1, y), T (16, f), T (16, c), T (2, f), T (1, c)];628.2383062839508
153;MobilNet_9;11.935764999999998;0.7017365910194512;1;axe_out_channels_1,axe_yy_0,axe_xx_0;40;[V f, U (4, f), U (7, y), U (3, w), T (64, c), Hoist_vars [c], T (3, h),  T (7, x), T (1, y), T (32, f), T (4, c), T (1, f), T (4, c)];632.36656665802
154;MobilNet_9;10.064723899999999;0.24469370681259844;1;axe_out_channels_0;16;[V f, U (4, f), U (7, y), U (3, w), T (32, c), Hoist_vars [c], T (3, h),  T (7, x), T (1, y), T (2, f), T (32, c), T (16, f), T (1, c)];636.5014488697052
155;MobilNet_9;10.244084599999999;0.008769438262511644;1;axe_out_channels_0;32;[V f, U (4, f), U (7, y), U (3, w), T (8, c), Hoist_vars [c], T (3, h),  T (7, x), T (1, y), T (1, f), T (32, c), T (32, f), T (4, c)];640.6127219200134
156;MobilNet_9;10.6414581;0.26648727020345614;1;axe_out_channels_1,axe_yy_0,axe_xx_0;12;[V f, U (4, f), U (7, y), U (3, h), T (32, c), Hoist_vars [c], T (3, w),  T (7, x), T (1, y), T (4, f), T (4, c), T (8, f), T (8, c)];644.6980922222137
157;MobilNet_9;10.906091;0.1838751989954058;1;axe_out_channels_1,axe_yy_0,axe_xx_0;16;[V f, U (4, f), U (7, y), U (3, w), T (64, c), Hoist_vars [c], T (3, h),  T (7, x), T (1, y), T (8, f), T (4, c), T (4, f), T (4, c)];648.8098285198212
158;MobilNet_9;11.1686267;1.4681156258171937;1;axe_out_channels_0;16;[V f, U (4, f), U (7, y), U (3, h), T (64, c), Hoist_vars [c], T (3, w),  T (7, x), T (1, y), T (2, f), T (2, c), T (16, f), T (8, c)];653.017050743103
159;MobilNet_9;9.673672;1.0111600587723986;1;axe_out_channels_1,axe_yy_0,axe_xx_0;40;[V f, U (4, f), U (7, y), U (3, h), T (64, c), Hoist_vars [c], T (3, w),  T (7, x), T (1, y), T (32, f), T (16, c), T (1, f), T (1, c)];657.0610158443451
160;MobilNet_9;8.564190700000001;0.17526902228748237;1;axe_out_channels_0;32;[V f, U (4, f), U (7, y), U (3, h), T (8, c), Hoist_vars [c], T (3, w),  T (7, x), T (1, y), T (1, f), T (2, c), T (32, f), T (64, c)];661.1000673770905
161;MobilNet_9;10.209127299999999;0.007549144866142333;1;axe_out_channels_1,axe_yy_0,axe_xx_0;16;[V f, U (4, f), U (7, y), U (3, w), T (8, c), Hoist_vars [c], T (3, h),  T (7, x), T (1, y), T (8, f), T (8, c), T (4, f), T (16, c)];665.1713473796844
162;MobilNet_9;9.1060969;0.06269587238479142;1;axe_out_channels_0;16;[V f, U (4, f), U (7, y), U (3, w), T (16, c), Hoist_vars [c], T (3, h),  T (7, x), T (1, y), T (2, f), T (64, c), T (16, f), T (1, c)];669.2583780288696
163;MobilNet_9;9.894365599999999;0.013465203408787041;1;axe_out_channels_0;32;[V f, U (4, f), U (7, y), U (3, h), T (8, c), Hoist_vars [c], T (3, w),  T (7, x), T (1, y), T (1, f), T (32, c), T (32, f), T (4, c)];673.3510620594025
164;MobilNet_9;10.3462091;0.0204571591011554;1;axe_out_channels_1,axe_yy_0,axe_xx_0;12;[V f, U (4, f), U (7, y), U (3, w), T (16, c), Hoist_vars [c], T (3, h),  T (7, x), T (1, y), T (4, f), T (8, c), T (8, f), T (8, c)];677.4223484992981
165;MobilNet_9;9.7595493;0.05951559006520857;1;axe_out_channels_0;32;[V f, U (4, f), U (7, y), U (3, w), T (16, c), Hoist_vars [c], T (3, h),  T (7, x), T (1, y), T (1, f), T (32, c), T (32, f), T (2, c)];681.5055539608002
166;MobilNet_9;10.0100014;0.10159538812977721;1;axe_out_channels_0;16;[V f, U (4, f), U (7, y), U (3, w), T (8, c), Hoist_vars [c], T (3, h),  T (7, x), T (1, y), T (2, f), T (64, c), T (16, f), T (2, c)];685.6429498195648
167;MobilNet_9;8.370465300000001;0.08623578720119646;1;axe_out_channels_0;16;[V f, U (4, f), U (7, y), U (3, w), T (16, c), Hoist_vars [c], T (3, h),  T (7, x), T (1, y), T (2, f), T (1, c), T (16, f), T (64, c)];689.6998658180237
168;MobilNet_9;9.549572;0.11010410216608632;1;axe_out_channels_1,axe_yy_0,axe_xx_0;12;[V f, U (4, f), U (7, y), U (3, h), T (16, c), Hoist_vars [c], T (3, w),  T (7, x), T (1, y), T (4, f), T (4, c), T (8, f), T (16, c)];693.7329459190369
169;MobilNet_9;9.015875;0.0036387282393713347;1;axe_out_channels_1,axe_yy_0,axe_xx_0;24;[V f, U (4, f), U (7, y), U (3, w), T (16, c), Hoist_vars [c], T (3, h),  T (7, x), T (1, y), T (16, f), T (64, c), T (2, f), T (1, c)];697.7466139793396
170;MobilNet_9;11.6298011;0.2991394096164695;1;axe_out_channels_0;16;[V f, U (4, f), U (7, y), U (3, w), T (64, c), Hoist_vars [c], T (3, h),  T (7, x), T (1, y), T (2, f), T (16, c), T (16, f), T (1, c)];701.957763671875
171;MobilNet_9;12.283946400000001;0.10670923191570632;1;axe_out_channels_1,axe_yy_0,axe_xx_0;12;[V f, U (4, f), U (7, y), U (3, w), T (8, c), Hoist_vars [c], T (3, h),  T (7, x), T (1, y), T (4, f), T (128, c), T (8, f), T (1, c)];706.1131868362427
172;MobilNet_9;10.521683899999998;0.21543712922495503;1;axe_out_channels_0;16;[V f, U (4, f), U (7, y), U (3, h), T (32, c), Hoist_vars [c], T (3, w),  T (7, x), T (1, y), T (2, f), T (8, c), T (16, f), T (4, c)];710.2707464694977
173;MobilNet_9;11.4358648;0.17637060299426344;1;axe_out_channels_1,axe_yy_0,axe_xx_0;12;[V f, U (4, f), U (7, y), U (3, h), T (8, c), Hoist_vars [c], T (3, w),  T (7, x), T (1, y), T (4, f), T (128, c), T (8, f), T (1, c)];714.3874702453613
174;MobilNet_9;10.3618658;0.06208725511697242;1;axe_out_channels_1,axe_yy_0,axe_xx_0;12;[V f, U (4, f), U (7, y), U (3, h), T (16, c), Hoist_vars [c], T (3, w),  T (7, x), T (1, y), T (4, f), T (32, c), T (8, f), T (2, c)];718.4627470970154
175;MobilNet_9;10.139860200000001;0.17409649563951582;1;axe_out_channels_1,axe_yy_0,axe_xx_0;16;[V f, U (4, f), U (7, y), U (3, w), T (32, c), Hoist_vars [c], T (3, h),  T (7, x), T (1, y), T (8, f), T (32, c), T (4, f), T (1, c)];722.52401471138
176;MobilNet_9;9.335006;0.0287391671382454;1;axe_out_channels_1,axe_yy_0,axe_xx_0;16;[V f, U (4, f), U (7, y), U (3, h), T (32, c), Hoist_vars [c], T (3, w),  T (7, x), T (1, y), T (8, f), T (2, c), T (4, f), T (16, c)];726.5657625198364
177;MobilNet_9;8.0354804;0.0037543101150545283;1;axe_out_channels_0;32;[V f, U (4, f), U (7, y), U (3, h), T (16, c), Hoist_vars [c], T (3, w),  T (7, x), T (1, y), T (1, f), T (4, c), T (32, f), T (16, c)];730.5859787464142
178;MobilNet_9;11.2318353;0.22640379966910873;1;axe_out_channels_1,axe_yy_0,axe_xx_0;12;[V f, U (4, f), U (7, y), U (3, w), T (64, c), Hoist_vars [c], T (3, h),  T (7, x), T (1, y), T (4, f), T (1, c), T (8, f), T (16, c)];734.6995689868927
179;MobilNet_9;10.1784983;0.00996479373644979;1;axe_out_channels_1,axe_yy_0,axe_xx_0;16;[V f, U (4, f), U (7, y), U (3, w), T (8, c), Hoist_vars [c], T (3, h),  T (7, x), T (1, y), T (8, f), T (2, c), T (4, f), T (64, c)];738.769615650177
180;MobilNet_9;8.9329298;0.02670575237959052;1;axe_out_channels_1,axe_yy_0,axe_xx_0;24;[V f, U (4, f), U (7, y), U (3, w), T (32, c), Hoist_vars [c], T (3, h),  T (7, x), T (1, y), T (16, f), T (4, c), T (2, f), T (8, c)];742.7791607379913
181;MobilNet_9;9.807414900000001;0.025750188917559154;1;axe_out_channels_1,axe_yy_0,axe_xx_0;12;[V f, U (4, f), U (7, y), U (3, w), T (16, c), Hoist_vars [c], T (3, h),  T (7, x), T (1, y), T (4, f), T (4, c), T (8, f), T (16, c)];746.8208901882172
182;MobilNet_9;11.0930815;0.3097286002729644;1;axe_out_channels_0;16;[V f, U (4, f), U (7, y), U (3, w), T (64, c), Hoist_vars [c], T (3, h),  T (7, x), T (1, y), T (2, f), T (2, c), T (16, f), T (8, c)];750.9945569038391
183;MobilNet_9;8.218346499999999;0.20431712281952746;1;axe_out_channels_0;16;[V f, U (4, f), U (7, y), U (3, h), T (16, c), Hoist_vars [c], T (3, w),  T (7, x), T (1, y), T (2, f), T (4, c), T (16, f), T (16, c)];755.0534467697144
184;MobilNet_9;10.0720957;0.009222068629651239;1;axe_out_channels_1,axe_yy_0,axe_xx_0;16;[V f, U (4, f), U (7, y), U (3, h), T (8, c), Hoist_vars [c], T (3, w),  T (7, x), T (1, y), T (8, f), T (8, c), T (4, f), T (16, c)];759.1174654960632
185;MobilNet_9;9.4481472;0.0481602204828839;1;axe_out_channels_1,axe_yy_0,axe_xx_0;16;[V f, U (4, f), U (7, y), U (3, h), T (64, c), Hoist_vars [c], T (3, w),  T (7, x), T (1, y), T (8, f), T (2, c), T (4, f), T (8, c)];763.1789860725403
186;MobilNet_9;9.7188209;0.008013789770763816;1;axe_out_channels_0;32;[V f, U (4, f), U (7, y), U (3, h), T (16, c), Hoist_vars [c], T (3, w),  T (7, x), T (1, y), T (1, f), T (32, c), T (32, f), T (2, c)];767.2514612674713
187;MobilNet_9;9.1629645;0.01791241992166323;1;axe_out_channels_0;16;[V f, U (4, f), U (7, y), U (3, h), T (8, c), Hoist_vars [c], T (3, w),  T (7, x), T (1, y), T (2, f), T (64, c), T (16, f), T (2, c)];771.3413329124451
188;MobilNet_9;10.5786424;0.22907592811039756;1;axe_out_channels_1,axe_yy_0,axe_xx_0;16;[V f, U (4, f), U (7, y), U (3, h), T (32, c), Hoist_vars [c], T (3, w),  T (7, x), T (1, y), T (8, f), T (16, c), T (4, f), T (2, c)];775.4203863143921
189;MobilNet_9;10.2909385;0.016859001270834145;1;axe_out_channels_1,axe_yy_0,axe_xx_0;12;[V f, U (4, f), U (7, y), U (3, h), T (16, c), Hoist_vars [c], T (3, w),  T (7, x), T (1, y), T (4, f), T (16, c), T (8, f), T (4, c)];779.4957392215729
190;MobilNet_9;13.725031399999997;0.4742274739601662;1;axe_out_channels_1,axe_yy_0,axe_xx_0;12;[V f, U (4, f), U (7, y), U (3, w), T (64, c), Hoist_vars [c], T (3, h),  T (7, x), T (1, y), T (4, f), T (4, c), T (8, f), T (4, c)];783.68528175354
191;MobilNet_9;12.1843132;0.8027537578747045;1;axe_out_channels_0;16;[V f, U (4, f), U (7, y), U (3, w), T (64, c), Hoist_vars [c], T (3, h),  T (7, x), T (1, y), T (2, f), T (8, c), T (16, f), T (2, c)];787.9079837799072
192;MobilNet_9;8.7496596;0.00842080953590565;1;axe_out_channels_0;32;[V f, U (4, f), U (7, y), U (3, h), T (32, c), Hoist_vars [c], T (3, w),  T (7, x), T (1, y), T (1, f), T (4, c), T (32, f), T (8, c)];791.9420409202576
193;MobilNet_9;7.9397329;0.0035930597114438175;1;axe_out_channels_0;16;[V f, U (4, f), U (7, y), U (3, h), T (16, c), Hoist_vars [c], T (3, w),  T (7, x), T (1, y), T (2, f), T (1, c), T (16, f), T (64, c)];795.9737687110901
194;MobilNet_9;12.124187500000001;0.5651973604510637;1;axe_out_channels_1,axe_yy_0,axe_xx_0;12;[V f, U (4, f), U (7, y), U (3, w), T (32, c), Hoist_vars [c], T (3, h),  T (7, x), T (1, y), T (4, f), T (16, c), T (8, f), T (2, c)];800.1314165592194
195;MobilNet_9;9.8292237;0.08754384276241228;1;axe_out_channels_1,axe_yy_0,axe_xx_0;16;[V f, U (4, f), U (7, y), U (3, w), T (64, c), Hoist_vars [c], T (3, h),  T (7, x), T (1, y), T (8, f), T (2, c), T (4, f), T (8, c)];804.2001206874847
196;MobilNet_9;10.622846400000002;0.018820590613474162;1;axe_out_channels_1,axe_yy_0,axe_xx_0;12;[V f, U (4, f), U (7, y), U (3, w), T (16, c), Hoist_vars [c], T (3, h),  T (7, x), T (1, y), T (4, f), T (64, c), T (8, f), T (1, c)];808.2757742404938
197;MobilNet_9;10.1753052;0.7695566467693977;1;axe_out_channels_0;32;[V f, U (4, f), U (7, y), U (3, h), T (64, c), Hoist_vars [c], T (3, w),  T (7, x), T (1, y), T (1, f), T (1, c), T (32, f), T (16, c)];812.3905830383301
198;MobilNet_9;8.543604400000001;0.004067181412230958;1;axe_out_channels_0;32;[V f, U (4, f), U (7, y), U (3, w), T (16, c), Hoist_vars [c], T (3, h),  T (7, x), T (1, y), T (1, f), T (4, c), T (32, f), T (16, c)];816.4262156486511
199;MobilNet_9;9.4542434;0.02198566564013902;1;axe_out_channels_0;16;[V f, U (4, f), U (7, y), U (3, w), T (16, c), Hoist_vars [c], T (3, h),  T (7, x), T (1, y), T (2, f), T (16, c), T (16, f), T (4, c)];820.5315735340118
