IdRun;NameConv;Time(ms);std;NbMicroKernel;AxeFuse;SizeAxeFuse;Schema;Time_search(7.114843368530273)
0;Yolo9000_8;6.5100066;0.022976401081109293;2;axe_out_channels1_0,axe_out_channels1_1,axe_xx1_0,axe_yy1_0,axe_out_channels1_2;15;[V f, U (2, f), ULambda y, T (16, c), Hoist_vars [c], T (3, h), T (34, x),  T (3, w), T (8, c), T (1, f),  Lambda_apply y [((Iter 3), (Arg 8)), ((Iter 4), (Arg 11))], T (2, x),  T (8, f), T (1, f)];11.354737281799316
1;Yolo9000_8;4.5842664;0.015963684300311188;2;axe_yy1_0,axe_xx1_0,axe_out_channels1_0,axe_yy1_1;22;[V f, U (1, f), ULambda y, U (3, h), T (32, c), Hoist_vars [c], T (34, x),  T (3, w), T (4, c), T (2, y), T (16, f), T (2, x),  Lambda_apply y [((Iter 2), (Arg 11)), ((Iter 1), (Arg 12))]];16.33706259727478
2;Yolo9000_8;4.498067799999999;0.011454759672729836;2;axe_out_channels1_0,axe_out_channels1_1,axe_xx1_0,axe_yy1_0,axe_out_channels1_2;11;[V f, U (2, f), ULambda y, T (32, c), Hoist_vars [c], T (3, h), T (17, x),  T (3, w), T (4, c), T (2, f),  Lambda_apply y [((Iter 1), (Arg 12)), ((Iter 4), (Arg 14))], T (4, x),  T (2, f), T (2, f)];20.459845542907715
3;Yolo9000_8;6.2846554;0.025581662382261068;2;axe_out_channels1_0,axe_out_channels1_1,axe_xx1_0,axe_yy1_0,axe_out_channels1_2;15;[V f, U (2, f), ULambda y, T (16, c), Hoist_vars [c], T (3, h), T (34, x),  T (3, w), T (8, c), T (1, f),  Lambda_apply y [((Iter 3), (Arg 8)), ((Iter 4), (Arg 11))], T (2, x),  T (1, f), T (8, f)];24.780062437057495
4;Yolo9000_8;4.0538358;0.025052314059982667;1;axe_out_channels_0,axe_out_channels_1,axe_xx_0,axe_yy_0,axe_out_channels_2;24;[V f, U (4, f), U (4, y), U (3, w), T (64, c), Hoist_vars [c], T (34, x),  T (3, h), T (2, c), T (2, f), T (17, y), T (2, x), T (1, f), T (2, f)];28.68827795982361
5;Yolo9000_8;5.273194899999999;0.044801749178910465;2;axe_out_channels1_0,axe_out_channels1_1,axe_xx1_0,axe_yy1_0,axe_out_channels1_2;12;[V f, U (2, f), ULambda y, T (16, c), Hoist_vars [c], T (3, h), T (17, x),  T (3, w), T (8, c), T (2, f),  Lambda_apply y [((Iter 1), (Arg 8)), ((Iter 5), (Arg 12))], T (4, x),  T (4, f), T (1, f)];32.67963266372681
6;Yolo9000_8;5.324324299999999;0.030240249503104222;2;axe_out_channels1_0,axe_out_channels1_1,axe_xx1_0,axe_yy1_0,axe_out_channels1_2;13;[V f, U (2, f), ULambda y, T (16, c), Hoist_vars [c], T (3, h), T (17, x),  T (3, w), T (8, c), T (2, f),  Lambda_apply y [((Iter 3), (Arg 8)), ((Iter 4), (Arg 11))], T (4, x),  T (2, f), T (2, f)];36.89904427528381
7;Yolo9000_8;4.7101767;0.022623189753215606;2;axe_out_channels1_0,axe_out_channels1_1,axe_xx1_0,axe_yy1_0,axe_out_channels1_2;14;[V f, U (2, f), ULambda y, T (32, c), Hoist_vars [c], T (3, h), T (17, x),  T (3, w), T (4, c), T (2, f),  Lambda_apply y [((Iter 3), (Arg 8)), ((Iter 4), (Arg 11))], T (4, x),  T (1, f), T (4, f)];41.05751085281372
8;Yolo9000_8;5.009758400000001;0.01283751599960052;2;axe_out_channels1_0,axe_out_channels1_1,axe_xx1_0,axe_yy1_0,axe_out_channels1_2;11;[V f, U (2, f), ULambda y, T (16, c), Hoist_vars [c], T (3, h), T (34, x),  T (3, w), T (8, c), T (2, f),  Lambda_apply y [((Iter 3), (Arg 8)), ((Iter 4), (Arg 11))], T (2, x),  T (2, f), T (2, f)];45.27584743499756
9;Yolo9000_8;6.041563399999999;0.05429984676442458;2;axe_out_channels1_0,axe_out_channels1_1,axe_xx1_0,axe_yy1_0,axe_out_channels1_2;15;[V f, U (2, f), ULambda y, T (32, c), Hoist_vars [c], T (3, h), T (17, x),  T (3, w), T (4, c), T (1, f),  Lambda_apply y [((Iter 1), (Arg 8)), ((Iter 5), (Arg 12))], T (4, x),  T (1, f), T (8, f)];49.344674825668335
10;Yolo9000_8;5.611113899999999;0.026043689855510137;2;axe_out_channels1_0,axe_out_channels1_1,axe_xx1_0,axe_yy1_0,axe_out_channels1_2;13;[V f, U (2, f), ULambda y, U (3, h), T (32, c), Hoist_vars [c], T (17, x),  T (3, w), T (4, c), T (1, f),  Lambda_apply y [((Iter 2), (Arg 9)), ((Iter 5), (Arg 10))], T (4, x),  T (4, f), T (2, f)];53.52170014381409
11;Yolo9000_8;5.7130475;0.024548639877801714;2;axe_out_channels1_0,axe_out_channels1_1,axe_xx1_0,axe_yy1_0,axe_out_channels1_2;16;[V f, U (2, f), ULambda y, T (32, c), Hoist_vars [c], T (3, h), T (17, x),  T (3, w), T (4, c), T (1, f),  Lambda_apply y [((Iter 5), (Arg 11)), ((Iter 1), (Arg 13))], T (4, x),  T (4, f), T (2, f)];57.61349678039551
12;Yolo9000_8;3.9915811;0.005777768348592541;1;axe_out_channels_0,axe_out_channels_1,axe_xx_0,axe_yy_0,axe_out_channels_2;24;[V f, U (4, f), U (4, y), U (3, w), T (64, c), Hoist_vars [c], T (68, x),  T (3, h), T (2, c), T (1, f), T (17, y), T (1, x), T (4, f), T (1, f)];61.50719165802002
13;Yolo9000_8;4.439410499999999;0.022129563024379822;2;axe_out_channels1_0,axe_out_channels1_1,axe_xx1_0,axe_yy1_0,axe_out_channels1_2;19;[V f, U (2, f), ULambda y, T (32, c), Hoist_vars [c], T (3, h), T (17, x),  T (3, w), T (4, c), T (8, f),  Lambda_apply y [((Iter 5), (Arg 8)), ((Iter 2), (Arg 14))], T (4, x),  T (1, f), T (1, f)];66.40517687797546
14;Yolo9000_8;14.684081299999999;0.10147873361946351;1;axe_yy_0,axe_xx_0;3;[V f, U (1, f), ULambda y, U (3, h), T (32, c), Hoist_vars [c], T (34, x),  T (3, w), T (4, c),  Lambda_apply y [((Iter 6), (Arg 9)), ((Iter 1), (Arg 14))], T (16, f),  T (2, x), T (1, y)];70.79239249229431
15;Yolo9000_8;5.3664095;0.022139650400356394;2;axe_out_channels1_0,axe_out_channels1_1,axe_xx1_0,axe_yy1_0,axe_out_channels1_2;14;[V f, U (2, f), ULambda y, T (16, c), Hoist_vars [c], T (3, h), T (17, x),  T (3, w), T (8, c), T (2, f),  Lambda_apply y [((Iter 3), (Arg 8)), ((Iter 4), (Arg 11))], T (4, x),  T (4, f), T (1, f)];74.99344682693481
16;Yolo9000_8;4.0346189;0.010866253949269003;1;axe_out_channels_0,axe_out_channels_1,axe_xx_0,axe_yy_0,axe_out_channels_2;25;[V f, U (4, f), U (4, y), U (3, w), T (64, c), Hoist_vars [c], T (34, x),  T (3, h), T (2, c), T (4, f), T (17, y), T (2, x), T (1, f), T (1, f)];78.90778708457947
17;Yolo9000_8;4.2721403;0.01712823097141095;2;axe_out_channels1_0,axe_out_channels1_1,axe_xx1_0,axe_yy1_0,axe_out_channels1_2;13;[V f, U (2, f), ULambda y, T (32, c), Hoist_vars [c], T (3, h), T (17, x),  T (3, w), T (4, c), T (4, f),  Lambda_apply y [((Iter 2), (Arg 13)), ((Iter 3), (Arg 14))], T (4, x),  T (2, f), T (1, f)];83.7883608341217
18;Yolo9000_8;4.3618577;0.013773250909280626;2;axe_out_channels1_0,axe_out_channels1_1,axe_xx1_0,axe_yy1_0,axe_out_channels1_2;13;[V f, U (2, f), ULambda y, U (3, h), T (32, c), Hoist_vars [c], T (17, x),  T (3, w), T (4, c), T (2, f),  Lambda_apply y [((Iter 2), (Arg 9)), ((Iter 5), (Arg 10))], T (4, x),  T (1, f), T (4, f)];87.87616872787476
19;Yolo9000_8;4.4840488;0.019812852297435776;2;axe_out_channels1_0,axe_out_channels1_1,axe_xx1_0,axe_yy1_0,axe_out_channels1_2;17;[V f, U (2, f), ULambda y, T (32, c), Hoist_vars [c], T (3, h), T (17, x),  T (3, w), T (4, c), T (4, f),  Lambda_apply y [((Iter 6), (Arg 9)), ((Iter 1), (Arg 14))], T (4, x),  T (1, f), T (2, f)];91.93735980987549
20;Yolo9000_8;5.8756515;0.027131043261363924;2;axe_out_channels1_0,axe_out_channels1_1,axe_xx1_0,axe_yy1_0,axe_out_channels1_2;16;[V f, U (2, f), ULambda y, T (32, c), Hoist_vars [c], T (3, h), T (17, x),  T (3, w), T (4, c), T (1, f),  Lambda_apply y [((Iter 2), (Arg 13)), ((Iter 3), (Arg 14))], T (4, x),  T (1, f), T (8, f)];96.99779176712036
21;Yolo9000_8;6.978678900000001;0.08739005099603758;2;axe_out_channels1_0,axe_out_channels1_1,axe_xx1_0,axe_yy1_0,axe_out_channels1_2;12;[V f, U (2, f), ULambda y, T (16, c), Hoist_vars [c], T (3, h), T (17, x),  T (3, w), T (8, c), T (1, f),  Lambda_apply y [((Iter 1), (Arg 8)), ((Iter 5), (Arg 12))], T (4, x),  T (4, f), T (2, f)];101.29131126403809
22;Yolo9000_8;4.920937499999999;0.013043180971296909;2;axe_out_channels1_0,axe_out_channels1_1,axe_xx1_0,axe_yy1_0,axe_out_channels1_2;13;[V f, U (2, f), ULambda y, T (16, c), Hoist_vars [c], T (3, h), T (34, x),  T (3, w), T (8, c), T (8, f),  Lambda_apply y [((Iter 1), (Arg 8)), ((Iter 5), (Arg 12))], T (2, x),  T (1, f), T (1, f)];105.24919724464417
23;Yolo9000_8;6.466848199999999;0.012318605755522948;1;axe_yy_0,axe_xx_0;5;[V f, U (1, f), ULambda y, U (3, h), T (64, c), Hoist_vars [c], T (17, x),  T (3, w), T (2, c),  Lambda_apply y [((Iter 1), (Arg 12)), ((Iter 4), (Arg 14))], T (16, f),  T (4, x), T (1, y)];109.24599599838257
24;Yolo9000_8;4.264511199999999;0.018005122464454276;1;axe_out_channels_0,axe_out_channels_1,axe_xx_0,axe_yy_0,axe_out_channels_2;24;[V f, U (4, f), U (4, y), U (3, w), T (32, c), Hoist_vars [c], T (68, x),  T (3, h), T (4, c), T (1, f), T (17, y), T (1, x), T (1, f), T (4, f)];113.0479109287262
25;Yolo9000_8;4.7218004;0.022575866221254903;2;axe_out_channels1_0,axe_out_channels1_1,axe_xx1_0,axe_yy1_0,axe_out_channels1_2;17;[V f, U (2, f), ULambda y, T (32, c), Hoist_vars [c], T (3, h), T (17, x),  T (3, w), T (4, c), T (2, f),  Lambda_apply y [((Iter 6), (Arg 9)), ((Iter 1), (Arg 14))], T (4, x),  T (1, f), T (4, f)];117.09865927696228
26;Yolo9000_8;5.8455198;0.024490681296362622;2;axe_out_channels1_0,axe_out_channels1_1,axe_xx1_0,axe_yy1_0,axe_out_channels1_2;13;[V f, U (2, f), ULambda y, T (32, c), Hoist_vars [c], T (3, h), T (17, x),  T (3, w), T (4, c), T (1, f),  Lambda_apply y [((Iter 2), (Arg 13)), ((Iter 3), (Arg 14))], T (4, x),  T (4, f), T (2, f)];122.03732347488403
27;Yolo9000_8;4.7343987;0.01212877866934663;2;axe_out_channels1_0,axe_out_channels1_1,axe_xx1_0,axe_yy1_0,axe_out_channels1_2;16;[V f, U (2, f), ULambda y, T (32, c), Hoist_vars [c], T (3, h), T (17, x),  T (3, w), T (4, c), T (2, f),  Lambda_apply y [((Iter 5), (Arg 8)), ((Iter 2), (Arg 14))], T (4, x),  T (1, f), T (4, f)];126.87437558174133
28;Yolo9000_8;4.034136299999999;0.016519294670475682;1;axe_out_channels_0,axe_out_channels_1,axe_xx_0,axe_yy_0,axe_out_channels_2;24;[V f, U (4, f), U (4, y), U (3, w), T (64, c), Hoist_vars [c], T (34, x),  T (3, h), T (2, c), T (2, f), T (17, y), T (2, x), T (2, f), T (1, f)];130.71298742294312
29;Yolo9000_8;4.557625799999999;0.021934293194903642;2;axe_out_channels1_0,axe_out_channels1_1,axe_xx1_0,axe_yy1_0,axe_out_channels1_2;12;[V f, U (2, f), ULambda y, T (32, c), Hoist_vars [c], T (3, h), T (17, x),  T (3, w), T (4, c), T (2, f),  Lambda_apply y [((Iter 1), (Arg 12)), ((Iter 4), (Arg 14))], T (4, x),  T (1, f), T (4, f)];134.7623155117035
30;Yolo9000_8;5.9397313;0.024382485062232635;2;axe_out_channels1_0,axe_out_channels1_1,axe_xx1_0,axe_yy1_0,axe_out_channels1_2;14;[V f, U (2, f), ULambda y, T (32, c), Hoist_vars [c], T (3, h), T (17, x),  T (3, w), T (4, c), T (1, f),  Lambda_apply y [((Iter 3), (Arg 8)), ((Iter 4), (Arg 11))], T (4, x),  T (2, f), T (4, f)];138.96275329589844
31;Yolo9000_8;6.8687376;0.012776618286541985;2;axe_out_channels1_0,axe_out_channels1_1,axe_xx1_0,axe_yy1_0,axe_out_channels1_2;17;[V f, U (2, f), ULambda y, T (16, c), Hoist_vars [c], T (3, h), T (17, x),  T (3, w), T (8, c), T (1, f),  Lambda_apply y [((Iter 3), (Arg 8)), ((Iter 4), (Arg 11))], T (4, x),  T (1, f), T (8, f)];143.19365072250366
32;Yolo9000_8;6.0215316;0.06372556386286445;2;axe_out_channels1_0,axe_out_channels1_1,axe_xx1_0,axe_yy1_0,axe_out_channels1_2;19;[V f, U (2, f), ULambda y, T (32, c), Hoist_vars [c], T (3, h), T (17, x),  T (3, w), T (4, c), T (1, f),  Lambda_apply y [((Iter 5), (Arg 8)), ((Iter 2), (Arg 14))], T (4, x),  T (8, f), T (1, f)];148.14445209503174
33;Yolo9000_8;4.629329800000001;0.011650157593783898;2;axe_out_channels1_0,axe_out_channels1_1,axe_xx1_0,axe_yy1_0,axe_out_channels1_2;13;[V f, U (2, f), ULambda y, T (32, c), Hoist_vars [c], T (3, h), T (17, x),  T (3, w), T (4, c), T (2, f),  Lambda_apply y [((Iter 2), (Arg 9)), ((Iter 5), (Arg 10))], T (4, x),  T (4, f), T (1, f)];152.27500462532043
34;Yolo9000_8;4.3419478;0.009985850727905095;2;axe_out_channels1_0,axe_out_channels1_1,axe_xx1_0,axe_yy1_0,axe_out_channels1_2;16;[V f, U (2, f), ULambda y, T (32, c), Hoist_vars [c], T (3, h), T (17, x),  T (3, w), T (4, c), T (4, f),  Lambda_apply y [((Iter 5), (Arg 11)), ((Iter 1), (Arg 13))], T (4, x),  T (2, f), T (1, f)];156.32747054100037
35;Yolo9000_8;4.504269299999999;0.027952499194347648;2;axe_out_channels1_0,axe_out_channels1_1,axe_xx1_0,axe_yy1_0,axe_out_channels1_2;18;[V f, U (2, f), ULambda y, T (32, c), Hoist_vars [c], T (3, h), T (34, x),  T (3, w), T (4, c), T (8, f),  Lambda_apply y [((Iter 6), (Arg 9)), ((Iter 1), (Arg 14))], T (2, x),  T (1, f), T (1, f)];160.41358971595764
36;Yolo9000_8;4.4347818000000006;0.013289231879984629;2;axe_yy1_0,axe_xx1_0,axe_out_channels1_0,axe_yy1_1;24;[V f, U (1, f), ULambda y, U (3, h), T (32, c), Hoist_vars [c], T (34, x),  T (3, w), T (4, c), T (1, y), T (16, f), T (2, x),  Lambda_apply y [((Iter 5), (Arg 11)), ((Iter 1), (Arg 13))]];164.475998878479
37;Yolo9000_8;5.9402724;0.049839539392333806;2;axe_out_channels1_0,axe_out_channels1_1,axe_xx1_0,axe_yy1_0,axe_out_channels1_2;16;[V f, U (2, f), ULambda y, T (32, c), Hoist_vars [c], T (3, h), T (17, x),  T (3, w), T (4, c), T (1, f),  Lambda_apply y [((Iter 2), (Arg 9)), ((Iter 5), (Arg 10))], T (4, x),  T (1, f), T (8, f)];168.61382150650024
38;Yolo9000_8;4.638220000000001;0.014140454412783256;2;axe_out_channels1_0,axe_out_channels1_1,axe_xx1_0,axe_yy1_0,axe_out_channels1_2;17;[V f, U (2, f), ULambda y, T (32, c), Hoist_vars [c], T (3, h), T (17, x),  T (3, w), T (4, c), T (2, f),  Lambda_apply y [((Iter 6), (Arg 9)), ((Iter 1), (Arg 14))], T (4, x),  T (4, f), T (1, f)];172.6907513141632
39;Yolo9000_8;7.2150783;0.019268751568537124;2;axe_out_channels1_0,axe_out_channels1_1,axe_xx1_0,axe_yy1_0,axe_out_channels1_2;12;[V f, U (2, f), ULambda y, T (32, c), Hoist_vars [c], T (3, h), T (17, x),  T (3, w), T (4, c), T (1, f),  Lambda_apply y [((Iter 1), (Arg 8)), ((Iter 4), (Arg 15))], T (4, x),  T (2, f), T (4, f)];176.84736227989197
40;Yolo9000_8;5.824652400000001;0.03162801129125881;2;axe_out_channels1_0,axe_out_channels1_1,axe_xx1_0,axe_yy1_0,axe_out_channels1_2;13;[V f, U (2, f), ULambda y, T (32, c), Hoist_vars [c], T (3, h), T (17, x),  T (3, w), T (4, c), T (1, f),  Lambda_apply y [((Iter 2), (Arg 13)), ((Iter 3), (Arg 14))], T (4, x),  T (2, f), T (4, f)];181.7945580482483
41;Yolo9000_8;6.8390759;0.051173486182690194;2;axe_out_channels1_0,axe_out_channels1_1,axe_xx1_0,axe_yy1_0,axe_out_channels1_2;14;[V f, U (2, f), ULambda y, T (16, c), Hoist_vars [c], T (3, h), T (17, x),  T (3, w), T (8, c), T (1, f),  Lambda_apply y [((Iter 3), (Arg 8)), ((Iter 4), (Arg 11))], T (4, x),  T (2, f), T (4, f)];186.04601907730103
42;Yolo9000_8;5.9981055;0.011498007464339204;2;axe_out_channels1_0,axe_out_channels1_1,axe_xx1_0,axe_yy1_0,axe_out_channels1_2;10;[V f, U (2, f), ULambda y, T (16, c), Hoist_vars [c], T (3, h), T (34, x),  T (3, w), T (8, c), T (1, f),  Lambda_apply y [((Iter 1), (Arg 8)), ((Iter 5), (Arg 12))], T (2, x),  T (2, f), T (4, f)];190.16528463363647
43;Yolo9000_8;4.226655;0.008448022892961472;2;axe_out_channels1_0,axe_out_channels1_1,axe_xx1_0,axe_yy1_0,axe_out_channels1_2;12;[V f, U (2, f), ULambda y, T (32, c), Hoist_vars [c], T (3, h), T (17, x),  T (3, w), T (4, c), T (4, f),  Lambda_apply y [((Iter 1), (Arg 12)), ((Iter 4), (Arg 14))], T (4, x),  T (2, f), T (1, f)];194.18541288375854
44;Yolo9000_8;4.6021425;0.005690145608857477;2;axe_out_channels1_0,axe_out_channels1_1,axe_xx1_0,axe_yy1_0,axe_out_channels1_2;12;[V f, U (2, f), ULambda y, T (32, c), Hoist_vars [c], T (3, h), T (17, x),  T (3, w), T (4, c), T (2, f),  Lambda_apply y [((Iter 1), (Arg 8)), ((Iter 5), (Arg 12))], T (4, x),  T (1, f), T (4, f)];198.1749837398529
45;Yolo9000_8;4.2639311;0.013979166645047118;2;axe_out_channels1_0,axe_out_channels1_1,axe_xx1_0,axe_yy1_0,axe_out_channels1_2;16;[V f, U (2, f), ULambda y, T (32, c), Hoist_vars [c], T (3, h), T (17, x),  T (3, w), T (4, c), T (8, f),  Lambda_apply y [((Iter 2), (Arg 9)), ((Iter 5), (Arg 10))], T (4, x),  T (1, f), T (1, f)];202.2517158985138
46;Yolo9000_8;5.5729801000000005;0.0564032028087944;2;axe_out_channels1_0,axe_out_channels1_1,axe_xx1_0,axe_yy1_0,axe_out_channels1_2;16;[V f, U (2, f), ULambda y, U (3, h), T (32, c), Hoist_vars [c], T (17, x),  T (3, w), T (4, c), T (1, f),  Lambda_apply y [((Iter 2), (Arg 9)), ((Iter 5), (Arg 10))], T (4, x),  T (8, f), T (1, f)];206.41538071632385
47;Yolo9000_8;4.4644669;0.018920317726983313;2;axe_out_channels1_0,axe_out_channels1_1,axe_xx1_0,axe_yy1_0,axe_out_channels1_2;13;[V f, U (2, f), ULambda y, T (32, c), Hoist_vars [c], T (3, h), T (17, x),  T (3, w), T (4, c), T (4, f),  Lambda_apply y [((Iter 2), (Arg 9)), ((Iter 5), (Arg 10))], T (4, x),  T (1, f), T (2, f)];210.49816060066223
48;Yolo9000_8;3.7850393;0.024669779857347755;1;axe_out_channels_0,axe_out_channels_1,axe_xx_0,axe_yy_0,axe_out_channels_2;23;[V f, U (4, f), U (4, y), U (3, w), T (128, c), Hoist_vars [c], T (68, x),  T (3, h), T (1, c), T (2, f), T (17, y), T (1, x), T (2, f), T (1, f)];214.30303645133972
49;Yolo9000_8;6.9043114;0.050761267620499775;2;axe_out_channels1_0,axe_out_channels1_1,axe_xx1_0,axe_yy1_0,axe_out_channels1_2;14;[V f, U (2, f), ULambda y, T (16, c), Hoist_vars [c], T (3, h), T (17, x),  T (3, w), T (8, c), T (1, f),  Lambda_apply y [((Iter 3), (Arg 8)), ((Iter 4), (Arg 11))], T (4, x),  T (4, f), T (2, f)];218.58478379249573
50;Yolo9000_8;4.527811000000001;0.038047522744589;2;axe_yy1_0,axe_xx1_0,axe_out_channels1_0,axe_yy1_1;25;[V f, U (1, f), ULambda y, U (3, h), T (32, c), Hoist_vars [c], T (34, x),  T (3, w), T (4, c), T (1, y), T (16, f), T (2, x),  Lambda_apply y [((Iter 6), (Arg 9)), ((Iter 1), (Arg 14))]];222.69632768630981
51;Yolo9000_8;6.0288371;0.04444837442348154;2;axe_out_channels1_0,axe_out_channels1_1,axe_xx1_0,axe_yy1_0,axe_out_channels1_2;20;[V f, U (2, f), ULambda y, T (32, c), Hoist_vars [c], T (3, h), T (17, x),  T (3, w), T (4, c), T (1, f),  Lambda_apply y [((Iter 6), (Arg 9)), ((Iter 1), (Arg 14))], T (4, x),  T (8, f), T (1, f)];226.82576990127563
52;Yolo9000_8;4.2685498;0.008321654784957125;2;axe_out_channels1_0,axe_out_channels1_1,axe_xx1_0,axe_yy1_0,axe_out_channels1_2;15;[V f, U (2, f), ULambda y, T (32, c), Hoist_vars [c], T (3, h), T (17, x),  T (3, w), T (4, c), T (8, f),  Lambda_apply y [((Iter 1), (Arg 12)), ((Iter 4), (Arg 14))], T (4, x),  T (1, f), T (1, f)];230.85668992996216
53;Yolo9000_8;6.0234002;0.025057749993963877;2;axe_out_channels1_0,axe_out_channels1_1,axe_xx1_0,axe_yy1_0,axe_out_channels1_2;10;[V f, U (2, f), ULambda y, T (16, c), Hoist_vars [c], T (3, h), T (34, x),  T (3, w), T (8, c), T (1, f),  Lambda_apply y [((Iter 1), (Arg 8)), ((Iter 5), (Arg 12))], T (2, x),  T (4, f), T (2, f)];234.972505569458
54;Yolo9000_8;4.6829956;0.011386531738857125;2;axe_out_channels1_0,axe_out_channels1_1,axe_xx1_0,axe_yy1_0,axe_out_channels1_2;13;[V f, U (2, f), ULambda y, T (32, c), Hoist_vars [c], T (3, h), T (17, x),  T (3, w), T (4, c), T (2, f),  Lambda_apply y [((Iter 3), (Arg 8)), ((Iter 4), (Arg 11))], T (4, x),  T (2, f), T (2, f)];239.10908389091492
55;Yolo9000_8;5.7856249;0.02715530953773134;2;axe_out_channels1_0,axe_out_channels1_1,axe_xx1_0,axe_yy1_0,axe_out_channels1_2;16;[V f, U (2, f), ULambda y, T (32, c), Hoist_vars [c], T (3, h), T (17, x),  T (3, w), T (4, c), T (1, f),  Lambda_apply y [((Iter 2), (Arg 13)), ((Iter 3), (Arg 14))], T (4, x),  T (8, f), T (1, f)];244.05299758911133
56;Yolo9000_8;4.840114;0.009300952994182817;2;axe_out_channels1_0,axe_out_channels1_1,axe_xx1_0,axe_yy1_0,axe_out_channels1_2;12;[V f, U (2, f), ULambda y, T (16, c), Hoist_vars [c], T (3, h), T (17, x),  T (3, w), T (8, c), T (4, f),  Lambda_apply y [((Iter 1), (Arg 8)), ((Iter 5), (Arg 12))], T (4, x),  T (2, f), T (1, f)];248.07707023620605
57;Yolo9000_8;4.9766158;0.09676659689975671;1;axe_out_channels_0,axe_out_channels_1,axe_xx_0,axe_yy_0,axe_out_channels_2;25;[V f, U (4, f), U (4, y), U (3, w), T (16, c), Hoist_vars [c], T (34, x),  T (3, h), T (8, c), T (1, f), T (17, y), T (2, x), T (4, f), T (1, f)];251.86350178718567
58;Yolo9000_8;4.3662862;0.011793685995480856;1;axe_out_channels_0,axe_out_channels_1,axe_xx_0,axe_yy_0,axe_out_channels_2;24;[V f, U (4, f), U (4, y), U (3, w), T (32, c), Hoist_vars [c], T (68, x),  T (3, h), T (4, c), T (4, f), T (17, y), T (1, x), T (1, f), T (1, f)];255.65719199180603
59;Yolo9000_8;4.3273147000000005;0.011795263448096378;2;axe_yy1_0,axe_xx1_0,axe_out_channels1_0,axe_yy1_1;22;[V f, U (1, f), ULambda y, U (3, h), T (32, c), Hoist_vars [c], T (17, x),  T (3, w), T (4, c), T (1, y), T (16, f), T (4, x),  Lambda_apply y [((Iter 1), (Arg 12)), ((Iter 4), (Arg 14))]];259.65803933143616
60;Yolo9000_8;5.868371400000001;0.03602030976324337;2;axe_out_channels1_0,axe_out_channels1_1,axe_xx1_0,axe_yy1_0,axe_out_channels1_2;20;[V f, U (2, f), ULambda y, T (32, c), Hoist_vars [c], T (3, h), T (17, x),  T (3, w), T (4, c), T (1, f),  Lambda_apply y [((Iter 6), (Arg 9)), ((Iter 1), (Arg 14))], T (4, x),  T (1, f), T (8, f)];263.7567241191864
61;Yolo9000_8;4.8213893;0.0040980623726339085;2;axe_out_channels1_0,axe_out_channels1_1,axe_xx1_0,axe_yy1_0,axe_out_channels1_2;12;[V f, U (2, f), ULambda y, T (16, c), Hoist_vars [c], T (3, h), T (34, x),  T (3, w), T (8, c), T (4, f),  Lambda_apply y [((Iter 3), (Arg 8)), ((Iter 4), (Arg 11))], T (2, x),  T (1, f), T (2, f)];267.97347593307495
62;Yolo9000_8;3.9865094;0.008073501064593898;1;axe_out_channels_0,axe_out_channels_1,axe_xx_0,axe_yy_0,axe_out_channels_2;24;[V f, U (4, f), U (4, y), U (3, w), T (64, c), Hoist_vars [c], T (68, x),  T (3, h), T (2, c), T (1, f), T (17, y), T (1, x), T (1, f), T (4, f)];271.7848870754242
63;Yolo9000_8;3.8610198000000002;0.011649870263655259;1;axe_out_channels_0,axe_out_channels_1,axe_xx_0,axe_yy_0,axe_out_channels_2;24;[V f, U (4, f), U (4, y), U (3, w), T (128, c), Hoist_vars [c], T (68, x),  T (3, h), T (1, c), T (1, f), T (17, y), T (1, x), T (1, f), T (4, f)];275.61484384536743
64;Yolo9000_8;4.6507798;0.017498257477817747;2;axe_out_channels1_0,axe_out_channels1_1,axe_xx1_0,axe_yy1_0,axe_out_channels1_2;11;[V f, U (2, f), ULambda y, T (32, c), Hoist_vars [c], T (3, h), T (17, x),  T (3, w), T (4, c), T (2, f),  Lambda_apply y [((Iter 1), (Arg 8)), ((Iter 5), (Arg 12))], T (4, x),  T (2, f), T (2, f)];279.6110622882843
65;Yolo9000_8;6.894653100000001;0.06207993517143825;2;axe_out_channels1_0,axe_out_channels1_1,axe_xx1_0,axe_yy1_0,axe_out_channels1_2;17;[V f, U (2, f), ULambda y, T (16, c), Hoist_vars [c], T (3, h), T (17, x),  T (3, w), T (8, c), T (1, f),  Lambda_apply y [((Iter 3), (Arg 8)), ((Iter 4), (Arg 11))], T (4, x),  T (8, f), T (1, f)];283.8393142223358
66;Yolo9000_8;5.5977928;0.027045208935410167;2;axe_out_channels1_0,axe_out_channels1_1,axe_xx1_0,axe_yy1_0,axe_out_channels1_2;11;[V f, U (2, f), ULambda y, T (32, c), Hoist_vars [c], T (3, h), T (17, x),  T (3, w), T (4, c), T (2, f),  Lambda_apply y [((Iter 1), (Arg 8)), ((Iter 4), (Arg 15))], T (4, x),  T (2, f), T (2, f)];287.90592908859253
67;Yolo9000_8;4.4722984;0.011321605629944867;2;axe_out_channels1_0,axe_out_channels1_1,axe_xx1_0,axe_yy1_0,axe_out_channels1_2;14;[V f, U (2, f), ULambda y, T (32, c), Hoist_vars [c], T (3, h), T (17, x),  T (3, w), T (4, c), T (4, f),  Lambda_apply y [((Iter 3), (Arg 8)), ((Iter 4), (Arg 11))], T (4, x),  T (2, f), T (1, f)];292.0546944141388
68;Yolo9000_8;4.9141859;0.012206336259910286;2;axe_out_channels1_0,axe_out_channels1_1,axe_xx1_0,axe_yy1_0,axe_out_channels1_2;14;[V f, U (2, f), ULambda y, T (16, c), Hoist_vars [c], T (3, h), T (17, x),  T (3, w), T (8, c), T (4, f),  Lambda_apply y [((Iter 3), (Arg 8)), ((Iter 4), (Arg 11))], T (4, x),  T (1, f), T (2, f)];296.1952438354492
69;Yolo9000_8;3.8728091;0.025900338308408016;1;axe_out_channels_0,axe_out_channels_1,axe_xx_0,axe_yy_0,axe_out_channels_2;24;[V f, U (4, f), U (4, y), U (3, w), T (128, c), Hoist_vars [c], T (34, x),  T (3, h), T (1, c), T (2, f), T (17, y), T (2, x), T (1, f), T (2, f)];300.0128719806671
70;Yolo9000_8;4.73583;0.058422179803564386;1;axe_out_channels_0,axe_out_channels_1,axe_xx_0,axe_yy_0,axe_out_channels_2;24;[V f, U (4, f), U (4, y), U (3, w), T (16, c), Hoist_vars [c], T (34, x),  T (3, h), T (8, c), T (2, f), T (17, y), T (2, x), T (2, f), T (1, f)];303.83976793289185
71;Yolo9000_8;5.5898612;0.03866975189162694;2;axe_out_channels1_0,axe_out_channels1_1,axe_xx1_0,axe_yy1_0,axe_out_channels1_2;12;[V f, U (2, f), ULambda y, T (32, c), Hoist_vars [c], T (3, h), T (17, x),  T (3, w), T (4, c), T (2, f),  Lambda_apply y [((Iter 1), (Arg 8)), ((Iter 4), (Arg 15))], T (4, x),  T (4, f), T (1, f)];307.903044462204
72;Yolo9000_8;4.7059876;0.020527046763721447;2;axe_out_channels1_0,axe_out_channels1_1,axe_xx1_0,axe_yy1_0,axe_out_channels1_2;13;[V f, U (2, f), ULambda y, T (32, c), Hoist_vars [c], T (3, h), T (17, x),  T (3, w), T (4, c), T (2, f),  Lambda_apply y [((Iter 2), (Arg 9)), ((Iter 5), (Arg 10))], T (4, x),  T (1, f), T (4, f)];312.014000415802
73;Yolo9000_8;5.8641333;0.04879568542002445;2;axe_out_channels1_0,axe_out_channels1_1,axe_xx1_0,axe_yy1_0,axe_out_channels1_2;16;[V f, U (2, f), ULambda y, T (32, c), Hoist_vars [c], T (3, h), T (17, x),  T (3, w), T (4, c), T (1, f),  Lambda_apply y [((Iter 2), (Arg 9)), ((Iter 5), (Arg 10))], T (4, x),  T (8, f), T (1, f)];316.16369128227234
74;Yolo9000_8;4.985062200000001;0.017098406760865208;2;axe_out_channels1_0,axe_out_channels1_1,axe_xx1_0,axe_yy1_0,axe_out_channels1_2;12;[V f, U (2, f), ULambda y, T (16, c), Hoist_vars [c], T (3, h), T (34, x),  T (3, w), T (8, c), T (2, f),  Lambda_apply y [((Iter 3), (Arg 8)), ((Iter 4), (Arg 11))], T (2, x),  T (4, f), T (1, f)];320.36154103279114
75;Yolo9000_8;4.2570355;0.013276568429002896;2;axe_yy1_0,axe_xx1_0,axe_out_channels1_0,axe_yy1_1;23;[V f, U (1, f), ULambda y, U (3, h), T (32, c), Hoist_vars [c], T (17, x),  T (3, w), T (4, c), T (1, y), T (16, f), T (4, x),  Lambda_apply y [((Iter 2), (Arg 13)), ((Iter 3), (Arg 14))]];325.2135057449341
76;Yolo9000_8;4.458067300000001;0.012658619087799434;2;axe_out_channels1_0,axe_out_channels1_1,axe_xx1_0,axe_yy1_0,axe_out_channels1_2;20;[V f, U (2, f), ULambda y, T (32, c), Hoist_vars [c], T (3, h), T (17, x),  T (3, w), T (4, c), T (8, f),  Lambda_apply y [((Iter 6), (Arg 9)), ((Iter 1), (Arg 14))], T (4, x),  T (1, f), T (1, f)];329.26084089279175
77;Yolo9000_8;4.8692865;0.01312676144561174;2;axe_out_channels1_0,axe_out_channels1_1,axe_xx1_0,axe_yy1_0,axe_out_channels1_2;15;[V f, U (2, f), ULambda y, T (16, c), Hoist_vars [c], T (3, h), T (34, x),  T (3, w), T (8, c), T (8, f),  Lambda_apply y [((Iter 3), (Arg 8)), ((Iter 4), (Arg 11))], T (2, x),  T (1, f), T (1, f)];333.4422695636749
78;Yolo9000_8;5.8332128999999995;0.04697423395532922;2;axe_out_channels1_0,axe_out_channels1_1,axe_xx1_0,axe_yy1_0,axe_out_channels1_2;12;[V f, U (2, f), ULambda y, T (32, c), Hoist_vars [c], T (3, h), T (17, x),  T (3, w), T (4, c), T (1, f),  Lambda_apply y [((Iter 1), (Arg 12)), ((Iter 4), (Arg 14))], T (4, x),  T (4, f), T (2, f)];337.55541586875916
79;Yolo9000_8;3.8290568;0.007797644462272029;1;axe_out_channels_0,axe_out_channels_1,axe_xx_0,axe_yy_0,axe_out_channels_2;23;[V f, U (4, f), U (4, y), U (3, w), T (128, c), Hoist_vars [c], T (68, x),  T (3, h), T (1, c), T (2, f), T (17, y), T (1, x), T (1, f), T (2, f)];341.3634123802185
80;Yolo9000_8;6.2563824;0.050613075044300446;2;axe_out_channels1_0,axe_out_channels1_1,axe_xx1_0,axe_yy1_0,axe_out_channels1_2;12;[V f, U (2, f), ULambda y, T (16, c), Hoist_vars [c], T (3, h), T (34, x),  T (3, w), T (8, c), T (1, f),  Lambda_apply y [((Iter 3), (Arg 8)), ((Iter 4), (Arg 11))], T (2, x),  T (4, f), T (2, f)];345.6043002605438
81;Yolo9000_8;4.0190965;0.013321435052200601;2;axe_yy1_0,axe_xx1_0,axe_out_channels1_0,axe_yy1_1;23;[V f, U (1, f), ULambda y, U (3, h), T (64, c), Hoist_vars [c], T (17, x),  T (3, w), T (2, c), T (1, y), T (16, f), T (4, x),  Lambda_apply y [((Iter 2), (Arg 13)), ((Iter 3), (Arg 14))]];350.40220952033997
82;Yolo9000_8;4.279187499999999;0.0178397156998087;2;axe_yy1_0,axe_xx1_0,axe_out_channels1_0,axe_yy1_1;21;[V f, U (1, f), ULambda y, U (3, h), T (32, c), Hoist_vars [c], T (34, x),  T (3, w), T (4, c), T (1, y), T (16, f), T (2, x),  Lambda_apply y [((Iter 2), (Arg 13)), ((Iter 3), (Arg 14))]];355.29790687561035
83;Yolo9000_8;4.446962999999999;0.013070678459819907;2;axe_out_channels1_0,axe_out_channels1_1,axe_xx1_0,axe_yy1_0,axe_out_channels1_2;17;[V f, U (2, f), ULambda y, T (32, c), Hoist_vars [c], T (3, h), T (17, x),  T (3, w), T (4, c), T (8, f),  Lambda_apply y [((Iter 3), (Arg 8)), ((Iter 4), (Arg 11))], T (4, x),  T (1, f), T (1, f)];359.41025471687317
84;Yolo9000_8;4.4710409;0.01769118493176757;2;axe_out_channels1_0,axe_out_channels1_1,axe_xx1_0,axe_yy1_0,axe_out_channels1_2;14;[V f, U (2, f), ULambda y, T (32, c), Hoist_vars [c], T (3, h), T (17, x),  T (3, w), T (4, c), T (4, f),  Lambda_apply y [((Iter 3), (Arg 8)), ((Iter 4), (Arg 11))], T (4, x),  T (1, f), T (2, f)];363.5318922996521
85;Yolo9000_8;4.4731036;0.00721511347381293;2;axe_yy1_0,axe_xx1_0,axe_out_channels1_0,axe_yy1_1;21;[V f, U (1, f), ULambda y, U (3, h), T (32, c), Hoist_vars [c], T (34, x),  T (3, w), T (4, c), T (1, y), T (16, f), T (2, x),  Lambda_apply y [((Iter 2), (Arg 9)), ((Iter 5), (Arg 10))]];367.6142899990082
86;Yolo9000_8;14.5529228;0.0484910431931506;1;axe_yy_0,axe_xx_0;3;[V f, U (1, f), ULambda y, U (3, h), T (32, c), Hoist_vars [c], T (34, x),  T (3, w), T (4, c),  Lambda_apply y [((Iter 2), (Arg 9)), ((Iter 5), (Arg 10))], T (16, f),  T (2, x), T (1, y)];371.92001581192017
87;Yolo9000_8;4.3206310000000006;0.027924416294705195;1;axe_out_channels_0,axe_out_channels_1,axe_xx_0,axe_yy_0,axe_out_channels_2;23;[V f, U (4, f), U (4, y), U (3, w), T (32, c), Hoist_vars [c], T (68, x),  T (3, h), T (4, c), T (2, f), T (17, y), T (1, x), T (1, f), T (2, f)];375.7120931148529
88;Yolo9000_8;4.1262301;0.004756191679274422;2;axe_yy1_0,axe_xx1_0,axe_out_channels1_0,axe_yy1_1;22;[V f, U (1, f), ULambda y, U (3, h), T (64, c), Hoist_vars [c], T (17, x),  T (3, w), T (2, c), T (1, y), T (16, f), T (4, x),  Lambda_apply y [((Iter 1), (Arg 12)), ((Iter 4), (Arg 14))]];379.7194085121155
89;Yolo9000_8;13.5317008;0.024953783295524404;1;axe_yy_0,axe_xx_0;3;[V f, U (1, f), ULambda y, U (3, h), T (32, c), Hoist_vars [c], T (34, x),  T (3, w), T (4, c),  Lambda_apply y [((Iter 1), (Arg 12)), ((Iter 4), (Arg 14))], T (16, f),  T (2, x), T (1, y)];384.0344796180725
90;Yolo9000_8;5.820364500000001;0.030068743014133523;2;axe_out_channels1_0,axe_out_channels1_1,axe_xx1_0,axe_yy1_0,axe_out_channels1_2;17;[V f, U (2, f), ULambda y, T (32, c), Hoist_vars [c], T (3, h), T (17, x),  T (3, w), T (4, c), T (1, f),  Lambda_apply y [((Iter 3), (Arg 8)), ((Iter 4), (Arg 11))], T (4, x),  T (8, f), T (1, f)];388.2072503566742
91;Yolo9000_8;5.9941857;0.07585151990046096;2;axe_out_channels1_0,axe_out_channels1_1,axe_xx1_0,axe_yy1_0,axe_out_channels1_2;12;[V f, U (2, f), ULambda y, T (32, c), Hoist_vars [c], T (3, h), T (17, x),  T (3, w), T (4, c), T (1, f),  Lambda_apply y [((Iter 1), (Arg 8)), ((Iter 5), (Arg 12))], T (4, x),  T (2, f), T (4, f)];392.31575107574463
92;Yolo9000_8;5.1205945999999996;0.04355640754975093;2;axe_out_channels1_0,axe_out_channels1_1,axe_xx1_0,axe_yy1_0,axe_out_channels1_2;15;[V f, U (2, f), ULambda y, T (32, c), Hoist_vars [c], T (3, h), T (17, x),  T (3, w), T (4, c), T (8, f),  Lambda_apply y [((Iter 1), (Arg 8)), ((Iter 4), (Arg 15))], T (4, x),  T (1, f), T (1, f)];396.364942073822
93;Yolo9000_8;5.6958208;0.030838014695502167;2;axe_out_channels1_0,axe_out_channels1_1,axe_xx1_0,axe_yy1_0,axe_out_channels1_2;19;[V f, U (2, f), ULambda y, T (32, c), Hoist_vars [c], T (3, h), T (17, x),  T (3, w), T (4, c), T (1, f),  Lambda_apply y [((Iter 5), (Arg 11)), ((Iter 1), (Arg 13))], T (4, x),  T (8, f), T (1, f)];400.44354796409607
94;Yolo9000_8;6.2263169000000005;0.03414175861741731;2;axe_out_channels1_0,axe_out_channels1_1,axe_xx1_0,axe_yy1_0,axe_out_channels1_2;12;[V f, U (2, f), ULambda y, T (16, c), Hoist_vars [c], T (3, h), T (34, x),  T (3, w), T (8, c), T (1, f),  Lambda_apply y [((Iter 3), (Arg 8)), ((Iter 4), (Arg 11))], T (2, x),  T (2, f), T (4, f)];404.7063624858856
95;Yolo9000_8;6.0079247;0.042359594405636185;2;axe_out_channels1_0,axe_out_channels1_1,axe_xx1_0,axe_yy1_0,axe_out_channels1_2;19;[V f, U (2, f), ULambda y, T (32, c), Hoist_vars [c], T (3, h), T (17, x),  T (3, w), T (4, c), T (1, f),  Lambda_apply y [((Iter 5), (Arg 8)), ((Iter 2), (Arg 14))], T (4, x),  T (1, f), T (8, f)];409.6393849849701
96;Yolo9000_8;5.8852364;0.04198443490914205;2;axe_out_channels1_0,axe_out_channels1_1,axe_xx1_0,axe_yy1_0,axe_out_channels1_2;17;[V f, U (2, f), ULambda y, T (32, c), Hoist_vars [c], T (3, h), T (17, x),  T (3, w), T (4, c), T (1, f),  Lambda_apply y [((Iter 3), (Arg 8)), ((Iter 4), (Arg 11))], T (4, x),  T (1, f), T (8, f)];413.8200578689575
97;Yolo9000_8;4.310474699999999;0.010851249587489873;2;axe_out_channels1_0,axe_out_channels1_1,axe_xx1_0,axe_yy1_0,axe_out_channels1_2;12;[V f, U (2, f), ULambda y, T (32, c), Hoist_vars [c], T (3, h), T (17, x),  T (3, w), T (4, c), T (4, f),  Lambda_apply y [((Iter 1), (Arg 8)), ((Iter 5), (Arg 12))], T (4, x),  T (1, f), T (2, f)];417.75924587249756
98;Yolo9000_8;5.7041866;0.03846961877949929;2;axe_out_channels1_0,axe_out_channels1_1,axe_xx1_0,axe_yy1_0,axe_out_channels1_2;19;[V f, U (2, f), ULambda y, T (32, c), Hoist_vars [c], T (3, h), T (17, x),  T (3, w), T (4, c), T (1, f),  Lambda_apply y [((Iter 5), (Arg 11)), ((Iter 1), (Arg 13))], T (4, x),  T (1, f), T (8, f)];421.8575084209442
99;Yolo9000_8;5.3944962;0.34548282014270965;2;axe_out_channels1_0,axe_out_channels1_1,axe_xx1_0,axe_yy1_0,axe_out_channels1_2;12;[V f, U (2, f), ULambda y, T (32, c), Hoist_vars [c], T (3, h), T (17, x),  T (3, w), T (4, c), T (4, f),  Lambda_apply y [((Iter 1), (Arg 8)), ((Iter 4), (Arg 15))], T (4, x),  T (1, f), T (2, f)];425.91160893440247
100;Yolo9000_8;4.7511187999999995;0.0772553482599101;2;axe_out_channels1_0,axe_out_channels1_1,axe_xx1_0,axe_yy1_0,axe_out_channels1_2;12;[V f, U (2, f), ULambda y, T (32, c), Hoist_vars [c], T (3, h), T (17, x),  T (3, w), T (4, c), T (2, f),  Lambda_apply y [((Iter 2), (Arg 9)), ((Iter 5), (Arg 10))], T (4, x),  T (2, f), T (2, f)];430.0046100616455
101;Yolo9000_8;5.928782099999999;0.04637282986070633;2;axe_out_channels1_0,axe_out_channels1_1,axe_xx1_0,axe_yy1_0,axe_out_channels1_2;13;[V f, U (2, f), ULambda y, T (32, c), Hoist_vars [c], T (3, h), T (17, x),  T (3, w), T (4, c), T (1, f),  Lambda_apply y [((Iter 2), (Arg 9)), ((Iter 5), (Arg 10))], T (4, x),  T (2, f), T (4, f)];434.1425642967224
102;Yolo9000_8;3.9530461000000003;0.05783866838102352;1;axe_out_channels_0,axe_out_channels_1,axe_xx_0,axe_yy_0,axe_out_channels_2;25;[V f, U (4, f), U (4, y), U (3, w), T (128, c), Hoist_vars [c], T (34, x),  T (3, h), T (1, c), T (1, f), T (17, y), T (2, x), T (4, f), T (1, f)];438.03854751586914
103;Yolo9000_8;4.2038316;0.06994990025039356;1;axe_out_channels_0,axe_out_channels_1,axe_xx_0,axe_yy_0,axe_out_channels_2;25;[V f, U (4, f), U (4, y), U (3, w), T (64, c), Hoist_vars [c], T (34, x),  T (3, h), T (2, c), T (1, f), T (17, y), T (2, x), T (4, f), T (1, f)];441.8687252998352
104;Yolo9000_8;4.2033554;0.009459722862748222;2;axe_yy1_0,axe_xx1_0,axe_out_channels1_0,axe_yy1_1;20;[V f, U (1, f), ULambda y, U (3, h), T (32, c), Hoist_vars [c], T (34, x),  T (3, w), T (4, c), T (1, y), T (16, f), T (2, x),  Lambda_apply y [((Iter 1), (Arg 12)), ((Iter 4), (Arg 14))]];445.90009808540344
105;Yolo9000_8;4.1623355;0.017059071910570094;1;axe_out_channels_0,axe_out_channels_1,axe_xx_0,axe_yy_0,axe_out_channels_2;23;[V f, U (4, f), U (4, y), U (3, w), T (32, c), Hoist_vars [c], T (68, x),  T (3, h), T (4, c), T (1, f), T (17, y), T (1, x), T (2, f), T (2, f)];449.71330738067627
106;Yolo9000_8;4.291461399999999;0.01667759746606212;2;axe_out_channels1_0,axe_out_channels1_1,axe_xx1_0,axe_yy1_0,axe_out_channels1_2;16;[V f, U (2, f), ULambda y, T (32, c), Hoist_vars [c], T (3, h), T (17, x),  T (3, w), T (4, c), T (4, f),  Lambda_apply y [((Iter 5), (Arg 11)), ((Iter 1), (Arg 13))], T (4, x),  T (1, f), T (2, f)];453.72615218162537
107;Yolo9000_8;4.8163035999999995;0.016359327120636605;2;axe_out_channels1_0,axe_out_channels1_1,axe_xx1_0,axe_yy1_0,axe_out_channels1_2;10;[V f, U (2, f), ULambda y, T (16, c), Hoist_vars [c], T (3, h), T (34, x),  T (3, w), T (8, c), T (2, f),  Lambda_apply y [((Iter 1), (Arg 8)), ((Iter 5), (Arg 12))], T (2, x),  T (1, f), T (4, f)];457.79945492744446
108;Yolo9000_8;5.5795929;0.03630080075824779;2;axe_out_channels1_0,axe_out_channels1_1,axe_xx1_0,axe_yy1_0,axe_out_channels1_2;13;[V f, U (2, f), ULambda y, U (3, h), T (32, c), Hoist_vars [c], T (17, x),  T (3, w), T (4, c), T (1, f),  Lambda_apply y [((Iter 2), (Arg 9)), ((Iter 5), (Arg 10))], T (4, x),  T (2, f), T (4, f)];461.94645166397095
109;Yolo9000_8;5.9755738;0.06637299263224439;2;axe_out_channels1_0,axe_out_channels1_1,axe_xx1_0,axe_yy1_0,axe_out_channels1_2;12;[V f, U (2, f), ULambda y, T (32, c), Hoist_vars [c], T (3, h), T (17, x),  T (3, w), T (4, c), T (1, f),  Lambda_apply y [((Iter 1), (Arg 8)), ((Iter 5), (Arg 12))], T (4, x),  T (4, f), T (2, f)];465.92380142211914
110;Yolo9000_8;4.4303354;0.018849754466305504;2;axe_out_channels1_0,axe_out_channels1_1,axe_xx1_0,axe_yy1_0,axe_out_channels1_2;12;[V f, U (2, f), ULambda y, T (32, c), Hoist_vars [c], T (3, h), T (17, x),  T (3, w), T (4, c), T (2, f),  Lambda_apply y [((Iter 1), (Arg 12)), ((Iter 4), (Arg 14))], T (4, x),  T (4, f), T (1, f)];469.95288610458374
111;Yolo9000_8;4.0617213;0.0034649055412810104;2;axe_out_channels1_0,axe_out_channels1_1,axe_xx1_0,axe_yy1_0,axe_out_channels1_2;13;[V f, U (2, f), ULambda y, U (3, h), T (32, c), Hoist_vars [c], T (17, x),  T (3, w), T (4, c), T (4, f),  Lambda_apply y [((Iter 2), (Arg 9)), ((Iter 5), (Arg 10))], T (4, x),  T (2, f), T (1, f)];474.0479984283447
112;Yolo9000_8;4.7214265;0.011721403979472817;2;axe_out_channels1_0,axe_out_channels1_1,axe_xx1_0,axe_yy1_0,axe_out_channels1_2;15;[V f, U (2, f), ULambda y, T (32, c), Hoist_vars [c], T (3, h), T (17, x),  T (3, w), T (4, c), T (2, f),  Lambda_apply y [((Iter 5), (Arg 8)), ((Iter 2), (Arg 14))], T (4, x),  T (2, f), T (2, f)];478.9459629058838
113;Yolo9000_8;14.298682499999998;0.039586204971555544;1;axe_yy_0,axe_xx_0;3;[V f, U (1, f), ULambda y, U (3, h), T (32, c), Hoist_vars [c], T (34, x),  T (3, w), T (4, c),  Lambda_apply y [((Iter 5), (Arg 11)), ((Iter 1), (Arg 13))], T (16, f),  T (2, x), T (1, y)];483.2793884277344
114;Yolo9000_8;5.1069707;0.31442944545511303;1;axe_out_channels_0,axe_out_channels_1,axe_xx_0,axe_yy_0,axe_out_channels_2;24;[V f, U (4, f), U (4, y), U (3, w), T (16, c), Hoist_vars [c], T (34, x),  T (3, h), T (8, c), T (1, f), T (17, y), T (2, x), T (2, f), T (2, f)];487.0559575557709
115;Yolo9000_8;4.2120939;0.011520068154746188;2;axe_out_channels1_0,axe_out_channels1_1,axe_xx1_0,axe_yy1_0,axe_out_channels1_2;16;[V f, U (2, f), ULambda y, T (32, c), Hoist_vars [c], T (3, h), T (17, x),  T (3, w), T (4, c), T (8, f),  Lambda_apply y [((Iter 2), (Arg 13)), ((Iter 3), (Arg 14))], T (4, x),  T (1, f), T (1, f)];491.90214467048645
116;Yolo9000_8;4.0040713000000006;0.006636958566240935;2;axe_out_channels1_0,axe_out_channels1_1,axe_xx1_0,axe_yy1_0,axe_out_channels1_2;16;[V f, U (2, f), ULambda y, U (3, h), T (32, c), Hoist_vars [c], T (17, x),  T (3, w), T (4, c), T (8, f),  Lambda_apply y [((Iter 2), (Arg 9)), ((Iter 5), (Arg 10))], T (4, x),  T (1, f), T (1, f)];495.98301219940186
117;Yolo9000_8;5.905128899999999;0.07803399766569699;2;axe_out_channels1_0,axe_out_channels1_1,axe_xx1_0,axe_yy1_0,axe_out_channels1_2;13;[V f, U (2, f), ULambda y, T (32, c), Hoist_vars [c], T (3, h), T (17, x),  T (3, w), T (4, c), T (1, f),  Lambda_apply y [((Iter 2), (Arg 9)), ((Iter 5), (Arg 10))], T (4, x),  T (4, f), T (2, f)];500.12181186676025
118;Yolo9000_8;5.229985000000001;0.030345944727426088;2;axe_out_channels1_0,axe_out_channels1_1,axe_xx1_0,axe_yy1_0,axe_out_channels1_2;12;[V f, U (2, f), ULambda y, T (16, c), Hoist_vars [c], T (3, h), T (17, x),  T (3, w), T (8, c), T (2, f),  Lambda_apply y [((Iter 1), (Arg 8)), ((Iter 5), (Arg 12))], T (4, x),  T (1, f), T (4, f)];504.1461691856384
119;Yolo9000_8;4.008115500000001;0.047829130601026136;1;axe_out_channels_0,axe_out_channels_1,axe_xx_0,axe_yy_0,axe_out_channels_2;24;[V f, U (4, f), U (4, y), U (3, w), T (128, c), Hoist_vars [c], T (34, x),  T (3, h), T (1, c), T (1, f), T (17, y), T (2, x), T (2, f), T (2, f)];507.9635682106018
120;Yolo9000_8;4.7359001;0.0202337326830717;2;axe_out_channels1_0,axe_out_channels1_1,axe_xx1_0,axe_yy1_0,axe_out_channels1_2;16;[V f, U (2, f), ULambda y, T (32, c), Hoist_vars [c], T (3, h), T (17, x),  T (3, w), T (4, c), T (2, f),  Lambda_apply y [((Iter 5), (Arg 8)), ((Iter 2), (Arg 14))], T (4, x),  T (4, f), T (1, f)];512.8243820667267
121;Yolo9000_8;5.9748547;0.04035492942392541;2;axe_out_channels1_0,axe_out_channels1_1,axe_xx1_0,axe_yy1_0,axe_out_channels1_2;16;[V f, U (2, f), ULambda y, T (32, c), Hoist_vars [c], T (3, h), T (17, x),  T (3, w), T (4, c), T (1, f),  Lambda_apply y [((Iter 5), (Arg 8)), ((Iter 2), (Arg 14))], T (4, x),  T (4, f), T (2, f)];517.7683246135712
122;Yolo9000_8;5.9442341;0.03020833333188068;2;axe_out_channels1_0,axe_out_channels1_1,axe_xx1_0,axe_yy1_0,axe_out_channels1_2;15;[V f, U (2, f), ULambda y, T (32, c), Hoist_vars [c], T (3, h), T (17, x),  T (3, w), T (4, c), T (1, f),  Lambda_apply y [((Iter 1), (Arg 8)), ((Iter 5), (Arg 12))], T (4, x),  T (8, f), T (1, f)];521.8419570922852
123;Yolo9000_8;5.8241312;0.02037128626179494;2;axe_out_channels1_0,axe_out_channels1_1,axe_xx1_0,axe_yy1_0,axe_out_channels1_2;15;[V f, U (2, f), ULambda y, T (32, c), Hoist_vars [c], T (3, h), T (17, x),  T (3, w), T (4, c), T (1, f),  Lambda_apply y [((Iter 1), (Arg 12)), ((Iter 4), (Arg 14))], T (4, x),  T (8, f), T (1, f)];525.9487082958221
124;Yolo9000_8;4.3391303;0.004418981399598881;2;axe_out_channels1_0,axe_out_channels1_1,axe_xx1_0,axe_yy1_0,axe_out_channels1_2;12;[V f, U (2, f), ULambda y, U (3, h), T (32, c), Hoist_vars [c], T (17, x),  T (3, w), T (4, c), T (2, f),  Lambda_apply y [((Iter 2), (Arg 9)), ((Iter 5), (Arg 10))], T (4, x),  T (2, f), T (2, f)];530.057187795639
125;Yolo9000_8;7.138908499999999;0.05276170074447927;2;axe_out_channels1_0,axe_out_channels1_1,axe_xx1_0,axe_yy1_0,axe_out_channels1_2;12;[V f, U (2, f), ULambda y, T (32, c), Hoist_vars [c], T (3, h), T (17, x),  T (3, w), T (4, c), T (1, f),  Lambda_apply y [((Iter 1), (Arg 8)), ((Iter 4), (Arg 15))], T (4, x),  T (4, f), T (2, f)];534.1149032115936
126;Yolo9000_8;4.5551298000000005;0.08028349726662382;1;axe_out_channels_0,axe_out_channels_1,axe_xx_0,axe_yy_0,axe_out_channels_2;25;[V f, U (4, f), U (4, y), U (3, w), T (32, c), Hoist_vars [c], T (34, x),  T (3, h), T (4, c), T (1, f), T (17, y), T (2, x), T (4, f), T (1, f)];537.9491374492645
127;Yolo9000_8;4.6418526;0.017286168390942106;2;axe_out_channels1_0,axe_out_channels1_1,axe_xx1_0,axe_yy1_0,axe_out_channels1_2;16;[V f, U (2, f), ULambda y, T (32, c), Hoist_vars [c], T (3, h), T (17, x),  T (3, w), T (4, c), T (2, f),  Lambda_apply y [((Iter 6), (Arg 9)), ((Iter 1), (Arg 14))], T (4, x),  T (2, f), T (2, f)];541.9935042858124
128;Yolo9000_8;5.212835499999999;0.008316986897308566;2;axe_out_channels1_0,axe_out_channels1_1,axe_xx1_0,axe_yy1_0,axe_out_channels1_2;11;[V f, U (2, f), ULambda y, T (16, c), Hoist_vars [c], T (3, h), T (17, x),  T (3, w), T (8, c), T (2, f),  Lambda_apply y [((Iter 1), (Arg 8)), ((Iter 5), (Arg 12))], T (4, x),  T (2, f), T (2, f)];546.0107016563416
129;Yolo9000_8;4.452340599999999;0.008230511432468819;2;axe_out_channels1_0,axe_out_channels1_1,axe_xx1_0,axe_yy1_0,axe_out_channels1_2;16;[V f, U (2, f), ULambda y, T (32, c), Hoist_vars [c], T (3, h), T (17, x),  T (3, w), T (4, c), T (4, f),  Lambda_apply y [((Iter 5), (Arg 8)), ((Iter 2), (Arg 14))], T (4, x),  T (1, f), T (2, f)];551.0151526927948
130;Yolo9000_8;4.4737226;0.010020647017034253;2;axe_out_channels1_0,axe_out_channels1_1,axe_xx1_0,axe_yy1_0,axe_out_channels1_2;17;[V f, U (2, f), ULambda y, T (32, c), Hoist_vars [c], T (3, h), T (17, x),  T (3, w), T (4, c), T (4, f),  Lambda_apply y [((Iter 6), (Arg 9)), ((Iter 1), (Arg 14))], T (4, x),  T (2, f), T (1, f)];555.0611486434937
131;Yolo9000_8;5.8295827000000005;0.04718521563805768;2;axe_out_channels1_0,axe_out_channels1_1,axe_xx1_0,axe_yy1_0,axe_out_channels1_2;15;[V f, U (2, f), ULambda y, T (32, c), Hoist_vars [c], T (3, h), T (17, x),  T (3, w), T (4, c), T (1, f),  Lambda_apply y [((Iter 1), (Arg 12)), ((Iter 4), (Arg 14))], T (4, x),  T (1, f), T (8, f)];559.175136089325
132;Yolo9000_8;4.5178145;0.006668738820046959;2;axe_yy1_0,axe_xx1_0,axe_out_channels1_0,axe_yy1_1;22;[V f, U (1, f), ULambda y, U (3, h), T (32, c), Hoist_vars [c], T (34, x),  T (3, w), T (4, c), T (2, y), T (16, f), T (2, x),  Lambda_apply y [((Iter 2), (Arg 10)), ((Iter 1), (Arg 14))]];564.0941870212555
133;Yolo9000_8;4.0731699;0.0047714074956975204;2;axe_out_channels1_0,axe_out_channels1_1,axe_xx1_0,axe_yy1_0,axe_out_channels1_2;13;[V f, U (2, f), ULambda y, U (3, h), T (32, c), Hoist_vars [c], T (17, x),  T (3, w), T (4, c), T (4, f),  Lambda_apply y [((Iter 2), (Arg 9)), ((Iter 5), (Arg 10))], T (4, x),  T (1, f), T (2, f)];568.247721195221
134;Yolo9000_8;4.1849523;0.011836623370286087;2;axe_out_channels1_0,axe_out_channels1_1,axe_xx1_0,axe_yy1_0,axe_out_channels1_2;13;[V f, U (2, f), ULambda y, T (32, c), Hoist_vars [c], T (3, h), T (17, x),  T (3, w), T (4, c), T (4, f),  Lambda_apply y [((Iter 2), (Arg 13)), ((Iter 3), (Arg 14))], T (4, x),  T (1, f), T (2, f)];573.1067414283752
135;Yolo9000_8;4.008453300000001;0.04074775989928776;1;axe_out_channels_0,axe_out_channels_1,axe_xx_0,axe_yy_0,axe_out_channels_2;25;[V f, U (4, f), U (4, y), U (3, w), T (128, c), Hoist_vars [c], T (34, x),  T (3, h), T (1, c), T (1, f), T (17, y), T (2, x), T (1, f), T (4, f)];576.9281222820282
136;Yolo9000_8;6.868629;0.01970822578518938;1;axe_yy_0,axe_xx_0;4;[V f, U (1, f), ULambda y, U (3, h), T (32, c), Hoist_vars [c], T (34, x),  T (3, w), T (4, c),  Lambda_apply y [((Iter 2), (Arg 11)), ((Iter 1), (Arg 12))], T (16, f),  T (2, x), T (2, y)];580.9350109100342
137;Yolo9000_8;4.9147888;0.016532630842065108;2;axe_out_channels1_0,axe_out_channels1_1,axe_xx1_0,axe_yy1_0,axe_out_channels1_2;14;[V f, U (2, f), ULambda y, T (16, c), Hoist_vars [c], T (3, h), T (17, x),  T (3, w), T (8, c), T (4, f),  Lambda_apply y [((Iter 3), (Arg 8)), ((Iter 4), (Arg 11))], T (4, x),  T (2, f), T (1, f)];585.0696470737457
138;Yolo9000_8;4.3603351;0.012804547258298342;2;axe_out_channels1_0,axe_out_channels1_1,axe_xx1_0,axe_yy1_0,axe_out_channels1_2;19;[V f, U (2, f), ULambda y, T (32, c), Hoist_vars [c], T (3, h), T (17, x),  T (3, w), T (4, c), T (8, f),  Lambda_apply y [((Iter 5), (Arg 11)), ((Iter 1), (Arg 13))], T (4, x),  T (1, f), T (1, f)];589.0800063610077
139;Yolo9000_8;4.2553218;0.02328750689447007;1;axe_out_channels_0,axe_out_channels_1,axe_xx_0,axe_yy_0,axe_out_channels_2;24;[V f, U (4, f), U (4, y), U (3, w), T (32, c), Hoist_vars [c], T (68, x),  T (3, h), T (4, c), T (1, f), T (17, y), T (1, x), T (4, f), T (1, f)];592.9087064266205
140;Yolo9000_8;4.864883600000001;0.009098007839082241;2;axe_out_channels1_0,axe_out_channels1_1,axe_xx1_0,axe_yy1_0,axe_out_channels1_2;9;[V f, U (2, f), ULambda y, T (16, c), Hoist_vars [c], T (3, h), T (34, x),  T (3, w), T (8, c), T (2, f),  Lambda_apply y [((Iter 1), (Arg 8)), ((Iter 5), (Arg 12))], T (2, x),  T (2, f), T (2, f)];596.9676854610443
141;Yolo9000_8;6.853575600000001;0.07719043067271995;2;axe_out_channels1_0,axe_out_channels1_1,axe_xx1_0,axe_yy1_0,axe_out_channels1_2;15;[V f, U (2, f), ULambda y, T (16, c), Hoist_vars [c], T (3, h), T (17, x),  T (3, w), T (8, c), T (1, f),  Lambda_apply y [((Iter 1), (Arg 8)), ((Iter 5), (Arg 12))], T (4, x),  T (8, f), T (1, f)];601.0658860206604
142;Yolo9000_8;4.6495384;0.13080482726963866;1;axe_out_channels_0,axe_out_channels_1,axe_xx_0,axe_yy_0,axe_out_channels_2;25;[V f, U (4, f), U (4, y), U (3, w), T (32, c), Hoist_vars [c], T (34, x),  T (3, h), T (4, c), T (1, f), T (17, y), T (2, x), T (1, f), T (4, f)];604.8842053413391
143;Yolo9000_8;4.6994406;0.03671366921243368;1;axe_out_channels_0,axe_out_channels_1,axe_xx_0,axe_yy_0,axe_out_channels_2;24;[V f, U (4, f), U (4, y), U (3, w), T (16, c), Hoist_vars [c], T (34, x),  T (3, h), T (8, c), T (2, f), T (17, y), T (2, x), T (1, f), T (2, f)];608.7232949733734
144;Yolo9000_8;3.8620674999999998;0.009557322870448652;1;axe_out_channels_0,axe_out_channels_1,axe_xx_0,axe_yy_0,axe_out_channels_2;23;[V f, U (4, f), U (4, y), U (3, w), T (128, c), Hoist_vars [c], T (68, x),  T (3, h), T (1, c), T (1, f), T (17, y), T (1, x), T (2, f), T (2, f)];612.5022490024567
145;Yolo9000_8;5.8515334;0.04284426850396652;2;axe_out_channels1_0,axe_out_channels1_1,axe_xx1_0,axe_yy1_0,axe_out_channels1_2;17;[V f, U (2, f), ULambda y, T (32, c), Hoist_vars [c], T (3, h), T (17, x),  T (3, w), T (4, c), T (1, f),  Lambda_apply y [((Iter 6), (Arg 9)), ((Iter 1), (Arg 14))], T (4, x),  T (2, f), T (4, f)];616.6048474311829
146;Yolo9000_8;3.8745014000000007;0.011520876088214895;1;axe_out_channels_0,axe_out_channels_1,axe_xx_0,axe_yy_0,axe_out_channels_2;24;[V f, U (4, f), U (4, y), U (3, w), T (128, c), Hoist_vars [c], T (68, x),  T (3, h), T (1, c), T (1, f), T (17, y), T (1, x), T (4, f), T (1, f)];620.3938343524933
147;Yolo9000_8;4.5151189;0.1142392660239465;2;axe_out_channels1_0,axe_out_channels1_1,axe_xx1_0,axe_yy1_0,axe_out_channels1_2;13;[V f, U (2, f), ULambda y, T (32, c), Hoist_vars [c], T (3, h), T (17, x),  T (3, w), T (4, c), T (2, f),  Lambda_apply y [((Iter 2), (Arg 13)), ((Iter 3), (Arg 14))], T (4, x),  T (4, f), T (1, f)];625.2626368999481
148;Yolo9000_8;3.8065414000000004;0.010965463913578867;1;axe_out_channels_0,axe_out_channels_1,axe_xx_0,axe_yy_0,axe_out_channels_2;24;[V f, U (4, f), U (4, y), U (3, w), T (128, c), Hoist_vars [c], T (68, x),  T (3, h), T (1, c), T (4, f), T (17, y), T (1, x), T (1, f), T (1, f)];629.055376291275
149;Yolo9000_8;3.8491405999999997;0.011622039702220931;1;axe_out_channels_0,axe_out_channels_1,axe_xx_0,axe_yy_0,axe_out_channels_2;24;[V f, U (4, f), U (4, y), U (3, w), T (128, c), Hoist_vars [c], T (34, x),  T (3, h), T (1, c), T (2, f), T (17, y), T (2, x), T (2, f), T (1, f)];632.8681631088257
150;Yolo9000_8;6.8242125;0.017839741815676727;1;axe_yy_0,axe_xx_0;4;[V f, U (1, f), ULambda y, U (3, h), T (32, c), Hoist_vars [c], T (34, x),  T (3, w), T (4, c),  Lambda_apply y [((Iter 1), (Arg 10)), ((Iter 2), (Arg 12))], T (16, f),  T (2, x), T (2, y)];636.8589527606964
151;Yolo9000_8;4.3765358999999995;0.011408728101326671;2;axe_out_channels1_0,axe_out_channels1_1,axe_xx1_0,axe_yy1_0,axe_out_channels1_2;12;[V f, U (2, f), ULambda y, T (32, c), Hoist_vars [c], T (3, h), T (17, x),  T (3, w), T (4, c), T (4, f),  Lambda_apply y [((Iter 1), (Arg 8)), ((Iter 5), (Arg 12))], T (4, x),  T (2, f), T (1, f)];640.8385710716248
152;Yolo9000_8;6.4778592;0.011035037306688152;1;axe_yy_0,axe_xx_0;5;[V f, U (1, f), ULambda y, U (3, h), T (64, c), Hoist_vars [c], T (17, x),  T (3, w), T (2, c),  Lambda_apply y [((Iter 2), (Arg 13)), ((Iter 3), (Arg 14))], T (16, f),  T (4, x), T (1, y)];644.8894386291504
153;Yolo9000_8;6.834483700000002;0.02043803086429798;1;axe_yy_0,axe_xx_0;5;[V f, U (1, f), ULambda y, U (3, h), T (32, c), Hoist_vars [c], T (17, x),  T (3, w), T (4, c),  Lambda_apply y [((Iter 1), (Arg 12)), ((Iter 4), (Arg 14))], T (16, f),  T (4, x), T (1, y)];648.925546169281
154;Yolo9000_8;4.635229799999999;0.019596282003482332;1;axe_out_channels_0,axe_out_channels_1,axe_xx_0,axe_yy_0,axe_out_channels_2;25;[V f, U (4, f), U (4, y), U (3, w), T (16, c), Hoist_vars [c], T (34, x),  T (3, h), T (8, c), T (4, f), T (17, y), T (2, x), T (1, f), T (1, f)];652.7580635547638
155;Yolo9000_8;4.5849085;0.014123242965055691;2;axe_out_channels1_0,axe_out_channels1_1,axe_xx1_0,axe_yy1_0,axe_out_channels1_2;15;[V f, U (2, f), ULambda y, T (32, c), Hoist_vars [c], T (3, h), T (17, x),  T (3, w), T (4, c), T (2, f),  Lambda_apply y [((Iter 5), (Arg 11)), ((Iter 1), (Arg 13))], T (4, x),  T (2, f), T (2, f)];656.7896745204926
156;Yolo9000_8;4.8303358;0.011158602168730688;2;axe_out_channels1_0,axe_out_channels1_1,axe_xx1_0,axe_yy1_0,axe_out_channels1_2;12;[V f, U (2, f), ULambda y, T (16, c), Hoist_vars [c], T (3, h), T (17, x),  T (3, w), T (8, c), T (4, f),  Lambda_apply y [((Iter 1), (Arg 8)), ((Iter 5), (Arg 12))], T (4, x),  T (1, f), T (2, f)];660.7924971580505
157;Yolo9000_8;4.5663076;0.046705828052182194;2;axe_out_channels1_0,axe_out_channels1_1,axe_xx1_0,axe_yy1_0,axe_out_channels1_2;16;[V f, U (2, f), ULambda y, T (32, c), Hoist_vars [c], T (3, h), T (17, x),  T (3, w), T (4, c), T (2, f),  Lambda_apply y [((Iter 5), (Arg 11)), ((Iter 1), (Arg 13))], T (4, x),  T (1, f), T (4, f)];664.8461575508118
158;Yolo9000_8;4.924180099999999;0.009009735228629117;2;axe_out_channels1_0,axe_out_channels1_1,axe_xx1_0,axe_yy1_0,axe_out_channels1_2;10;[V f, U (2, f), ULambda y, T (16, c), Hoist_vars [c], T (3, h), T (34, x),  T (3, w), T (8, c), T (4, f),  Lambda_apply y [((Iter 1), (Arg 8)), ((Iter 5), (Arg 12))], T (2, x),  T (2, f), T (1, f)];668.9520378112793
159;Yolo9000_8;5.1336409000000005;0.012142503057030567;2;axe_out_channels1_0,axe_out_channels1_1,axe_xx1_0,axe_yy1_0,axe_out_channels1_2;12;[V f, U (2, f), ULambda y, T (32, c), Hoist_vars [c], T (3, h), T (17, x),  T (3, w), T (4, c), T (4, f),  Lambda_apply y [((Iter 1), (Arg 8)), ((Iter 4), (Arg 15))], T (4, x),  T (2, f), T (1, f)];673.0044448375702
160;Yolo9000_8;4.8498292;0.006989936091267106;2;axe_out_channels1_0,axe_out_channels1_1,axe_xx1_0,axe_yy1_0,axe_out_channels1_2;10;[V f, U (2, f), ULambda y, T (16, c), Hoist_vars [c], T (3, h), T (34, x),  T (3, w), T (8, c), T (2, f),  Lambda_apply y [((Iter 1), (Arg 8)), ((Iter 5), (Arg 12))], T (2, x),  T (4, f), T (1, f)];677.0885953903198
161;Yolo9000_8;5.8085197;0.04148939771327135;2;axe_out_channels1_0,axe_out_channels1_1,axe_xx1_0,axe_yy1_0,axe_out_channels1_2;14;[V f, U (2, f), ULambda y, T (32, c), Hoist_vars [c], T (3, h), T (17, x),  T (3, w), T (4, c), T (1, f),  Lambda_apply y [((Iter 3), (Arg 8)), ((Iter 4), (Arg 11))], T (4, x),  T (4, f), T (2, f)];681.2625062465668
162;Yolo9000_8;4.230898699999999;0.0735069730420863;1;axe_out_channels_0,axe_out_channels_1,axe_xx_0,axe_yy_0,axe_out_channels_2;25;[V f, U (4, f), U (4, y), U (3, w), T (64, c), Hoist_vars [c], T (34, x),  T (3, h), T (2, c), T (1, f), T (17, y), T (2, x), T (1, f), T (4, f)];685.0857682228088
163;Yolo9000_8;6.865329200000001;0.04235835664612137;2;axe_out_channels1_0,axe_out_channels1_1,axe_xx1_0,axe_yy1_0,axe_out_channels1_2;15;[V f, U (2, f), ULambda y, T (16, c), Hoist_vars [c], T (3, h), T (17, x),  T (3, w), T (8, c), T (1, f),  Lambda_apply y [((Iter 1), (Arg 8)), ((Iter 5), (Arg 12))], T (4, x),  T (1, f), T (8, f)];689.19171833992
164;Yolo9000_8;7.2121837;0.07711196960530824;2;axe_out_channels1_0,axe_out_channels1_1,axe_xx1_0,axe_yy1_0,axe_out_channels1_2;15;[V f, U (2, f), ULambda y, T (32, c), Hoist_vars [c], T (3, h), T (17, x),  T (3, w), T (4, c), T (1, f),  Lambda_apply y [((Iter 1), (Arg 8)), ((Iter 4), (Arg 15))], T (4, x),  T (8, f), T (1, f)];693.3260309696198
165;Yolo9000_8;4.5735261000000005;0.1783809951213694;2;axe_out_channels1_0,axe_out_channels1_1,axe_xx1_0,axe_yy1_0,axe_out_channels1_2;13;[V f, U (2, f), ULambda y, T (32, c), Hoist_vars [c], T (3, h), T (17, x),  T (3, w), T (4, c), T (2, f),  Lambda_apply y [((Iter 2), (Arg 13)), ((Iter 3), (Arg 14))], T (4, x),  T (1, f), T (4, f)];698.1955435276031
166;Yolo9000_8;5.7809420000000005;0.05136703486867813;2;axe_out_channels1_0,axe_out_channels1_1,axe_xx1_0,axe_yy1_0,axe_out_channels1_2;16;[V f, U (2, f), ULambda y, T (32, c), Hoist_vars [c], T (3, h), T (17, x),  T (3, w), T (4, c), T (1, f),  Lambda_apply y [((Iter 5), (Arg 11)), ((Iter 1), (Arg 13))], T (4, x),  T (2, f), T (4, f)];702.2742471694946
167;Yolo9000_8;4.6695020000000005;0.07770223255222453;2;axe_out_channels1_0,axe_out_channels1_1,axe_xx1_0,axe_yy1_0,axe_out_channels1_2;14;[V f, U (2, f), ULambda y, T (32, c), Hoist_vars [c], T (3, h), T (17, x),  T (3, w), T (4, c), T (2, f),  Lambda_apply y [((Iter 3), (Arg 8)), ((Iter 4), (Arg 11))], T (4, x),  T (4, f), T (1, f)];706.4248061180115
168;Yolo9000_8;4.1967317;0.012037874522107516;1;axe_out_channels_0,axe_out_channels_1,axe_xx_0,axe_yy_0,axe_out_channels_2;23;[V f, U (4, f), U (4, y), U (3, w), T (32, c), Hoist_vars [c], T (68, x),  T (3, h), T (4, c), T (2, f), T (17, y), T (1, x), T (2, f), T (1, f)];710.2159218788147
169;Yolo9000_8;5.995892899999999;0.02714084145508381;2;axe_out_channels1_0,axe_out_channels1_1,axe_xx1_0,axe_yy1_0,axe_out_channels1_2;13;[V f, U (2, f), ULambda y, T (16, c), Hoist_vars [c], T (3, h), T (34, x),  T (3, w), T (8, c), T (1, f),  Lambda_apply y [((Iter 1), (Arg 8)), ((Iter 5), (Arg 12))], T (2, x),  T (1, f), T (8, f)];714.3232417106628
170;Yolo9000_8;5.2617978;0.024367929468052923;2;axe_out_channels1_0,axe_out_channels1_1,axe_xx1_0,axe_yy1_0,axe_out_channels1_2;14;[V f, U (2, f), ULambda y, T (16, c), Hoist_vars [c], T (3, h), T (17, x),  T (3, w), T (8, c), T (2, f),  Lambda_apply y [((Iter 3), (Arg 8)), ((Iter 4), (Arg 11))], T (4, x),  T (1, f), T (4, f)];718.5150651931763
171;Yolo9000_8;13.574951000000002;0.14165470522506451;1;axe_yy_0,axe_xx_0;3;[V f, U (1, f), ULambda y, U (3, h), T (32, c), Hoist_vars [c], T (34, x),  T (3, w), T (4, c),  Lambda_apply y [((Iter 2), (Arg 13)), ((Iter 3), (Arg 14))], T (16, f),  T (2, x), T (1, y)];722.836366891861
172;Yolo9000_8;5.5817687000000005;0.03134390022970989;2;axe_out_channels1_0,axe_out_channels1_1,axe_xx1_0,axe_yy1_0,axe_out_channels1_2;12;[V f, U (2, f), ULambda y, T (32, c), Hoist_vars [c], T (3, h), T (17, x),  T (3, w), T (4, c), T (2, f),  Lambda_apply y [((Iter 1), (Arg 8)), ((Iter 4), (Arg 15))], T (4, x),  T (1, f), T (4, f)];726.9134163856506
173;Yolo9000_8;4.8149662;0.005948153172204004;2;axe_out_channels1_0,axe_out_channels1_1,axe_xx1_0,axe_yy1_0,axe_out_channels1_2;12;[V f, U (2, f), ULambda y, T (16, c), Hoist_vars [c], T (3, h), T (34, x),  T (3, w), T (8, c), T (4, f),  Lambda_apply y [((Iter 3), (Arg 8)), ((Iter 4), (Arg 11))], T (2, x),  T (2, f), T (1, f)];731.1251375675201
174;Yolo9000_8;4.909204700000001;0.00779923771980308;2;axe_out_channels1_0,axe_out_channels1_1,axe_xx1_0,axe_yy1_0,axe_out_channels1_2;10;[V f, U (2, f), ULambda y, T (16, c), Hoist_vars [c], T (3, h), T (34, x),  T (3, w), T (8, c), T (4, f),  Lambda_apply y [((Iter 1), (Arg 8)), ((Iter 5), (Arg 12))], T (2, x),  T (1, f), T (2, f)];735.1895415782928
175;Yolo9000_8;5.8270773;0.01606522822775944;2;axe_out_channels1_0,axe_out_channels1_1,axe_xx1_0,axe_yy1_0,axe_out_channels1_2;17;[V f, U (2, f), ULambda y, T (32, c), Hoist_vars [c], T (3, h), T (17, x),  T (3, w), T (4, c), T (1, f),  Lambda_apply y [((Iter 6), (Arg 9)), ((Iter 1), (Arg 14))], T (4, x),  T (4, f), T (2, f)];739.3282487392426
176;Yolo9000_8;4.836192;0.011040801791536678;2;axe_out_channels1_0,axe_out_channels1_1,axe_xx1_0,axe_yy1_0,axe_out_channels1_2;17;[V f, U (2, f), ULambda y, T (16, c), Hoist_vars [c], T (3, h), T (17, x),  T (3, w), T (8, c), T (8, f),  Lambda_apply y [((Iter 3), (Arg 8)), ((Iter 4), (Arg 11))], T (4, x),  T (1, f), T (1, f)];743.5007178783417
177;Yolo9000_8;6.8216251;0.018247221845804393;1;axe_yy_0,axe_xx_0;4;[V f, U (1, f), ULambda y, U (3, h), T (32, c), Hoist_vars [c], T (34, x),  T (3, w), T (4, c),  Lambda_apply y [((Iter 2), (Arg 10)), ((Iter 1), (Arg 14))], T (16, f),  T (2, x), T (2, y)];747.528413772583
178;Yolo9000_8;4.368331899999999;0.00953569387564437;2;axe_out_channels1_0,axe_out_channels1_1,axe_xx1_0,axe_yy1_0,axe_out_channels1_2;15;[V f, U (2, f), ULambda y, T (32, c), Hoist_vars [c], T (3, h), T (17, x),  T (3, w), T (4, c), T (8, f),  Lambda_apply y [((Iter 1), (Arg 8)), ((Iter 5), (Arg 12))], T (4, x),  T (1, f), T (1, f)];751.5182871818542
179;Yolo9000_8;4.551552500000001;0.008582080578158506;2;axe_out_channels1_0,axe_out_channels1_1,axe_xx1_0,axe_yy1_0,axe_out_channels1_2;16;[V f, U (2, f), ULambda y, T (32, c), Hoist_vars [c], T (3, h), T (17, x),  T (3, w), T (4, c), T (2, f),  Lambda_apply y [((Iter 5), (Arg 11)), ((Iter 1), (Arg 13))], T (4, x),  T (4, f), T (1, f)];755.550945520401
180;Yolo9000_8;4.9654432;0.023857490231790755;2;axe_out_channels1_0,axe_out_channels1_1,axe_xx1_0,axe_yy1_0,axe_out_channels1_2;12;[V f, U (2, f), ULambda y, T (16, c), Hoist_vars [c], T (3, h), T (34, x),  T (3, w), T (8, c), T (2, f),  Lambda_apply y [((Iter 3), (Arg 8)), ((Iter 4), (Arg 11))], T (2, x),  T (1, f), T (4, f)];759.7422888278961
181;Yolo9000_8;6.895061200000001;0.018982545023257573;1;axe_yy_0,axe_xx_0;5;[V f, U (1, f), ULambda y, U (3, h), T (32, c), Hoist_vars [c], T (17, x),  T (3, w), T (4, c),  Lambda_apply y [((Iter 2), (Arg 13)), ((Iter 3), (Arg 14))], T (16, f),  T (4, x), T (1, y)];763.7634584903717
182;Yolo9000_8;5.1668463000000004;0.2132098963880666;1;axe_out_channels_0,axe_out_channels_1,axe_xx_0,axe_yy_0,axe_out_channels_2;25;[V f, U (4, f), U (4, y), U (3, w), T (16, c), Hoist_vars [c], T (34, x),  T (3, h), T (8, c), T (1, f), T (17, y), T (2, x), T (1, f), T (4, f)];767.6223945617676
183;Yolo9000_8;4.2684505;0.014233905080827228;2;axe_out_channels1_0,axe_out_channels1_1,axe_xx1_0,axe_yy1_0,axe_out_channels1_2;12;[V f, U (2, f), ULambda y, T (32, c), Hoist_vars [c], T (3, h), T (17, x),  T (3, w), T (4, c), T (4, f),  Lambda_apply y [((Iter 1), (Arg 12)), ((Iter 4), (Arg 14))], T (4, x),  T (1, f), T (2, f)];771.5252945423126
184;Yolo9000_8;4.501525599999999;0.01635878531065179;2;axe_yy1_0,axe_xx1_0,axe_out_channels1_0,axe_yy1_1;21;[V f, U (1, f), ULambda y, U (3, h), T (32, c), Hoist_vars [c], T (34, x),  T (3, w), T (4, c), T (2, y), T (16, f), T (2, x),  Lambda_apply y [((Iter 1), (Arg 10)), ((Iter 2), (Arg 12))]];775.6552450656891
185;Yolo9000_8;3.9862579999999994;0.012522075083627526;1;axe_out_channels_0,axe_out_channels_1,axe_xx_0,axe_yy_0,axe_out_channels_2;24;[V f, U (4, f), U (4, y), U (3, w), T (64, c), Hoist_vars [c], T (68, x),  T (3, h), T (2, c), T (4, f), T (17, y), T (1, x), T (1, f), T (1, f)];779.4419667720795
186;Yolo9000_8;5.5880225;0.046961138538689606;2;axe_out_channels1_0,axe_out_channels1_1,axe_xx1_0,axe_yy1_0,axe_out_channels1_2;16;[V f, U (2, f), ULambda y, U (3, h), T (32, c), Hoist_vars [c], T (17, x),  T (3, w), T (4, c), T (1, f),  Lambda_apply y [((Iter 2), (Arg 9)), ((Iter 5), (Arg 10))], T (4, x),  T (1, f), T (8, f)];783.5948269367218
187;Yolo9000_8;6.8590155;0.028354109198668157;2;axe_out_channels1_0,axe_out_channels1_1,axe_xx1_0,axe_yy1_0,axe_out_channels1_2;12;[V f, U (2, f), ULambda y, T (16, c), Hoist_vars [c], T (3, h), T (17, x),  T (3, w), T (8, c), T (1, f),  Lambda_apply y [((Iter 1), (Arg 8)), ((Iter 5), (Arg 12))], T (4, x),  T (2, f), T (4, f)];787.7347564697266
188;Yolo9000_8;4.454286;0.019287927820271406;2;axe_out_channels1_0,axe_out_channels1_1,axe_xx1_0,axe_yy1_0,axe_out_channels1_2;13;[V f, U (2, f), ULambda y, T (32, c), Hoist_vars [c], T (3, h), T (17, x),  T (3, w), T (4, c), T (4, f),  Lambda_apply y [((Iter 2), (Arg 9)), ((Iter 5), (Arg 10))], T (4, x),  T (2, f), T (1, f)];791.7972681522369
189;Yolo9000_8;4.6243311;0.009252415170645888;2;axe_out_channels1_0,axe_out_channels1_1,axe_xx1_0,axe_yy1_0,axe_out_channels1_2;12;[V f, U (2, f), ULambda y, T (32, c), Hoist_vars [c], T (3, h), T (17, x),  T (3, w), T (4, c), T (2, f),  Lambda_apply y [((Iter 1), (Arg 8)), ((Iter 5), (Arg 12))], T (4, x),  T (4, f), T (1, f)];795.8485884666443
190;Yolo9000_8;4.4390064;0.007900061141535622;2;axe_out_channels1_0,axe_out_channels1_1,axe_xx1_0,axe_yy1_0,axe_out_channels1_2;12;[V f, U (2, f), ULambda y, T (32, c), Hoist_vars [c], T (3, h), T (17, x),  T (3, w), T (4, c), T (2, f),  Lambda_apply y [((Iter 2), (Arg 13)), ((Iter 3), (Arg 14))], T (4, x),  T (2, f), T (2, f)];800.7187614440918
191;Yolo9000_8;4.4620751;0.024015106285211713;2;axe_out_channels1_0,axe_out_channels1_1,axe_xx1_0,axe_yy1_0,axe_out_channels1_2;16;[V f, U (2, f), ULambda y, T (32, c), Hoist_vars [c], T (3, h), T (17, x),  T (3, w), T (4, c), T (4, f),  Lambda_apply y [((Iter 5), (Arg 8)), ((Iter 2), (Arg 14))], T (4, x),  T (2, f), T (1, f)];805.6156301498413
192;Yolo9000_8;7.1916004000000004;0.054085557359058366;2;axe_out_channels1_0,axe_out_channels1_1,axe_xx1_0,axe_yy1_0,axe_out_channels1_2;15;[V f, U (2, f), ULambda y, T (32, c), Hoist_vars [c], T (3, h), T (17, x),  T (3, w), T (4, c), T (1, f),  Lambda_apply y [((Iter 1), (Arg 8)), ((Iter 4), (Arg 15))], T (4, x),  T (1, f), T (8, f)];809.8303017616272
193;Yolo9000_8;4.2080432000000005;0.07111202128726167;1;axe_out_channels_0,axe_out_channels_1,axe_xx_0,axe_yy_0,axe_out_channels_2;24;[V f, U (4, f), U (4, y), U (3, w), T (64, c), Hoist_vars [c], T (34, x),  T (3, h), T (2, c), T (1, f), T (17, y), T (2, x), T (2, f), T (2, f)];813.631628036499
194;Yolo9000_8;4.3452946;0.010760724670764724;2;axe_out_channels1_0,axe_out_channels1_1,axe_xx1_0,axe_yy1_0,axe_out_channels1_2;13;[V f, U (2, f), ULambda y, U (3, h), T (32, c), Hoist_vars [c], T (17, x),  T (3, w), T (4, c), T (2, f),  Lambda_apply y [((Iter 2), (Arg 9)), ((Iter 5), (Arg 10))], T (4, x),  T (4, f), T (1, f)];817.7257316112518
195;Yolo9000_8;6.033532;0.05837730600841388;2;axe_out_channels1_0,axe_out_channels1_1,axe_xx1_0,axe_yy1_0,axe_out_channels1_2;16;[V f, U (2, f), ULambda y, T (32, c), Hoist_vars [c], T (3, h), T (17, x),  T (3, w), T (4, c), T (1, f),  Lambda_apply y [((Iter 5), (Arg 8)), ((Iter 2), (Arg 14))], T (4, x),  T (2, f), T (4, f)];822.6455700397491
196;Yolo9000_8;3.8195337;0.00971011100914905;1;axe_out_channels_0,axe_out_channels_1,axe_xx_0,axe_yy_0,axe_out_channels_2;25;[V f, U (4, f), U (4, y), U (3, w), T (128, c), Hoist_vars [c], T (34, x),  T (3, h), T (1, c), T (4, f), T (17, y), T (2, x), T (1, f), T (1, f)];826.4447603225708
197;Yolo9000_8;5.7977939;0.06097110228042447;2;axe_out_channels1_0,axe_out_channels1_1,axe_xx1_0,axe_yy1_0,axe_out_channels1_2;12;[V f, U (2, f), ULambda y, T (32, c), Hoist_vars [c], T (3, h), T (17, x),  T (3, w), T (4, c), T (1, f),  Lambda_apply y [((Iter 1), (Arg 12)), ((Iter 4), (Arg 14))], T (4, x),  T (2, f), T (4, f)];830.5390827655792
198;Yolo9000_8;6.0069676;0.030769189807988064;2;axe_out_channels1_0,axe_out_channels1_1,axe_xx1_0,axe_yy1_0,axe_out_channels1_2;13;[V f, U (2, f), ULambda y, T (16, c), Hoist_vars [c], T (3, h), T (34, x),  T (3, w), T (8, c), T (1, f),  Lambda_apply y [((Iter 1), (Arg 8)), ((Iter 5), (Arg 12))], T (2, x),  T (8, f), T (1, f)];834.6396272182465
199;Yolo9000_8;4.7121886;0.015322324805329047;2;axe_out_channels1_0,axe_out_channels1_1,axe_xx1_0,axe_yy1_0,axe_out_channels1_2;15;[V f, U (2, f), ULambda y, T (16, c), Hoist_vars [c], T (3, h), T (17, x),  T (3, w), T (8, c), T (8, f),  Lambda_apply y [((Iter 1), (Arg 8)), ((Iter 5), (Arg 12))], T (4, x),  T (1, f), T (1, f)];838.628267288208
