IdRun;NameConv;Time(ms);std;NbMicroKernel;AxeFuse;SizeAxeFuse;Schema;Time_search(6.925868988037109)
0;Yolo9000_8;1.518621;0.006298354150093443;2;axe_out_channels1_0,axe_out_channels1_1,axe_xx1_0,axe_yy1_0,axe_out_channels1_2;16;[V f, U (2, f), ULambda y, T (32, c), Hoist_vars [c], T (3, h), T (17, x),  T (3, w), T (4, c), T (2, f),  Lambda_apply y [((Iter 5), (Arg 11)), ((Iter 1), (Arg 13))], T (4, x),  T (4, f), T (1, f)];10.904006958007812
1;Yolo9000_8;1.4755992;0.00705503191771663;2;axe_out_channels1_0,axe_out_channels1_1,axe_xx1_0,axe_yy1_0,axe_out_channels1_2;16;[V f, U (2, f), ULambda y, T (32, c), Hoist_vars [c], T (3, h), T (17, x),  T (3, w), T (4, c), T (4, f),  Lambda_apply y [((Iter 5), (Arg 8)), ((Iter 2), (Arg 14))], T (4, x),  T (1, f), T (2, f)];15.78866457939148
2;Yolo9000_8;1.5990505000000002;0.009394365069018716;2;axe_out_channels1_0,axe_out_channels1_1,axe_xx1_0,axe_yy1_0,axe_out_channels1_2;14;[V f, U (2, f), ULambda y, T (16, c), Hoist_vars [c], T (3, h), T (17, x),  T (3, w), T (8, c), T (4, f),  Lambda_apply y [((Iter 3), (Arg 8)), ((Iter 4), (Arg 11))], T (4, x),  T (2, f), T (1, f)];19.89679503440857
3;Yolo9000_8;1.5608781999999999;0.008599677817220864;2;axe_out_channels1_0,axe_out_channels1_1,axe_xx1_0,axe_yy1_0,axe_out_channels1_2;12;[V f, U (2, f), ULambda y, T (32, c), Hoist_vars [c], T (3, h), T (17, x),  T (3, w), T (4, c), T (4, f),  Lambda_apply y [((Iter 1), (Arg 12)), ((Iter 4), (Arg 14))], T (4, x),  T (2, f), T (1, f)];23.829796314239502
4;Yolo9000_8;1.6829047;0.024606575978993957;2;axe_out_channels1_0,axe_out_channels1_1,axe_xx1_0,axe_yy1_0,axe_out_channels1_2;14;[V f, U (2, f), ULambda y, T (32, c), Hoist_vars [c], T (3, h), T (17, x),  T (3, w), T (4, c), T (1, f),  Lambda_apply y [((Iter 3), (Arg 8)), ((Iter 4), (Arg 11))], T (4, x),  T (4, f), T (2, f)];27.7836754322052
5;Yolo9000_8;1.7350534;0.011235998720185093;2;axe_out_channels1_0,axe_out_channels1_1,axe_xx1_0,axe_yy1_0,axe_out_channels1_2;12;[V f, U (2, f), ULambda y, T (16, c), Hoist_vars [c], T (3, h), T (17, x),  T (3, w), T (8, c), T (1, f),  Lambda_apply y [((Iter 1), (Arg 8)), ((Iter 5), (Arg 12))], T (4, x),  T (2, f), T (4, f)];31.727375745773315
6;Yolo9000_8;1.3037478;0.0020883226187541327;2;axe_out_channels1_0,axe_out_channels1_1,axe_xx1_0,axe_yy1_0,axe_out_channels1_2;13;[V f, U (2, f), ULambda y, U (3, h), T (32, c), Hoist_vars [c], T (17, x),  T (3, w), T (4, c), T (2, f),  Lambda_apply y [((Iter 2), (Arg 9)), ((Iter 5), (Arg 10))], T (4, x),  T (4, f), T (1, f)];35.7756781578064
7;Yolo9000_8;1.6056809;0.005154314744949124;2;axe_out_channels1_0,axe_out_channels1_1,axe_xx1_0,axe_yy1_0,axe_out_channels1_2;19;[V f, U (2, f), ULambda y, T (32, c), Hoist_vars [c], T (3, h), T (17, x),  T (3, w), T (4, c), T (1, f),  Lambda_apply y [((Iter 5), (Arg 11)), ((Iter 1), (Arg 13))], T (4, x),  T (8, f), T (1, f)];39.73931121826172
8;Yolo9000_8;1.6170679;0.011202326066045354;2;axe_out_channels1_0,axe_out_channels1_1,axe_xx1_0,axe_yy1_0,axe_out_channels1_2;17;[V f, U (2, f), ULambda y, T (32, c), Hoist_vars [c], T (3, h), T (17, x),  T (3, w), T (4, c), T (4, f),  Lambda_apply y [((Iter 6), (Arg 9)), ((Iter 1), (Arg 14))], T (4, x),  T (2, f), T (1, f)];43.72039723396301
9;Yolo9000_8;1.3452984000000001;0.009771053128501555;1;axe_out_channels_0,axe_out_channels_1,axe_xx_0,axe_yy_0,axe_out_channels_2;24;[V f, U (4, f), U (4, y), U (3, w), T (64, c), Hoist_vars [c], T (34, x),  T (3, h), T (2, c), T (1, f), T (17, y), T (2, x), T (2, f), T (2, f)];47.521626234054565
10;Yolo9000_8;1.9451303999999996;0.015384332473006425;2;axe_out_channels1_0,axe_out_channels1_1,axe_xx1_0,axe_yy1_0,axe_out_channels1_2;12;[V f, U (2, f), ULambda y, T (16, c), Hoist_vars [c], T (3, h), T (34, x),  T (3, w), T (8, c), T (4, f),  Lambda_apply y [((Iter 3), (Arg 8)), ((Iter 4), (Arg 11))], T (2, x),  T (1, f), T (2, f)];51.651278257369995
11;Yolo9000_8;1.5768;0.008471147844300642;2;axe_out_channels1_0,axe_out_channels1_1,axe_xx1_0,axe_yy1_0,axe_out_channels1_2;16;[V f, U (2, f), ULambda y, T (32, c), Hoist_vars [c], T (3, h), T (17, x),  T (3, w), T (4, c), T (4, f),  Lambda_apply y [((Iter 5), (Arg 11)), ((Iter 1), (Arg 13))], T (4, x),  T (2, f), T (1, f)];55.61557626724243
12;Yolo9000_8;1.4917937000000001;0.01626665577216161;1;axe_out_channels_0,axe_out_channels_1,axe_xx_0,axe_yy_0,axe_out_channels_2;25;[V f, U (4, f), U (4, y), U (3, w), T (32, c), Hoist_vars [c], T (34, x),  T (3, h), T (4, c), T (1, f), T (17, y), T (2, x), T (1, f), T (4, f)];59.44099020957947
13;Yolo9000_8;1.7948422000000002;0.04688724577067841;2;axe_out_channels1_0,axe_out_channels1_1,axe_xx1_0,axe_yy1_0,axe_out_channels1_2;12;[V f, U (2, f), ULambda y, T (32, c), Hoist_vars [c], T (3, h), T (17, x),  T (3, w), T (4, c), T (4, f),  Lambda_apply y [((Iter 1), (Arg 8)), ((Iter 4), (Arg 15))], T (4, x),  T (1, f), T (2, f)];63.40352416038513
14;Yolo9000_8;1.6616453;0.008588646122061354;2;axe_out_channels1_0,axe_out_channels1_1,axe_xx1_0,axe_yy1_0,axe_out_channels1_2;12;[V f, U (2, f), ULambda y, T (16, c), Hoist_vars [c], T (3, h), T (34, x),  T (3, w), T (8, c), T (2, f),  Lambda_apply y [((Iter 3), (Arg 8)), ((Iter 4), (Arg 11))], T (2, x),  T (4, f), T (1, f)];67.49833250045776
15;Yolo9000_8;1.5711163999999997;0.019473475304629135;2;axe_out_channels1_0,axe_out_channels1_1,axe_xx1_0,axe_yy1_0,axe_out_channels1_2;12;[V f, U (2, f), ULambda y, T (32, c), Hoist_vars [c], T (3, h), T (17, x),  T (3, w), T (4, c), T (2, f),  Lambda_apply y [((Iter 1), (Arg 8)), ((Iter 5), (Arg 12))], T (4, x),  T (1, f), T (4, f)];71.43787574768066
16;Yolo9000_8;2.0589395999999995;0.008268995165072887;2;axe_out_channels1_0,axe_out_channels1_1,axe_xx1_0,axe_yy1_0,axe_out_channels1_2;9;[V f, U (2, f), ULambda y, T (16, c), Hoist_vars [c], T (3, h), T (34, x),  T (3, w), T (8, c), T (2, f),  Lambda_apply y [((Iter 1), (Arg 8)), ((Iter 5), (Arg 12))], T (2, x),  T (2, f), T (2, f)];75.4398558139801
17;Yolo9000_8;1.4784007000000001;0.01087138374863106;1;axe_out_channels_0,axe_out_channels_1,axe_xx_0,axe_yy_0,axe_out_channels_2;25;[V f, U (4, f), U (4, y), U (3, w), T (32, c), Hoist_vars [c], T (34, x),  T (3, h), T (4, c), T (1, f), T (17, y), T (2, x), T (4, f), T (1, f)];79.28908658027649
18;Yolo9000_8;1.5611284;0.018342676795931396;2;axe_out_channels1_0,axe_out_channels1_1,axe_xx1_0,axe_yy1_0,axe_out_channels1_2;12;[V f, U (2, f), ULambda y, T (32, c), Hoist_vars [c], T (3, h), T (17, x),  T (3, w), T (4, c), T (4, f),  Lambda_apply y [((Iter 1), (Arg 12)), ((Iter 4), (Arg 14))], T (4, x),  T (1, f), T (2, f)];83.2759575843811
19;Yolo9000_8;1.6282546;0.03427561583458424;1;axe_out_channels_0,axe_out_channels_1,axe_xx_0,axe_yy_0,axe_out_channels_2;24;[V f, U (4, f), U (4, y), U (3, w), T (64, c), Hoist_vars [c], T (68, x),  T (3, h), T (2, c), T (1, f), T (17, y), T (1, x), T (1, f), T (4, f)];87.09720873832703
20;Yolo9000_8;1.5950279;0.004949230110835456;2;axe_out_channels1_0,axe_out_channels1_1,axe_xx1_0,axe_yy1_0,axe_out_channels1_2;19;[V f, U (2, f), ULambda y, T (32, c), Hoist_vars [c], T (3, h), T (17, x),  T (3, w), T (4, c), T (8, f),  Lambda_apply y [((Iter 5), (Arg 11)), ((Iter 1), (Arg 13))], T (4, x),  T (1, f), T (1, f)];91.0865592956543
21;Yolo9000_8;1.5951140000000001;0.011262795807436091;2;axe_yy1_0,axe_xx1_0,axe_out_channels1_0,axe_yy1_1;22;[V f, U (1, f), ULambda y, U (3, h), T (32, c), Hoist_vars [c], T (34, x),  T (3, w), T (4, c), T (2, y), T (16, f), T (2, x),  Lambda_apply y [((Iter 2), (Arg 10)), ((Iter 1), (Arg 14))]];95.9271514415741
22;Yolo9000_8;1.6039929000000002;0.009213308737364673;2;axe_out_channels1_0,axe_out_channels1_1,axe_xx1_0,axe_yy1_0,axe_out_channels1_2;14;[V f, U (2, f), ULambda y, T (16, c), Hoist_vars [c], T (3, h), T (17, x),  T (3, w), T (8, c), T (4, f),  Lambda_apply y [((Iter 3), (Arg 8)), ((Iter 4), (Arg 11))], T (4, x),  T (1, f), T (2, f)];99.99907612800598
23;Yolo9000_8;1.5899728;0.013811692762293814;2;axe_out_channels1_0,axe_out_channels1_1,axe_xx1_0,axe_yy1_0,axe_out_channels1_2;15;[V f, U (2, f), ULambda y, T (32, c), Hoist_vars [c], T (3, h), T (17, x),  T (3, w), T (4, c), T (8, f),  Lambda_apply y [((Iter 1), (Arg 8)), ((Iter 5), (Arg 12))], T (4, x),  T (1, f), T (1, f)];103.90026259422302
24;Yolo9000_8;1.6570166999999998;0.005702605493105715;2;axe_out_channels1_0,axe_out_channels1_1,axe_xx1_0,axe_yy1_0,axe_out_channels1_2;14;[V f, U (2, f), ULambda y, T (32, c), Hoist_vars [c], T (3, h), T (17, x),  T (3, w), T (4, c), T (1, f),  Lambda_apply y [((Iter 3), (Arg 8)), ((Iter 4), (Arg 11))], T (4, x),  T (2, f), T (4, f)];107.96626114845276
25;Yolo9000_8;1.5667994;0.005475303264660307;2;axe_out_channels1_0,axe_out_channels1_1,axe_xx1_0,axe_yy1_0,axe_out_channels1_2;12;[V f, U (2, f), ULambda y, T (32, c), Hoist_vars [c], T (3, h), T (17, x),  T (3, w), T (4, c), T (1, f),  Lambda_apply y [((Iter 1), (Arg 8)), ((Iter 5), (Arg 12))], T (4, x),  T (4, f), T (2, f)];111.89600944519043
26;Yolo9000_8;1.6453184999999997;0.008007645562211127;2;axe_out_channels1_0,axe_out_channels1_1,axe_xx1_0,axe_yy1_0,axe_out_channels1_2;16;[V f, U (2, f), ULambda y, T (32, c), Hoist_vars [c], T (3, h), T (17, x),  T (3, w), T (4, c), T (1, f),  Lambda_apply y [((Iter 2), (Arg 9)), ((Iter 5), (Arg 10))], T (4, x),  T (1, f), T (8, f)];115.91387486457825
27;Yolo9000_8;1.8219338999999999;0.011921006051923588;2;axe_out_channels1_0,axe_out_channels1_1,axe_xx1_0,axe_yy1_0,axe_out_channels1_2;14;[V f, U (2, f), ULambda y, T (16, c), Hoist_vars [c], T (3, h), T (17, x),  T (3, w), T (8, c), T (1, f),  Lambda_apply y [((Iter 3), (Arg 8)), ((Iter 4), (Arg 11))], T (4, x),  T (2, f), T (4, f)];119.9664535522461
28;Yolo9000_8;1.8340634999999998;0.010062795528579535;2;axe_out_channels1_0,axe_out_channels1_1,axe_xx1_0,axe_yy1_0,axe_out_channels1_2;12;[V f, U (2, f), ULambda y, T (32, c), Hoist_vars [c], T (3, h), T (17, x),  T (3, w), T (4, c), T (2, f),  Lambda_apply y [((Iter 1), (Arg 8)), ((Iter 4), (Arg 15))], T (4, x),  T (1, f), T (4, f)];123.93262982368469
29;Yolo9000_8;2.0805892;0.02951929176589436;2;axe_out_channels1_0,axe_out_channels1_1,axe_xx1_0,axe_yy1_0,axe_out_channels1_2;10;[V f, U (2, f), ULambda y, T (16, c), Hoist_vars [c], T (3, h), T (34, x),  T (3, w), T (8, c), T (4, f),  Lambda_apply y [((Iter 1), (Arg 8)), ((Iter 5), (Arg 12))], T (2, x),  T (1, f), T (2, f)];127.9357922077179
30;Yolo9000_8;1.5428511;0.018291831676734788;2;axe_out_channels1_0,axe_out_channels1_1,axe_xx1_0,axe_yy1_0,axe_out_channels1_2;16;[V f, U (2, f), ULambda y, T (32, c), Hoist_vars [c], T (3, h), T (17, x),  T (3, w), T (4, c), T (8, f),  Lambda_apply y [((Iter 2), (Arg 9)), ((Iter 5), (Arg 10))], T (4, x),  T (1, f), T (1, f)];131.95320582389832
31;Yolo9000_8;2.0278048;0.005752158374036687;2;axe_out_channels1_0,axe_out_channels1_1,axe_xx1_0,axe_yy1_0,axe_out_channels1_2;15;[V f, U (2, f), ULambda y, T (32, c), Hoist_vars [c], T (3, h), T (17, x),  T (3, w), T (4, c), T (1, f),  Lambda_apply y [((Iter 1), (Arg 8)), ((Iter 4), (Arg 15))], T (4, x),  T (8, f), T (1, f)];135.87031149864197
32;Yolo9000_8;7.5937681;0.013607135741588032;1;axe_yy_0,axe_xx_0;5;[V f, U (1, f), ULambda y, U (3, h), T (32, c), Hoist_vars [c], T (17, x),  T (3, w), T (4, c),  Lambda_apply y [((Iter 2), (Arg 13)), ((Iter 3), (Arg 14))], T (16, f),  T (4, x), T (1, y)];139.88242626190186
33;Yolo9000_8;1.5362094;0.06221625283830585;2;axe_out_channels1_0,axe_out_channels1_1,axe_xx1_0,axe_yy1_0,axe_out_channels1_2;16;[V f, U (2, f), ULambda y, T (32, c), Hoist_vars [c], T (3, h), T (17, x),  T (3, w), T (4, c), T (8, f),  Lambda_apply y [((Iter 2), (Arg 13)), ((Iter 3), (Arg 14))], T (4, x),  T (1, f), T (1, f)];144.6138093471527
34;Yolo9000_8;1.4193594;0.005526577751194662;2;axe_yy1_0,axe_xx1_0,axe_out_channels1_0,axe_yy1_1;20;[V f, U (1, f), ULambda y, U (3, h), T (32, c), Hoist_vars [c], T (34, x),  T (3, w), T (4, c), T (1, y), T (16, f), T (2, x),  Lambda_apply y [((Iter 1), (Arg 12)), ((Iter 4), (Arg 14))]];148.53450179100037
35;Yolo9000_8;16.1171566;0.04335124791790967;1;axe_yy_0,axe_xx_0;3;[V f, U (1, f), ULambda y, U (3, h), T (32, c), Hoist_vars [c], T (34, x),  T (3, w), T (4, c),  Lambda_apply y [((Iter 2), (Arg 9)), ((Iter 5), (Arg 10))], T (16, f),  T (2, x), T (1, y)];153.00506615638733
36;Yolo9000_8;1.6629270000000003;0.005319279443684109;2;axe_out_channels1_0,axe_out_channels1_1,axe_xx1_0,axe_yy1_0,axe_out_channels1_2;17;[V f, U (2, f), ULambda y, T (32, c), Hoist_vars [c], T (3, h), T (17, x),  T (3, w), T (4, c), T (1, f),  Lambda_apply y [((Iter 3), (Arg 8)), ((Iter 4), (Arg 11))], T (4, x),  T (8, f), T (1, f)];157.09190106391907
37;Yolo9000_8;1.9145267000000001;0.012442515533846076;2;axe_out_channels1_0,axe_out_channels1_1,axe_xx1_0,axe_yy1_0,axe_out_channels1_2;13;[V f, U (2, f), ULambda y, T (16, c), Hoist_vars [c], T (3, h), T (34, x),  T (3, w), T (8, c), T (1, f),  Lambda_apply y [((Iter 1), (Arg 8)), ((Iter 5), (Arg 12))], T (2, x),  T (1, f), T (8, f)];161.09898900985718
38;Yolo9000_8;1.8949531;0.01456972008962426;2;axe_out_channels1_0,axe_out_channels1_1,axe_xx1_0,axe_yy1_0,axe_out_channels1_2;10;[V f, U (2, f), ULambda y, T (16, c), Hoist_vars [c], T (3, h), T (34, x),  T (3, w), T (8, c), T (1, f),  Lambda_apply y [((Iter 1), (Arg 8)), ((Iter 5), (Arg 12))], T (2, x),  T (4, f), T (2, f)];165.09153246879578
39;Yolo9000_8;1.6218990999999998;0.02815511250359335;1;axe_out_channels_0,axe_out_channels_1,axe_xx_0,axe_yy_0,axe_out_channels_2;23;[V f, U (4, f), U (4, y), U (3, w), T (128, c), Hoist_vars [c], T (68, x),  T (3, h), T (1, c), T (1, f), T (17, y), T (1, x), T (2, f), T (2, f)];168.84835505485535
40;Yolo9000_8;1.5912421;0.03736445097535896;2;axe_out_channels1_0,axe_out_channels1_1,axe_xx1_0,axe_yy1_0,axe_out_channels1_2;12;[V f, U (2, f), ULambda y, T (32, c), Hoist_vars [c], T (3, h), T (17, x),  T (3, w), T (4, c), T (4, f),  Lambda_apply y [((Iter 1), (Arg 8)), ((Iter 5), (Arg 12))], T (4, x),  T (2, f), T (1, f)];172.77262330055237
41;Yolo9000_8;2.0147232;0.006297695321306019;2;axe_out_channels1_0,axe_out_channels1_1,axe_xx1_0,axe_yy1_0,axe_out_channels1_2;15;[V f, U (2, f), ULambda y, T (16, c), Hoist_vars [c], T (3, h), T (34, x),  T (3, w), T (8, c), T (1, f),  Lambda_apply y [((Iter 3), (Arg 8)), ((Iter 4), (Arg 11))], T (2, x),  T (1, f), T (8, f)];176.93257999420166
42;Yolo9000_8;1.5722652;0.005272918220492315;2;axe_out_channels1_0,axe_out_channels1_1,axe_xx1_0,axe_yy1_0,axe_out_channels1_2;12;[V f, U (2, f), ULambda y, T (32, c), Hoist_vars [c], T (3, h), T (17, x),  T (3, w), T (4, c), T (2, f),  Lambda_apply y [((Iter 1), (Arg 12)), ((Iter 4), (Arg 14))], T (4, x),  T (1, f), T (4, f)];180.87514090538025
43;Yolo9000_8;1.5660259;0.006535117465661972;2;axe_out_channels1_0,axe_out_channels1_1,axe_xx1_0,axe_yy1_0,axe_out_channels1_2;13;[V f, U (2, f), ULambda y, T (32, c), Hoist_vars [c], T (3, h), T (17, x),  T (3, w), T (4, c), T (1, f),  Lambda_apply y [((Iter 2), (Arg 13)), ((Iter 3), (Arg 14))], T (4, x),  T (4, f), T (2, f)];185.69725918769836
44;Yolo9000_8;7.529725600000001;0.026207896410051734;1;axe_yy_0,axe_xx_0;4;[V f, U (1, f), ULambda y, U (3, h), T (32, c), Hoist_vars [c], T (34, x),  T (3, w), T (4, c),  Lambda_apply y [((Iter 1), (Arg 10)), ((Iter 2), (Arg 12))], T (16, f),  T (2, x), T (2, y)];189.75649118423462
45;Yolo9000_8;1.5766699;0.012008278215048119;2;axe_out_channels1_0,axe_out_channels1_1,axe_xx1_0,axe_yy1_0,axe_out_channels1_2;16;[V f, U (2, f), ULambda y, T (32, c), Hoist_vars [c], T (3, h), T (17, x),  T (3, w), T (4, c), T (4, f),  Lambda_apply y [((Iter 5), (Arg 11)), ((Iter 1), (Arg 13))], T (4, x),  T (1, f), T (2, f)];193.71812391281128
46;Yolo9000_8;1.5789219;0.005643653416892262;2;axe_out_channels1_0,axe_out_channels1_1,axe_xx1_0,axe_yy1_0,axe_out_channels1_2;12;[V f, U (2, f), ULambda y, T (32, c), Hoist_vars [c], T (3, h), T (17, x),  T (3, w), T (4, c), T (1, f),  Lambda_apply y [((Iter 1), (Arg 8)), ((Iter 5), (Arg 12))], T (4, x),  T (2, f), T (4, f)];197.65853023529053
47;Yolo9000_8;1.8774992000000001;0.008164604103078059;2;axe_out_channels1_0,axe_out_channels1_1,axe_xx1_0,axe_yy1_0,axe_out_channels1_2;10;[V f, U (2, f), ULambda y, T (16, c), Hoist_vars [c], T (3, h), T (34, x),  T (3, w), T (8, c), T (1, f),  Lambda_apply y [((Iter 1), (Arg 8)), ((Iter 5), (Arg 12))], T (2, x),  T (2, f), T (4, f)];201.6494905948639
48;Yolo9000_8;1.4127636999999997;0.004580277416270781;2;axe_yy1_0,axe_xx1_0,axe_out_channels1_0,axe_yy1_1;24;[V f, U (1, f), ULambda y, U (3, h), T (32, c), Hoist_vars [c], T (34, x),  T (3, w), T (4, c), T (1, y), T (16, f), T (2, x),  Lambda_apply y [((Iter 5), (Arg 11)), ((Iter 1), (Arg 13))]];205.64261198043823
49;Yolo9000_8;1.8433581000000003;0.012168494643545719;2;axe_out_channels1_0,axe_out_channels1_1,axe_xx1_0,axe_yy1_0,axe_out_channels1_2;12;[V f, U (2, f), ULambda y, T (32, c), Hoist_vars [c], T (3, h), T (17, x),  T (3, w), T (4, c), T (2, f),  Lambda_apply y [((Iter 1), (Arg 8)), ((Iter 4), (Arg 15))], T (4, x),  T (4, f), T (1, f)];209.68817710876465
50;Yolo9000_8;1.8798980999999997;0.005172940584425818;2;axe_out_channels1_0,axe_out_channels1_1,axe_xx1_0,axe_yy1_0,axe_out_channels1_2;13;[V f, U (2, f), ULambda y, T (16, c), Hoist_vars [c], T (3, h), T (34, x),  T (3, w), T (8, c), T (1, f),  Lambda_apply y [((Iter 1), (Arg 8)), ((Iter 5), (Arg 12))], T (2, x),  T (8, f), T (1, f)];213.68895483016968
51;Yolo9000_8;1.4123672;0.0038913647940021804;2;axe_out_channels1_0,axe_out_channels1_1,axe_xx1_0,axe_yy1_0,axe_out_channels1_2;13;[V f, U (2, f), ULambda y, U (3, h), T (32, c), Hoist_vars [c], T (17, x),  T (3, w), T (4, c), T (4, f),  Lambda_apply y [((Iter 2), (Arg 9)), ((Iter 5), (Arg 10))], T (4, x),  T (2, f), T (1, f)];217.72125816345215
52;Yolo9000_8;1.7406967000000002;0.01184343724642472;2;axe_out_channels1_0,axe_out_channels1_1,axe_xx1_0,axe_yy1_0,axe_out_channels1_2;15;[V f, U (2, f), ULambda y, T (16, c), Hoist_vars [c], T (3, h), T (17, x),  T (3, w), T (8, c), T (1, f),  Lambda_apply y [((Iter 1), (Arg 8)), ((Iter 5), (Arg 12))], T (4, x),  T (1, f), T (8, f)];221.65576839447021
53;Yolo9000_8;1.2997116;0.0051796536795426975;1;axe_out_channels_0,axe_out_channels_1,axe_xx_0,axe_yy_0,axe_out_channels_2;25;[V f, U (4, f), U (4, y), U (3, w), T (128, c), Hoist_vars [c], T (34, x),  T (3, h), T (1, c), T (4, f), T (17, y), T (2, x), T (1, f), T (1, f)];225.3837206363678
54;Yolo9000_8;1.6401257;0.006783446160322858;2;axe_out_channels1_0,axe_out_channels1_1,axe_xx1_0,axe_yy1_0,axe_out_channels1_2;17;[V f, U (2, f), ULambda y, T (32, c), Hoist_vars [c], T (3, h), T (17, x),  T (3, w), T (4, c), T (1, f),  Lambda_apply y [((Iter 6), (Arg 9)), ((Iter 1), (Arg 14))], T (4, x),  T (4, f), T (2, f)];229.41287231445312
55;Yolo9000_8;1.3312158;0.007002621406302064;2;axe_out_channels1_0,axe_out_channels1_1,axe_xx1_0,axe_yy1_0,axe_out_channels1_2;12;[V f, U (2, f), ULambda y, T (32, c), Hoist_vars [c], T (3, h), T (17, x),  T (3, w), T (4, c), T (2, f),  Lambda_apply y [((Iter 2), (Arg 13)), ((Iter 3), (Arg 14))], T (4, x),  T (2, f), T (2, f)];234.19199132919312
56;Yolo9000_8;1.3803219999999998;0.01022449369895642;2;axe_out_channels1_0,axe_out_channels1_1,axe_xx1_0,axe_yy1_0,axe_out_channels1_2;14;[V f, U (2, f), ULambda y, T (32, c), Hoist_vars [c], T (3, h), T (17, x),  T (3, w), T (4, c), T (2, f),  Lambda_apply y [((Iter 3), (Arg 8)), ((Iter 4), (Arg 11))], T (4, x),  T (4, f), T (1, f)];238.24586153030396
57;Yolo9000_8;1.6342787;0.04083779736237005;1;axe_out_channels_0,axe_out_channels_1,axe_xx_0,axe_yy_0,axe_out_channels_2;24;[V f, U (4, f), U (4, y), U (3, w), T (64, c), Hoist_vars [c], T (68, x),  T (3, h), T (2, c), T (1, f), T (17, y), T (1, x), T (4, f), T (1, f)];242.01488399505615
58;Yolo9000_8;1.7101402;0.016917231308934667;2;axe_out_channels1_0,axe_out_channels1_1,axe_xx1_0,axe_yy1_0,axe_out_channels1_2;12;[V f, U (2, f), ULambda y, T (16, c), Hoist_vars [c], T (3, h), T (17, x),  T (3, w), T (8, c), T (4, f),  Lambda_apply y [((Iter 1), (Arg 8)), ((Iter 5), (Arg 12))], T (4, x),  T (2, f), T (1, f)];245.9679296016693
59;Yolo9000_8;1.4088351000000001;0.026947421392222275;2;axe_out_channels1_0,axe_out_channels1_1,axe_xx1_0,axe_yy1_0,axe_out_channels1_2;13;[V f, U (2, f), ULambda y, T (32, c), Hoist_vars [c], T (3, h), T (17, x),  T (3, w), T (4, c), T (2, f),  Lambda_apply y [((Iter 2), (Arg 9)), ((Iter 5), (Arg 10))], T (4, x),  T (4, f), T (1, f)];249.95990753173828
60;Yolo9000_8;1.5787206999999999;0.019093350842898132;2;axe_out_channels1_0,axe_out_channels1_1,axe_xx1_0,axe_yy1_0,axe_out_channels1_2;19;[V f, U (2, f), ULambda y, T (32, c), Hoist_vars [c], T (3, h), T (17, x),  T (3, w), T (4, c), T (1, f),  Lambda_apply y [((Iter 5), (Arg 8)), ((Iter 2), (Arg 14))], T (4, x),  T (1, f), T (8, f)];254.7233486175537
61;Yolo9000_8;1.3840353999999997;0.007124934570927662;2;axe_out_channels1_0,axe_out_channels1_1,axe_xx1_0,axe_yy1_0,axe_out_channels1_2;16;[V f, U (2, f), ULambda y, T (32, c), Hoist_vars [c], T (3, h), T (17, x),  T (3, w), T (4, c), T (2, f),  Lambda_apply y [((Iter 5), (Arg 8)), ((Iter 2), (Arg 14))], T (4, x),  T (4, f), T (1, f)];259.5032711029053
62;Yolo9000_8;1.3501664;0.004276275790919015;1;axe_out_channels_0,axe_out_channels_1,axe_xx_0,axe_yy_0,axe_out_channels_2;25;[V f, U (4, f), U (4, y), U (3, w), T (64, c), Hoist_vars [c], T (34, x),  T (3, h), T (2, c), T (1, f), T (17, y), T (2, x), T (1, f), T (4, f)];263.23962330818176
63;Yolo9000_8;1.6228539000000002;0.020881542344616227;1;axe_out_channels_0,axe_out_channels_1,axe_xx_0,axe_yy_0,axe_out_channels_2;25;[V f, U (4, f), U (4, y), U (3, w), T (16, c), Hoist_vars [c], T (34, x),  T (3, h), T (8, c), T (1, f), T (17, y), T (2, x), T (4, f), T (1, f)];266.96026134490967
64;Yolo9000_8;1.5073220999999999;0.046174183664576054;2;axe_out_channels1_0,axe_out_channels1_1,axe_xx1_0,axe_yy1_0,axe_out_channels1_2;13;[V f, U (2, f), ULambda y, T (32, c), Hoist_vars [c], T (3, h), T (17, x),  T (3, w), T (4, c), T (4, f),  Lambda_apply y [((Iter 2), (Arg 13)), ((Iter 3), (Arg 14))], T (4, x),  T (2, f), T (1, f)];271.71892404556274
65;Yolo9000_8;1.6432356;0.01001867461493785;2;axe_out_channels1_0,axe_out_channels1_1,axe_xx1_0,axe_yy1_0,axe_out_channels1_2;17;[V f, U (2, f), ULambda y, T (32, c), Hoist_vars [c], T (3, h), T (17, x),  T (3, w), T (4, c), T (2, f),  Lambda_apply y [((Iter 6), (Arg 9)), ((Iter 1), (Arg 14))], T (4, x),  T (4, f), T (1, f)];275.6028039455414
66;Yolo9000_8;1.6373558;0.004251848840210568;2;axe_out_channels1_0,axe_out_channels1_1,axe_xx1_0,axe_yy1_0,axe_out_channels1_2;20;[V f, U (2, f), ULambda y, T (32, c), Hoist_vars [c], T (3, h), T (17, x),  T (3, w), T (4, c), T (1, f),  Lambda_apply y [((Iter 6), (Arg 9)), ((Iter 1), (Arg 14))], T (4, x),  T (1, f), T (8, f)];279.60933351516724
67;Yolo9000_8;1.5646096;0.005222675199550574;2;axe_out_channels1_0,axe_out_channels1_1,axe_xx1_0,axe_yy1_0,axe_out_channels1_2;16;[V f, U (2, f), ULambda y, T (32, c), Hoist_vars [c], T (3, h), T (17, x),  T (3, w), T (4, c), T (1, f),  Lambda_apply y [((Iter 2), (Arg 13)), ((Iter 3), (Arg 14))], T (4, x),  T (8, f), T (1, f)];284.42085123062134
68;Yolo9000_8;1.7062998;0.012102426341853946;2;axe_out_channels1_0,axe_out_channels1_1,axe_xx1_0,axe_yy1_0,axe_out_channels1_2;12;[V f, U (2, f), ULambda y, T (16, c), Hoist_vars [c], T (3, h), T (17, x),  T (3, w), T (8, c), T (4, f),  Lambda_apply y [((Iter 1), (Arg 8)), ((Iter 5), (Arg 12))], T (4, x),  T (1, f), T (2, f)];288.35348320007324
69;Yolo9000_8;1.7264064000000001;0.007171954087973536;2;axe_out_channels1_0,axe_out_channels1_1,axe_xx1_0,axe_yy1_0,axe_out_channels1_2;12;[V f, U (2, f), ULambda y, T (16, c), Hoist_vars [c], T (3, h), T (17, x),  T (3, w), T (8, c), T (1, f),  Lambda_apply y [((Iter 1), (Arg 8)), ((Iter 5), (Arg 12))], T (4, x),  T (4, f), T (2, f)];292.28613805770874
70;Yolo9000_8;1.7276619;0.010321305716332656;2;axe_out_channels1_0,axe_out_channels1_1,axe_xx1_0,axe_yy1_0,axe_out_channels1_2;15;[V f, U (2, f), ULambda y, T (16, c), Hoist_vars [c], T (3, h), T (17, x),  T (3, w), T (8, c), T (8, f),  Lambda_apply y [((Iter 1), (Arg 8)), ((Iter 5), (Arg 12))], T (4, x),  T (1, f), T (1, f)];296.26205110549927
71;Yolo9000_8;1.3421244;0.008891529656926333;1;axe_out_channels_0,axe_out_channels_1,axe_xx_0,axe_yy_0,axe_out_channels_2;24;[V f, U (4, f), U (4, y), U (3, w), T (64, c), Hoist_vars [c], T (34, x),  T (3, h), T (2, c), T (2, f), T (17, y), T (2, x), T (2, f), T (1, f)];299.9775650501251
72;Yolo9000_8;2.0163747;0.007414716637201925;2;axe_out_channels1_0,axe_out_channels1_1,axe_xx1_0,axe_yy1_0,axe_out_channels1_2;15;[V f, U (2, f), ULambda y, T (32, c), Hoist_vars [c], T (3, h), T (17, x),  T (3, w), T (4, c), T (1, f),  Lambda_apply y [((Iter 1), (Arg 8)), ((Iter 4), (Arg 15))], T (4, x),  T (1, f), T (8, f)];303.9200294017792
73;Yolo9000_8;1.5962383000000002;0.008117661412623748;2;axe_yy1_0,axe_xx1_0,axe_out_channels1_0,axe_yy1_1;22;[V f, U (1, f), ULambda y, U (3, h), T (32, c), Hoist_vars [c], T (34, x),  T (3, w), T (4, c), T (2, y), T (16, f), T (2, x),  Lambda_apply y [((Iter 2), (Arg 11)), ((Iter 1), (Arg 12))]];308.7387099266052
74;Yolo9000_8;7.5538724;0.013473010459433126;1;axe_yy_0,axe_xx_0;5;[V f, U (1, f), ULambda y, U (3, h), T (32, c), Hoist_vars [c], T (17, x),  T (3, w), T (4, c),  Lambda_apply y [((Iter 1), (Arg 12)), ((Iter 4), (Arg 14))], T (16, f),  T (4, x), T (1, y)];312.8180248737335
75;Yolo9000_8;1.6384866000000002;0.009881659204809672;2;axe_out_channels1_0,axe_out_channels1_1,axe_xx1_0,axe_yy1_0,axe_out_channels1_2;13;[V f, U (2, f), ULambda y, T (32, c), Hoist_vars [c], T (3, h), T (17, x),  T (3, w), T (4, c), T (1, f),  Lambda_apply y [((Iter 2), (Arg 9)), ((Iter 5), (Arg 10))], T (4, x),  T (2, f), T (4, f)];316.8113605976105
76;Yolo9000_8;1.5684996;0.005747861223098599;2;axe_out_channels1_0,axe_out_channels1_1,axe_xx1_0,axe_yy1_0,axe_out_channels1_2;19;[V f, U (2, f), ULambda y, T (32, c), Hoist_vars [c], T (3, h), T (17, x),  T (3, w), T (4, c), T (1, f),  Lambda_apply y [((Iter 5), (Arg 8)), ((Iter 2), (Arg 14))], T (4, x),  T (8, f), T (1, f)];321.55952167510986
77;Yolo9000_8;1.6402073000000001;0.008401302352016625;2;axe_out_channels1_0,axe_out_channels1_1,axe_xx1_0,axe_yy1_0,axe_out_channels1_2;16;[V f, U (2, f), ULambda y, T (32, c), Hoist_vars [c], T (3, h), T (17, x),  T (3, w), T (4, c), T (1, f),  Lambda_apply y [((Iter 2), (Arg 9)), ((Iter 5), (Arg 10))], T (4, x),  T (8, f), T (1, f)];325.53556203842163
78;Yolo9000_8;1.645233;0.00791924111263193;2;axe_out_channels1_0,axe_out_channels1_1,axe_xx1_0,axe_yy1_0,axe_out_channels1_2;13;[V f, U (2, f), ULambda y, T (32, c), Hoist_vars [c], T (3, h), T (17, x),  T (3, w), T (4, c), T (1, f),  Lambda_apply y [((Iter 2), (Arg 9)), ((Iter 5), (Arg 10))], T (4, x),  T (4, f), T (2, f)];329.5212652683258
79;Yolo9000_8;1.5706849;0.010343945383169807;2;axe_out_channels1_0,axe_out_channels1_1,axe_xx1_0,axe_yy1_0,axe_out_channels1_2;15;[V f, U (2, f), ULambda y, T (32, c), Hoist_vars [c], T (3, h), T (17, x),  T (3, w), T (4, c), T (1, f),  Lambda_apply y [((Iter 1), (Arg 12)), ((Iter 4), (Arg 14))], T (4, x),  T (1, f), T (8, f)];333.4777264595032
80;Yolo9000_8;1.565682;0.01682315247508622;1;axe_out_channels_0,axe_out_channels_1,axe_xx_0,axe_yy_0,axe_out_channels_2;24;[V f, U (4, f), U (4, y), U (3, w), T (16, c), Hoist_vars [c], T (34, x),  T (3, h), T (8, c), T (2, f), T (17, y), T (2, x), T (2, f), T (1, f)];337.2188184261322
81;Yolo9000_8;1.5579006999999998;0.008732647617418194;2;axe_out_channels1_0,axe_out_channels1_1,axe_xx1_0,axe_yy1_0,axe_out_channels1_2;12;[V f, U (2, f), ULambda y, T (32, c), Hoist_vars [c], T (3, h), T (17, x),  T (3, w), T (4, c), T (4, f),  Lambda_apply y [((Iter 1), (Arg 8)), ((Iter 5), (Arg 12))], T (4, x),  T (1, f), T (2, f)];341.17386054992676
82;Yolo9000_8;1.5361093;0.007830470535670217;2;axe_out_channels1_0,axe_out_channels1_1,axe_xx1_0,axe_yy1_0,axe_out_channels1_2;16;[V f, U (2, f), ULambda y, U (3, h), T (32, c), Hoist_vars [c], T (17, x),  T (3, w), T (4, c), T (1, f),  Lambda_apply y [((Iter 2), (Arg 9)), ((Iter 5), (Arg 10))], T (4, x),  T (1, f), T (8, f)];345.1753306388855
83;Yolo9000_8;2.0026962999999998;0.015232083022686046;2;axe_out_channels1_0,axe_out_channels1_1,axe_xx1_0,axe_yy1_0,axe_out_channels1_2;12;[V f, U (2, f), ULambda y, T (16, c), Hoist_vars [c], T (3, h), T (34, x),  T (3, w), T (8, c), T (1, f),  Lambda_apply y [((Iter 3), (Arg 8)), ((Iter 4), (Arg 11))], T (2, x),  T (2, f), T (4, f)];349.2855157852173
84;Yolo9000_8;1.6128703000000002;0.017149096285518917;2;axe_out_channels1_0,axe_out_channels1_1,axe_xx1_0,axe_yy1_0,axe_out_channels1_2;17;[V f, U (2, f), ULambda y, T (32, c), Hoist_vars [c], T (3, h), T (17, x),  T (3, w), T (4, c), T (4, f),  Lambda_apply y [((Iter 6), (Arg 9)), ((Iter 1), (Arg 14))], T (4, x),  T (1, f), T (2, f)];353.2381854057312
85;Yolo9000_8;1.7864832;0.03333170160612872;1;axe_out_channels_0,axe_out_channels_1,axe_xx_0,axe_yy_0,axe_out_channels_2;24;[V f, U (4, f), U (4, y), U (3, w), T (32, c), Hoist_vars [c], T (68, x),  T (3, h), T (4, c), T (1, f), T (17, y), T (1, x), T (1, f), T (4, f)];356.94959115982056
86;Yolo9000_8;1.3572389999999999;0.00740650832714043;2;axe_yy1_0,axe_xx1_0,axe_out_channels1_0,axe_yy1_1;22;[V f, U (1, f), ULambda y, U (3, h), T (64, c), Hoist_vars [c], T (17, x),  T (3, w), T (2, c), T (1, y), T (16, f), T (4, x),  Lambda_apply y [((Iter 1), (Arg 12)), ((Iter 4), (Arg 14))]];360.8547942638397
87;Yolo9000_8;1.8134623;0.0059570650164321795;2;axe_out_channels1_0,axe_out_channels1_1,axe_xx1_0,axe_yy1_0,axe_out_channels1_2;18;[V f, U (2, f), ULambda y, T (32, c), Hoist_vars [c], T (3, h), T (34, x),  T (3, w), T (4, c), T (8, f),  Lambda_apply y [((Iter 6), (Arg 9)), ((Iter 1), (Arg 14))], T (2, x),  T (1, f), T (1, f)];364.9800052642822
88;Yolo9000_8;1.6026078000000001;0.03370830856569338;1;axe_out_channels_0,axe_out_channels_1,axe_xx_0,axe_yy_0,axe_out_channels_2;24;[V f, U (4, f), U (4, y), U (3, w), T (128, c), Hoist_vars [c], T (68, x),  T (3, h), T (1, c), T (1, f), T (17, y), T (1, x), T (1, f), T (4, f)];368.6818702220917
89;Yolo9000_8;1.6604942;0.006604423090626466;2;axe_out_channels1_0,axe_out_channels1_1,axe_xx1_0,axe_yy1_0,axe_out_channels1_2;11;[V f, U (2, f), ULambda y, T (16, c), Hoist_vars [c], T (3, h), T (34, x),  T (3, w), T (8, c), T (2, f),  Lambda_apply y [((Iter 3), (Arg 8)), ((Iter 4), (Arg 11))], T (2, x),  T (2, f), T (2, f)];372.7978367805481
90;Yolo9000_8;1.7609135999999999;0.006732046437748334;2;axe_out_channels1_0,axe_out_channels1_1,axe_xx1_0,axe_yy1_0,axe_out_channels1_2;12;[V f, U (2, f), ULambda y, T (32, c), Hoist_vars [c], T (3, h), T (17, x),  T (3, w), T (4, c), T (4, f),  Lambda_apply y [((Iter 1), (Arg 8)), ((Iter 4), (Arg 15))], T (4, x),  T (2, f), T (1, f)];376.7107467651367
91;Yolo9000_8;1.5764396;0.007381340761677347;2;axe_out_channels1_0,axe_out_channels1_1,axe_xx1_0,axe_yy1_0,axe_out_channels1_2;16;[V f, U (2, f), ULambda y, T (32, c), Hoist_vars [c], T (3, h), T (17, x),  T (3, w), T (4, c), T (1, f),  Lambda_apply y [((Iter 5), (Arg 8)), ((Iter 2), (Arg 14))], T (4, x),  T (2, f), T (4, f)];381.4817907810211
92;Yolo9000_8;1.7024736999999999;0.020712513594684796;1;axe_out_channels_0,axe_out_channels_1,axe_xx_0,axe_yy_0,axe_out_channels_2;23;[V f, U (4, f), U (4, y), U (3, w), T (32, c), Hoist_vars [c], T (68, x),  T (3, h), T (4, c), T (2, f), T (17, y), T (1, x), T (1, f), T (2, f)];385.23057794570923
93;Yolo9000_8;1.2994332;0.0036746718982788814;2;axe_out_channels1_0,axe_out_channels1_1,axe_xx1_0,axe_yy1_0,axe_out_channels1_2;12;[V f, U (2, f), ULambda y, U (3, h), T (32, c), Hoist_vars [c], T (17, x),  T (3, w), T (4, c), T (2, f),  Lambda_apply y [((Iter 2), (Arg 9)), ((Iter 5), (Arg 10))], T (4, x),  T (2, f), T (2, f)];389.32490634918213
94;Yolo9000_8;1.5645627999999998;0.010963159615731235;2;axe_out_channels1_0,axe_out_channels1_1,axe_xx1_0,axe_yy1_0,axe_out_channels1_2;16;[V f, U (2, f), ULambda y, T (32, c), Hoist_vars [c], T (3, h), T (17, x),  T (3, w), T (4, c), T (1, f),  Lambda_apply y [((Iter 5), (Arg 8)), ((Iter 2), (Arg 14))], T (4, x),  T (4, f), T (2, f)];394.18115401268005
95;Yolo9000_8;1.6615750999999999;0.004160808826418259;2;axe_out_channels1_0,axe_out_channels1_1,axe_xx1_0,axe_yy1_0,axe_out_channels1_2;12;[V f, U (2, f), ULambda y, T (16, c), Hoist_vars [c], T (3, h), T (34, x),  T (3, w), T (8, c), T (2, f),  Lambda_apply y [((Iter 3), (Arg 8)), ((Iter 4), (Arg 11))], T (2, x),  T (1, f), T (4, f)];398.27484250068665
96;Yolo9000_8;15.047733899999997;0.04593866192533241;1;axe_yy_0,axe_xx_0;3;[V f, U (1, f), ULambda y, U (3, h), T (32, c), Hoist_vars [c], T (34, x),  T (3, w), T (4, c),  Lambda_apply y [((Iter 2), (Arg 13)), ((Iter 3), (Arg 14))], T (16, f),  T (2, x), T (1, y)];402.68813729286194
97;Yolo9000_8;1.6215273;0.00757104843532253;2;axe_out_channels1_0,axe_out_channels1_1,axe_xx1_0,axe_yy1_0,axe_out_channels1_2;15;[V f, U (2, f), ULambda y, T (32, c), Hoist_vars [c], T (3, h), T (17, x),  T (3, w), T (4, c), T (8, f),  Lambda_apply y [((Iter 1), (Arg 12)), ((Iter 4), (Arg 14))], T (4, x),  T (1, f), T (1, f)];406.5858280658722
98;Yolo9000_8;1.6012676;0.015520568019244748;1;axe_out_channels_0,axe_out_channels_1,axe_xx_0,axe_yy_0,axe_out_channels_2;25;[V f, U (4, f), U (4, y), U (3, w), T (16, c), Hoist_vars [c], T (34, x),  T (3, h), T (8, c), T (4, f), T (17, y), T (2, x), T (1, f), T (1, f)];410.31512427330017
99;Yolo9000_8;1.5805563;0.015723708411503945;1;axe_out_channels_0,axe_out_channels_1,axe_xx_0,axe_yy_0,axe_out_channels_2;24;[V f, U (4, f), U (4, y), U (3, w), T (16, c), Hoist_vars [c], T (34, x),  T (3, h), T (8, c), T (2, f), T (17, y), T (2, x), T (1, f), T (2, f)];414.0328702926636
100;Yolo9000_8;1.4580999;0.007866976248216355;2;axe_out_channels1_0,axe_out_channels1_1,axe_xx1_0,axe_yy1_0,axe_out_channels1_2;16;[V f, U (2, f), ULambda y, U (3, h), T (32, c), Hoist_vars [c], T (17, x),  T (3, w), T (4, c), T (8, f),  Lambda_apply y [((Iter 2), (Arg 9)), ((Iter 5), (Arg 10))], T (4, x),  T (1, f), T (1, f)];418.009432554245
101;Yolo9000_8;1.5648259000000002;0.011800927831742782;2;axe_out_channels1_0,axe_out_channels1_1,axe_xx1_0,axe_yy1_0,axe_out_channels1_2;13;[V f, U (2, f), ULambda y, T (32, c), Hoist_vars [c], T (3, h), T (17, x),  T (3, w), T (4, c), T (1, f),  Lambda_apply y [((Iter 2), (Arg 13)), ((Iter 3), (Arg 14))], T (4, x),  T (2, f), T (4, f)];422.8109538555145
102;Yolo9000_8;1.3880202;0.007687466342040133;2;axe_out_channels1_0,axe_out_channels1_1,axe_xx1_0,axe_yy1_0,axe_out_channels1_2;13;[V f, U (2, f), ULambda y, T (32, c), Hoist_vars [c], T (3, h), T (17, x),  T (3, w), T (4, c), T (2, f),  Lambda_apply y [((Iter 2), (Arg 9)), ((Iter 5), (Arg 10))], T (4, x),  T (1, f), T (4, f)];426.7711806297302
103;Yolo9000_8;1.7210261;0.026140373227825184;1;axe_out_channels_0,axe_out_channels_1,axe_xx_0,axe_yy_0,axe_out_channels_2;24;[V f, U (4, f), U (4, y), U (3, w), T (32, c), Hoist_vars [c], T (68, x),  T (3, h), T (4, c), T (4, f), T (17, y), T (1, x), T (1, f), T (1, f)];430.487131357193
104;Yolo9000_8;1.5629377999999998;0.005935254009728656;2;axe_out_channels1_0,axe_out_channels1_1,axe_xx1_0,axe_yy1_0,axe_out_channels1_2;15;[V f, U (2, f), ULambda y, T (32, c), Hoist_vars [c], T (3, h), T (17, x),  T (3, w), T (4, c), T (1, f),  Lambda_apply y [((Iter 1), (Arg 8)), ((Iter 5), (Arg 12))], T (4, x),  T (1, f), T (8, f)];434.38493514060974
105;Yolo9000_8;1.6384139000000002;0.010579582500741683;2;axe_out_channels1_0,axe_out_channels1_1,axe_xx1_0,axe_yy1_0,axe_out_channels1_2;16;[V f, U (2, f), ULambda y, T (32, c), Hoist_vars [c], T (3, h), T (17, x),  T (3, w), T (4, c), T (2, f),  Lambda_apply y [((Iter 6), (Arg 9)), ((Iter 1), (Arg 14))], T (4, x),  T (2, f), T (2, f)];438.34456181526184
106;Yolo9000_8;1.5559484000000001;0.005409079814534111;2;axe_out_channels1_0,axe_out_channels1_1,axe_xx1_0,axe_yy1_0,axe_out_channels1_2;12;[V f, U (2, f), ULambda y, T (32, c), Hoist_vars [c], T (3, h), T (17, x),  T (3, w), T (4, c), T (2, f),  Lambda_apply y [((Iter 1), (Arg 12)), ((Iter 4), (Arg 14))], T (4, x),  T (4, f), T (1, f)];442.2792339324951
107;Yolo9000_8;1.5703697;0.005152019954347998;2;axe_out_channels1_0,axe_out_channels1_1,axe_xx1_0,axe_yy1_0,axe_out_channels1_2;15;[V f, U (2, f), ULambda y, T (32, c), Hoist_vars [c], T (3, h), T (17, x),  T (3, w), T (4, c), T (1, f),  Lambda_apply y [((Iter 1), (Arg 8)), ((Iter 5), (Arg 12))], T (4, x),  T (8, f), T (1, f)];446.19315671920776
108;Yolo9000_8;1.5643479;0.009313611205649497;2;axe_out_channels1_0,axe_out_channels1_1,axe_xx1_0,axe_yy1_0,axe_out_channels1_2;12;[V f, U (2, f), ULambda y, T (32, c), Hoist_vars [c], T (3, h), T (17, x),  T (3, w), T (4, c), T (1, f),  Lambda_apply y [((Iter 1), (Arg 12)), ((Iter 4), (Arg 14))], T (4, x),  T (4, f), T (2, f)];450.13936376571655
109;Yolo9000_8;1.3266934;0.007683555572780111;2;axe_out_channels1_0,axe_out_channels1_1,axe_xx1_0,axe_yy1_0,axe_out_channels1_2;13;[V f, U (2, f), ULambda y, T (32, c), Hoist_vars [c], T (3, h), T (17, x),  T (3, w), T (4, c), T (2, f),  Lambda_apply y [((Iter 2), (Arg 13)), ((Iter 3), (Arg 14))], T (4, x),  T (4, f), T (1, f)];454.8968439102173
110;Yolo9000_8;1.6944612000000003;0.030700465630996574;1;axe_out_channels_0,axe_out_channels_1,axe_xx_0,axe_yy_0,axe_out_channels_2;23;[V f, U (4, f), U (4, y), U (3, w), T (32, c), Hoist_vars [c], T (68, x),  T (3, h), T (4, c), T (2, f), T (17, y), T (1, x), T (2, f), T (1, f)];458.6064085960388
111;Yolo9000_8;1.5644848000000002;0.005792980438427196;2;axe_out_channels1_0,axe_out_channels1_1,axe_xx1_0,axe_yy1_0,axe_out_channels1_2;12;[V f, U (2, f), ULambda y, T (32, c), Hoist_vars [c], T (3, h), T (17, x),  T (3, w), T (4, c), T (1, f),  Lambda_apply y [((Iter 1), (Arg 12)), ((Iter 4), (Arg 14))], T (4, x),  T (2, f), T (4, f)];462.52464270591736
112;Yolo9000_8;1.4667183999999998;0.003284966276843629;2;axe_out_channels1_0,axe_out_channels1_1,axe_xx1_0,axe_yy1_0,axe_out_channels1_2;17;[V f, U (2, f), ULambda y, T (32, c), Hoist_vars [c], T (3, h), T (17, x),  T (3, w), T (4, c), T (8, f),  Lambda_apply y [((Iter 3), (Arg 8)), ((Iter 4), (Arg 11))], T (4, x),  T (1, f), T (1, f)];466.5232820510864
113;Yolo9000_8;1.4057855;0.0030962392753144516;2;axe_yy1_0,axe_xx1_0,axe_out_channels1_0,axe_yy1_1;21;[V f, U (1, f), ULambda y, U (3, h), T (32, c), Hoist_vars [c], T (34, x),  T (3, w), T (4, c), T (1, y), T (16, f), T (2, x),  Lambda_apply y [((Iter 2), (Arg 13)), ((Iter 3), (Arg 14))]];471.40857577323914
114;Yolo9000_8;2.019841;0.0077376673229080555;2;axe_out_channels1_0,axe_out_channels1_1,axe_xx1_0,axe_yy1_0,axe_out_channels1_2;12;[V f, U (2, f), ULambda y, T (32, c), Hoist_vars [c], T (3, h), T (17, x),  T (3, w), T (4, c), T (1, f),  Lambda_apply y [((Iter 1), (Arg 8)), ((Iter 4), (Arg 15))], T (4, x),  T (2, f), T (4, f)];475.3502678871155
115;Yolo9000_8;1.7206558;0.010261356497071888;2;axe_out_channels1_0,axe_out_channels1_1,axe_xx1_0,axe_yy1_0,axe_out_channels1_2;12;[V f, U (2, f), ULambda y, T (16, c), Hoist_vars [c], T (3, h), T (17, x),  T (3, w), T (8, c), T (2, f),  Lambda_apply y [((Iter 1), (Arg 8)), ((Iter 5), (Arg 12))], T (4, x),  T (1, f), T (4, f)];479.25517082214355
116;Yolo9000_8;1.5433435;0.004542380130504217;2;axe_out_channels1_0,axe_out_channels1_1,axe_xx1_0,axe_yy1_0,axe_out_channels1_2;13;[V f, U (2, f), ULambda y, T (16, c), Hoist_vars [c], T (3, h), T (17, x),  T (3, w), T (8, c), T (2, f),  Lambda_apply y [((Iter 3), (Arg 8)), ((Iter 4), (Arg 11))], T (4, x),  T (2, f), T (2, f)];483.2733232975006
117;Yolo9000_8;1.7119239;0.008162930386203238;2;axe_out_channels1_0,axe_out_channels1_1,axe_xx1_0,axe_yy1_0,axe_out_channels1_2;11;[V f, U (2, f), ULambda y, T (16, c), Hoist_vars [c], T (3, h), T (17, x),  T (3, w), T (8, c), T (2, f),  Lambda_apply y [((Iter 1), (Arg 8)), ((Iter 5), (Arg 12))], T (4, x),  T (2, f), T (2, f)];487.1993441581726
118;Yolo9000_8;1.8050772;0.006793896125199463;2;axe_out_channels1_0,axe_out_channels1_1,axe_xx1_0,axe_yy1_0,axe_out_channels1_2;14;[V f, U (2, f), ULambda y, T (16, c), Hoist_vars [c], T (3, h), T (17, x),  T (3, w), T (8, c), T (1, f),  Lambda_apply y [((Iter 3), (Arg 8)), ((Iter 4), (Arg 11))], T (4, x),  T (4, f), T (2, f)];491.23872685432434
119;Yolo9000_8;1.5474074999999998;0.006892621406257555;2;axe_out_channels1_0,axe_out_channels1_1,axe_xx1_0,axe_yy1_0,axe_out_channels1_2;14;[V f, U (2, f), ULambda y, T (16, c), Hoist_vars [c], T (3, h), T (17, x),  T (3, w), T (8, c), T (2, f),  Lambda_apply y [((Iter 3), (Arg 8)), ((Iter 4), (Arg 11))], T (4, x),  T (4, f), T (1, f)];495.26645517349243
120;Yolo9000_8;1.8112282;0.007416623851861464;2;axe_out_channels1_0,axe_out_channels1_1,axe_xx1_0,axe_yy1_0,axe_out_channels1_2;15;[V f, U (2, f), ULambda y, T (32, c), Hoist_vars [c], T (3, h), T (17, x),  T (3, w), T (4, c), T (8, f),  Lambda_apply y [((Iter 1), (Arg 8)), ((Iter 4), (Arg 15))], T (4, x),  T (1, f), T (1, f)];499.18704438209534
121;Yolo9000_8;1.4267385;0.004878477595521006;2;axe_yy1_0,axe_xx1_0,axe_out_channels1_0,axe_yy1_1;25;[V f, U (1, f), ULambda y, U (3, h), T (32, c), Hoist_vars [c], T (34, x),  T (3, w), T (4, c), T (1, y), T (16, f), T (2, x),  Lambda_apply y [((Iter 6), (Arg 9)), ((Iter 1), (Arg 14))]];503.149685382843
122;Yolo9000_8;1.5449579999999998;0.01849944227267409;1;axe_out_channels_0,axe_out_channels_1,axe_xx_0,axe_yy_0,axe_out_channels_2;24;[V f, U (4, f), U (4, y), U (3, w), T (128, c), Hoist_vars [c], T (68, x),  T (3, h), T (1, c), T (4, f), T (17, y), T (1, x), T (1, f), T (1, f)];506.8764822483063
123;Yolo9000_8;1.6365921999999997;0.009214269833253203;2;axe_out_channels1_0,axe_out_channels1_1,axe_xx1_0,axe_yy1_0,axe_out_channels1_2;20;[V f, U (2, f), ULambda y, T (32, c), Hoist_vars [c], T (3, h), T (17, x),  T (3, w), T (4, c), T (1, f),  Lambda_apply y [((Iter 6), (Arg 9)), ((Iter 1), (Arg 14))], T (4, x),  T (8, f), T (1, f)];510.84939408302307
124;Yolo9000_8;1.6080434999999997;0.005892469758089607;2;axe_out_channels1_0,axe_out_channels1_1,axe_xx1_0,axe_yy1_0,axe_out_channels1_2;16;[V f, U (2, f), ULambda y, T (32, c), Hoist_vars [c], T (3, h), T (17, x),  T (3, w), T (4, c), T (1, f),  Lambda_apply y [((Iter 5), (Arg 11)), ((Iter 1), (Arg 13))], T (4, x),  T (4, f), T (2, f)];514.7844467163086
125;Yolo9000_8;1.2998735;0.009451253073005733;1;axe_out_channels_0,axe_out_channels_1,axe_xx_0,axe_yy_0,axe_out_channels_2;25;[V f, U (4, f), U (4, y), U (3, w), T (128, c), Hoist_vars [c], T (34, x),  T (3, h), T (1, c), T (1, f), T (17, y), T (2, x), T (4, f), T (1, f)];518.4987998008728
126;Yolo9000_8;2.0000285;0.01950865960157183;2;axe_out_channels1_0,axe_out_channels1_1,axe_xx1_0,axe_yy1_0,axe_out_channels1_2;15;[V f, U (2, f), ULambda y, T (16, c), Hoist_vars [c], T (3, h), T (34, x),  T (3, w), T (8, c), T (1, f),  Lambda_apply y [((Iter 3), (Arg 8)), ((Iter 4), (Arg 11))], T (2, x),  T (8, f), T (1, f)];522.5846617221832
127;Yolo9000_8;1.5657606;0.0037930123174068206;2;axe_out_channels1_0,axe_out_channels1_1,axe_xx1_0,axe_yy1_0,axe_out_channels1_2;11;[V f, U (2, f), ULambda y, T (32, c), Hoist_vars [c], T (3, h), T (17, x),  T (3, w), T (4, c), T (2, f),  Lambda_apply y [((Iter 1), (Arg 12)), ((Iter 4), (Arg 14))], T (4, x),  T (2, f), T (2, f)];526.5375823974609
128;Yolo9000_8;1.4142347999999998;0.003551269823598329;2;axe_yy1_0,axe_xx1_0,axe_out_channels1_0,axe_yy1_1;23;[V f, U (1, f), ULambda y, U (3, h), T (32, c), Hoist_vars [c], T (17, x),  T (3, w), T (4, c), T (1, y), T (16, f), T (4, x),  Lambda_apply y [((Iter 2), (Arg 13)), ((Iter 3), (Arg 14))]];531.4189808368683
129;Yolo9000_8;1.5179719;0.0065602393927356025;2;axe_out_channels1_0,axe_out_channels1_1,axe_xx1_0,axe_yy1_0,axe_out_channels1_2;13;[V f, U (2, f), ULambda y, T (32, c), Hoist_vars [c], T (3, h), T (17, x),  T (3, w), T (4, c), T (4, f),  Lambda_apply y [((Iter 2), (Arg 9)), ((Iter 5), (Arg 10))], T (4, x),  T (1, f), T (2, f)];535.4040584564209
130;Yolo9000_8;1.4331081;0.009195321184711308;2;axe_out_channels1_0,axe_out_channels1_1,axe_xx1_0,axe_yy1_0,axe_out_channels1_2;14;[V f, U (2, f), ULambda y, T (32, c), Hoist_vars [c], T (3, h), T (17, x),  T (3, w), T (4, c), T (4, f),  Lambda_apply y [((Iter 3), (Arg 8)), ((Iter 4), (Arg 11))], T (4, x),  T (2, f), T (1, f)];539.4309661388397
131;Yolo9000_8;1.5020848999999998;0.005747734622440413;2;axe_out_channels1_0,axe_out_channels1_1,axe_xx1_0,axe_yy1_0,axe_out_channels1_2;13;[V f, U (2, f), ULambda y, T (32, c), Hoist_vars [c], T (3, h), T (17, x),  T (3, w), T (4, c), T (4, f),  Lambda_apply y [((Iter 2), (Arg 13)), ((Iter 3), (Arg 14))], T (4, x),  T (1, f), T (2, f)];544.2067642211914
132;Yolo9000_8;1.6156403000000001;0.008172421514459466;2;axe_out_channels1_0,axe_out_channels1_1,axe_xx1_0,axe_yy1_0,axe_out_channels1_2;16;[V f, U (2, f), ULambda y, T (32, c), Hoist_vars [c], T (3, h), T (17, x),  T (3, w), T (4, c), T (1, f),  Lambda_apply y [((Iter 5), (Arg 11)), ((Iter 1), (Arg 13))], T (4, x),  T (2, f), T (4, f)];548.1582126617432
133;Yolo9000_8;2.0722328;0.014393847934447425;2;axe_out_channels1_0,axe_out_channels1_1,axe_xx1_0,axe_yy1_0,axe_out_channels1_2;13;[V f, U (2, f), ULambda y, T (16, c), Hoist_vars [c], T (3, h), T (34, x),  T (3, w), T (8, c), T (8, f),  Lambda_apply y [((Iter 1), (Arg 8)), ((Iter 5), (Arg 12))], T (2, x),  T (1, f), T (1, f)];552.1159782409668
134;Yolo9000_8;1.4427005;0.009527628857695985;2;axe_yy1_0,axe_xx1_0,axe_out_channels1_0,axe_yy1_1;21;[V f, U (1, f), ULambda y, U (3, h), T (32, c), Hoist_vars [c], T (34, x),  T (3, w), T (4, c), T (1, y), T (16, f), T (2, x),  Lambda_apply y [((Iter 2), (Arg 9)), ((Iter 5), (Arg 10))]];556.0774261951447
135;Yolo9000_8;1.6078064;0.00884929618896325;2;axe_out_channels1_0,axe_out_channels1_1,axe_xx1_0,axe_yy1_0,axe_out_channels1_2;19;[V f, U (2, f), ULambda y, T (32, c), Hoist_vars [c], T (3, h), T (17, x),  T (3, w), T (4, c), T (1, f),  Lambda_apply y [((Iter 5), (Arg 11)), ((Iter 1), (Arg 13))], T (4, x),  T (1, f), T (8, f)];559.9917936325073
136;Yolo9000_8;1.8196539;0.016753211342605333;2;axe_out_channels1_0,axe_out_channels1_1,axe_xx1_0,axe_yy1_0,axe_out_channels1_2;17;[V f, U (2, f), ULambda y, T (16, c), Hoist_vars [c], T (3, h), T (17, x),  T (3, w), T (8, c), T (1, f),  Lambda_apply y [((Iter 3), (Arg 8)), ((Iter 4), (Arg 11))], T (4, x),  T (8, f), T (1, f)];564.0396118164062
137;Yolo9000_8;1.2974811000000002;0.013814179645929006;1;axe_out_channels_0,axe_out_channels_1,axe_xx_0,axe_yy_0,axe_out_channels_2;25;[V f, U (4, f), U (4, y), U (3, w), T (128, c), Hoist_vars [c], T (34, x),  T (3, h), T (1, c), T (1, f), T (17, y), T (2, x), T (1, f), T (4, f)];567.745198726654
138;Yolo9000_8;1.5712703;0.006244315816004212;2;axe_out_channels1_0,axe_out_channels1_1,axe_xx1_0,axe_yy1_0,axe_out_channels1_2;15;[V f, U (2, f), ULambda y, T (32, c), Hoist_vars [c], T (3, h), T (17, x),  T (3, w), T (4, c), T (1, f),  Lambda_apply y [((Iter 1), (Arg 12)), ((Iter 4), (Arg 14))], T (4, x),  T (8, f), T (1, f)];571.6756570339203
139;Yolo9000_8;1.7804869;0.0576102012120249;1;axe_out_channels_0,axe_out_channels_1,axe_xx_0,axe_yy_0,axe_out_channels_2;23;[V f, U (4, f), U (4, y), U (3, w), T (32, c), Hoist_vars [c], T (68, x),  T (3, h), T (4, c), T (1, f), T (17, y), T (1, x), T (2, f), T (2, f)];575.4116196632385
140;Yolo9000_8;2.0516177;0.0066907482100285395;2;axe_out_channels1_0,axe_out_channels1_1,axe_xx1_0,axe_yy1_0,axe_out_channels1_2;10;[V f, U (2, f), ULambda y, T (16, c), Hoist_vars [c], T (3, h), T (34, x),  T (3, w), T (8, c), T (4, f),  Lambda_apply y [((Iter 1), (Arg 8)), ((Iter 5), (Arg 12))], T (2, x),  T (2, f), T (1, f)];579.3633348941803
141;Yolo9000_8;1.5484263999999999;0.006782489074078908;2;axe_out_channels1_0,axe_out_channels1_1,axe_xx1_0,axe_yy1_0,axe_out_channels1_2;14;[V f, U (2, f), ULambda y, T (16, c), Hoist_vars [c], T (3, h), T (17, x),  T (3, w), T (8, c), T (2, f),  Lambda_apply y [((Iter 3), (Arg 8)), ((Iter 4), (Arg 11))], T (4, x),  T (1, f), T (4, f)];583.3957238197327
142;Yolo9000_8;2.0172586000000003;0.006733690863115165;2;axe_out_channels1_0,axe_out_channels1_1,axe_xx1_0,axe_yy1_0,axe_out_channels1_2;12;[V f, U (2, f), ULambda y, T (32, c), Hoist_vars [c], T (3, h), T (17, x),  T (3, w), T (4, c), T (1, f),  Lambda_apply y [((Iter 1), (Arg 8)), ((Iter 4), (Arg 15))], T (4, x),  T (4, f), T (2, f)];587.3530676364899
143;Yolo9000_8;1.9269152999999999;0.006657682630615592;2;axe_out_channels1_0,axe_out_channels1_1,axe_xx1_0,axe_yy1_0,axe_out_channels1_2;15;[V f, U (2, f), ULambda y, T (16, c), Hoist_vars [c], T (3, h), T (34, x),  T (3, w), T (8, c), T (8, f),  Lambda_apply y [((Iter 3), (Arg 8)), ((Iter 4), (Arg 11))], T (2, x),  T (1, f), T (1, f)];591.4073195457458
144;Yolo9000_8;16.1127009;0.04917092970739875;1;axe_yy_0,axe_xx_0;3;[V f, U (1, f), ULambda y, U (3, h), T (32, c), Hoist_vars [c], T (34, x),  T (3, w), T (4, c),  Lambda_apply y [((Iter 6), (Arg 9)), ((Iter 1), (Arg 14))], T (16, f),  T (2, x), T (1, y)];595.8151118755341
145;Yolo9000_8;1.5092959000000001;0.01974632262701086;2;axe_out_channels1_0,axe_out_channels1_1,axe_xx1_0,axe_yy1_0,axe_out_channels1_2;19;[V f, U (2, f), ULambda y, T (32, c), Hoist_vars [c], T (3, h), T (17, x),  T (3, w), T (4, c), T (8, f),  Lambda_apply y [((Iter 5), (Arg 8)), ((Iter 2), (Arg 14))], T (4, x),  T (1, f), T (1, f)];600.5975570678711
146;Yolo9000_8;1.3741434;0.0068480749587018965;2;axe_out_channels1_0,axe_out_channels1_1,axe_xx1_0,axe_yy1_0,axe_out_channels1_2;16;[V f, U (2, f), ULambda y, T (32, c), Hoist_vars [c], T (3, h), T (17, x),  T (3, w), T (4, c), T (2, f),  Lambda_apply y [((Iter 5), (Arg 8)), ((Iter 2), (Arg 14))], T (4, x),  T (1, f), T (4, f)];605.3187205791473
147;Yolo9000_8;1.5372853;0.004911558226265892;2;axe_out_channels1_0,axe_out_channels1_1,axe_xx1_0,axe_yy1_0,axe_out_channels1_2;13;[V f, U (2, f), ULambda y, U (3, h), T (32, c), Hoist_vars [c], T (17, x),  T (3, w), T (4, c), T (1, f),  Lambda_apply y [((Iter 2), (Arg 9)), ((Iter 5), (Arg 10))], T (4, x),  T (4, f), T (2, f)];609.3222703933716
148;Yolo9000_8;7.529069300000001;0.023483729112089385;1;axe_yy_0,axe_xx_0;4;[V f, U (1, f), ULambda y, U (3, h), T (32, c), Hoist_vars [c], T (34, x),  T (3, w), T (4, c),  Lambda_apply y [((Iter 2), (Arg 10)), ((Iter 1), (Arg 14))], T (16, f),  T (2, x), T (2, y)];613.4037642478943
149;Yolo9000_8;1.5382045999999998;0.031100089884757598;1;axe_out_channels_0,axe_out_channels_1,axe_xx_0,axe_yy_0,axe_out_channels_2;23;[V f, U (4, f), U (4, y), U (3, w), T (128, c), Hoist_vars [c], T (68, x),  T (3, h), T (1, c), T (2, f), T (17, y), T (1, x), T (1, f), T (2, f)];617.0940556526184
150;Yolo9000_8;1.6376687;0.013496539838417775;2;axe_out_channels1_0,axe_out_channels1_1,axe_xx1_0,axe_yy1_0,axe_out_channels1_2;20;[V f, U (2, f), ULambda y, T (32, c), Hoist_vars [c], T (3, h), T (17, x),  T (3, w), T (4, c), T (8, f),  Lambda_apply y [((Iter 6), (Arg 9)), ((Iter 1), (Arg 14))], T (4, x),  T (1, f), T (1, f)];621.0361051559448
151;Yolo9000_8;1.5274059;0.023427789509255892;1;axe_out_channels_0,axe_out_channels_1,axe_xx_0,axe_yy_0,axe_out_channels_2;23;[V f, U (4, f), U (4, y), U (3, w), T (128, c), Hoist_vars [c], T (68, x),  T (3, h), T (1, c), T (2, f), T (17, y), T (1, x), T (2, f), T (1, f)];624.7606925964355
152;Yolo9000_8;1.6288648;0.005783488978116948;2;axe_out_channels1_0,axe_out_channels1_1,axe_xx1_0,axe_yy1_0,axe_out_channels1_2;17;[V f, U (2, f), ULambda y, T (32, c), Hoist_vars [c], T (3, h), T (17, x),  T (3, w), T (4, c), T (1, f),  Lambda_apply y [((Iter 6), (Arg 9)), ((Iter 1), (Arg 14))], T (4, x),  T (2, f), T (4, f)];628.7310705184937
153;Yolo9000_8;1.5579883999999997;0.00655565536311971;2;axe_out_channels1_0,axe_out_channels1_1,axe_xx1_0,axe_yy1_0,axe_out_channels1_2;11;[V f, U (2, f), ULambda y, T (32, c), Hoist_vars [c], T (3, h), T (17, x),  T (3, w), T (4, c), T (2, f),  Lambda_apply y [((Iter 1), (Arg 8)), ((Iter 5), (Arg 12))], T (4, x),  T (2, f), T (2, f)];632.6280601024628
154;Yolo9000_8;1.6019368;0.010511121574789261;1;axe_out_channels_0,axe_out_channels_1,axe_xx_0,axe_yy_0,axe_out_channels_2;25;[V f, U (4, f), U (4, y), U (3, w), T (16, c), Hoist_vars [c], T (34, x),  T (3, h), T (8, c), T (1, f), T (17, y), T (2, x), T (1, f), T (4, f)];636.3539190292358
155;Yolo9000_8;1.3781614000000002;0.005862825277969656;2;axe_out_channels1_0,axe_out_channels1_1,axe_xx1_0,axe_yy1_0,axe_out_channels1_2;13;[V f, U (2, f), ULambda y, T (32, c), Hoist_vars [c], T (3, h), T (17, x),  T (3, w), T (4, c), T (2, f),  Lambda_apply y [((Iter 3), (Arg 8)), ((Iter 4), (Arg 11))], T (4, x),  T (2, f), T (2, f)];640.3583459854126
156;Yolo9000_8;1.5930066;0.011494798816856252;2;axe_out_channels1_0,axe_out_channels1_1,axe_xx1_0,axe_yy1_0,axe_out_channels1_2;15;[V f, U (2, f), ULambda y, T (32, c), Hoist_vars [c], T (3, h), T (17, x),  T (3, w), T (4, c), T (2, f),  Lambda_apply y [((Iter 5), (Arg 11)), ((Iter 1), (Arg 13))], T (4, x),  T (2, f), T (2, f)];644.2931344509125
157;Yolo9000_8;1.3522334999999999;0.011725548518086455;1;axe_out_channels_0,axe_out_channels_1,axe_xx_0,axe_yy_0,axe_out_channels_2;24;[V f, U (4, f), U (4, y), U (3, w), T (64, c), Hoist_vars [c], T (34, x),  T (3, h), T (2, c), T (2, f), T (17, y), T (2, x), T (1, f), T (2, f)];648.012345790863
158;Yolo9000_8;1.2839588000000002;0.008901928901086565;1;axe_out_channels_0,axe_out_channels_1,axe_xx_0,axe_yy_0,axe_out_channels_2;24;[V f, U (4, f), U (4, y), U (3, w), T (128, c), Hoist_vars [c], T (34, x),  T (3, h), T (1, c), T (2, f), T (17, y), T (2, x), T (1, f), T (2, f)];651.7368218898773
159;Yolo9000_8;1.9390623000000002;0.007801395234828156;2;axe_out_channels1_0,axe_out_channels1_1,axe_xx1_0,axe_yy1_0,axe_out_channels1_2;12;[V f, U (2, f), ULambda y, T (16, c), Hoist_vars [c], T (3, h), T (34, x),  T (3, w), T (8, c), T (4, f),  Lambda_apply y [((Iter 3), (Arg 8)), ((Iter 4), (Arg 11))], T (2, x),  T (2, f), T (1, f)];655.8501391410828
160;Yolo9000_8;1.2885502;0.009261742155771746;1;axe_out_channels_0,axe_out_channels_1,axe_xx_0,axe_yy_0,axe_out_channels_2;24;[V f, U (4, f), U (4, y), U (3, w), T (128, c), Hoist_vars [c], T (34, x),  T (3, h), T (1, c), T (1, f), T (17, y), T (2, x), T (2, f), T (2, f)];659.5378468036652
161;Yolo9000_8;1.5514058;0.008002864447183894;2;axe_out_channels1_0,axe_out_channels1_1,axe_xx1_0,axe_yy1_0,axe_out_channels1_2;12;[V f, U (2, f), ULambda y, T (32, c), Hoist_vars [c], T (3, h), T (17, x),  T (3, w), T (4, c), T (2, f),  Lambda_apply y [((Iter 1), (Arg 8)), ((Iter 5), (Arg 12))], T (4, x),  T (4, f), T (1, f)];663.4137351512909
162;Yolo9000_8;1.8276610000000002;0.012612489888994965;2;axe_out_channels1_0,axe_out_channels1_1,axe_xx1_0,axe_yy1_0,axe_out_channels1_2;17;[V f, U (2, f), ULambda y, T (16, c), Hoist_vars [c], T (3, h), T (17, x),  T (3, w), T (8, c), T (1, f),  Lambda_apply y [((Iter 3), (Arg 8)), ((Iter 4), (Arg 11))], T (4, x),  T (1, f), T (8, f)];667.4441344738007
163;Yolo9000_8;1.6459800000000002;0.008703584939552159;2;axe_out_channels1_0,axe_out_channels1_1,axe_xx1_0,axe_yy1_0,axe_out_channels1_2;17;[V f, U (2, f), ULambda y, T (32, c), Hoist_vars [c], T (3, h), T (17, x),  T (3, w), T (4, c), T (2, f),  Lambda_apply y [((Iter 6), (Arg 9)), ((Iter 1), (Arg 14))], T (4, x),  T (1, f), T (4, f)];671.3785157203674
164;Yolo9000_8;7.111777600000001;0.010673811411112753;1;axe_yy_0,axe_xx_0;5;[V f, U (1, f), ULambda y, U (3, h), T (64, c), Hoist_vars [c], T (17, x),  T (3, w), T (2, c),  Lambda_apply y [((Iter 1), (Arg 12)), ((Iter 4), (Arg 14))], T (16, f),  T (4, x), T (1, y)];675.4295923709869
165;Yolo9000_8;1.3666604000000002;0.006836609440358626;1;axe_out_channels_0,axe_out_channels_1,axe_xx_0,axe_yy_0,axe_out_channels_2;25;[V f, U (4, f), U (4, y), U (3, w), T (64, c), Hoist_vars [c], T (34, x),  T (3, h), T (2, c), T (4, f), T (17, y), T (2, x), T (1, f), T (1, f)];679.1974701881409
166;Yolo9000_8;1.5454376;0.00769505238708616;2;axe_out_channels1_0,axe_out_channels1_1,axe_xx1_0,axe_yy1_0,axe_out_channels1_2;16;[V f, U (2, f), ULambda y, U (3, h), T (32, c), Hoist_vars [c], T (17, x),  T (3, w), T (4, c), T (1, f),  Lambda_apply y [((Iter 2), (Arg 9)), ((Iter 5), (Arg 10))], T (4, x),  T (8, f), T (1, f)];683.1806125640869
167;Yolo9000_8;15.035089300000001;0.04876133039007449;1;axe_yy_0,axe_xx_0;3;[V f, U (1, f), ULambda y, U (3, h), T (32, c), Hoist_vars [c], T (34, x),  T (3, w), T (4, c),  Lambda_apply y [((Iter 1), (Arg 12)), ((Iter 4), (Arg 14))], T (16, f),  T (2, x), T (1, y)];687.5642313957214
168;Yolo9000_8;7.151695199999999;0.0173981177131321;1;axe_yy_0,axe_xx_0;5;[V f, U (1, f), ULambda y, U (3, h), T (64, c), Hoist_vars [c], T (17, x),  T (3, w), T (2, c),  Lambda_apply y [((Iter 2), (Arg 13)), ((Iter 3), (Arg 14))], T (16, f),  T (4, x), T (1, y)];691.6330523490906
169;Yolo9000_8;1.3375775;0.0019663213496272976;2;axe_yy1_0,axe_xx1_0,axe_out_channels1_0,axe_yy1_1;23;[V f, U (1, f), ULambda y, U (3, h), T (64, c), Hoist_vars [c], T (17, x),  T (3, w), T (2, c), T (1, y), T (16, f), T (4, x),  Lambda_apply y [((Iter 2), (Arg 13)), ((Iter 3), (Arg 14))]];696.3876214027405
170;Yolo9000_8;1.6169111;0.0063760985006506695;2;axe_yy1_0,axe_xx1_0,axe_out_channels1_0,axe_yy1_1;21;[V f, U (1, f), ULambda y, U (3, h), T (32, c), Hoist_vars [c], T (34, x),  T (3, w), T (4, c), T (2, y), T (16, f), T (2, x),  Lambda_apply y [((Iter 1), (Arg 10)), ((Iter 2), (Arg 12))]];700.4546387195587
171;Yolo9000_8;1.5943667;0.007370503701240487;2;axe_out_channels1_0,axe_out_channels1_1,axe_xx1_0,axe_yy1_0,axe_out_channels1_2;16;[V f, U (2, f), ULambda y, T (32, c), Hoist_vars [c], T (3, h), T (17, x),  T (3, w), T (4, c), T (2, f),  Lambda_apply y [((Iter 5), (Arg 11)), ((Iter 1), (Arg 13))], T (4, x),  T (1, f), T (4, f)];704.3714456558228
172;Yolo9000_8;1.7067552;0.00840798796145667;2;axe_out_channels1_0,axe_out_channels1_1,axe_xx1_0,axe_yy1_0,axe_out_channels1_2;12;[V f, U (2, f), ULambda y, T (16, c), Hoist_vars [c], T (3, h), T (17, x),  T (3, w), T (8, c), T (2, f),  Lambda_apply y [((Iter 1), (Arg 8)), ((Iter 5), (Arg 12))], T (4, x),  T (4, f), T (1, f)];708.2619295120239
173;Yolo9000_8;1.3812634;0.009004359002172219;2;axe_out_channels1_0,axe_out_channels1_1,axe_xx1_0,axe_yy1_0,axe_out_channels1_2;15;[V f, U (2, f), ULambda y, T (32, c), Hoist_vars [c], T (3, h), T (17, x),  T (3, w), T (4, c), T (2, f),  Lambda_apply y [((Iter 5), (Arg 8)), ((Iter 2), (Arg 14))], T (4, x),  T (2, f), T (2, f)];712.9779648780823
174;Yolo9000_8;7.588353700000001;0.02218955177577966;1;axe_yy_0,axe_xx_0;4;[V f, U (1, f), ULambda y, U (3, h), T (32, c), Hoist_vars [c], T (34, x),  T (3, w), T (4, c),  Lambda_apply y [((Iter 2), (Arg 11)), ((Iter 1), (Arg 12))], T (16, f),  T (2, x), T (2, y)];717.0255858898163
175;Yolo9000_8;1.2847488999999999;0.00943933721666935;1;axe_out_channels_0,axe_out_channels_1,axe_xx_0,axe_yy_0,axe_out_channels_2;24;[V f, U (4, f), U (4, y), U (3, w), T (128, c), Hoist_vars [c], T (34, x),  T (3, h), T (1, c), T (2, f), T (17, y), T (2, x), T (2, f), T (1, f)];720.7409100532532
176;Yolo9000_8;1.4110223000000002;0.004318356146729891;2;axe_out_channels1_0,axe_out_channels1_1,axe_xx1_0,axe_yy1_0,axe_out_channels1_2;13;[V f, U (2, f), ULambda y, U (3, h), T (32, c), Hoist_vars [c], T (17, x),  T (3, w), T (4, c), T (4, f),  Lambda_apply y [((Iter 2), (Arg 9)), ((Iter 5), (Arg 10))], T (4, x),  T (1, f), T (2, f)];724.6956295967102
177;Yolo9000_8;1.5799014000000002;0.030596753485296425;1;axe_out_channels_0,axe_out_channels_1,axe_xx_0,axe_yy_0,axe_out_channels_2;24;[V f, U (4, f), U (4, y), U (3, w), T (64, c), Hoist_vars [c], T (68, x),  T (3, h), T (2, c), T (4, f), T (17, y), T (1, x), T (1, f), T (1, f)];728.3883924484253
178;Yolo9000_8;2.0493067;0.013079014657458006;2;axe_out_channels1_0,axe_out_channels1_1,axe_xx1_0,axe_yy1_0,axe_out_channels1_2;10;[V f, U (2, f), ULambda y, T (16, c), Hoist_vars [c], T (3, h), T (34, x),  T (3, w), T (8, c), T (2, f),  Lambda_apply y [((Iter 1), (Arg 8)), ((Iter 5), (Arg 12))], T (2, x),  T (4, f), T (1, f)];732.3330283164978
179;Yolo9000_8;1.6065410999999998;0.015500177150277978;1;axe_out_channels_0,axe_out_channels_1,axe_xx_0,axe_yy_0,axe_out_channels_2;24;[V f, U (4, f), U (4, y), U (3, w), T (16, c), Hoist_vars [c], T (34, x),  T (3, h), T (8, c), T (1, f), T (17, y), T (2, x), T (2, f), T (2, f)];736.0577249526978
180;Yolo9000_8;1.5799628999999997;0.02304719687272183;1;axe_out_channels_0,axe_out_channels_1,axe_xx_0,axe_yy_0,axe_out_channels_2;24;[V f, U (4, f), U (4, y), U (3, w), T (128, c), Hoist_vars [c], T (68, x),  T (3, h), T (1, c), T (1, f), T (17, y), T (1, x), T (4, f), T (1, f)];739.7620003223419
181;Yolo9000_8;1.6794205000000002;0.013519760280789021;2;axe_out_channels1_0,axe_out_channels1_1,axe_xx1_0,axe_yy1_0,axe_out_channels1_2;17;[V f, U (2, f), ULambda y, T (16, c), Hoist_vars [c], T (3, h), T (17, x),  T (3, w), T (8, c), T (8, f),  Lambda_apply y [((Iter 3), (Arg 8)), ((Iter 4), (Arg 11))], T (4, x),  T (1, f), T (1, f)];743.7603130340576
182;Yolo9000_8;1.4500572999999999;0.005198767989629895;2;axe_yy1_0,axe_xx1_0,axe_out_channels1_0,axe_yy1_1;22;[V f, U (1, f), ULambda y, U (3, h), T (32, c), Hoist_vars [c], T (17, x),  T (3, w), T (4, c), T (1, y), T (16, f), T (4, x),  Lambda_apply y [((Iter 1), (Arg 12)), ((Iter 4), (Arg 14))]];747.6507399082184
183;Yolo9000_8;1.5064191;0.008115577175407788;2;axe_out_channels1_0,axe_out_channels1_1,axe_xx1_0,axe_yy1_0,axe_out_channels1_2;13;[V f, U (2, f), ULambda y, T (32, c), Hoist_vars [c], T (3, h), T (17, x),  T (3, w), T (4, c), T (4, f),  Lambda_apply y [((Iter 2), (Arg 9)), ((Iter 5), (Arg 10))], T (4, x),  T (2, f), T (1, f)];751.6176617145538
184;Yolo9000_8;1.6606670000000001;0.0036624828463762346;2;axe_out_channels1_0,axe_out_channels1_1,axe_xx1_0,axe_yy1_0,axe_out_channels1_2;17;[V f, U (2, f), ULambda y, T (32, c), Hoist_vars [c], T (3, h), T (17, x),  T (3, w), T (4, c), T (1, f),  Lambda_apply y [((Iter 3), (Arg 8)), ((Iter 4), (Arg 11))], T (4, x),  T (1, f), T (8, f)];755.6367347240448
185;Yolo9000_8;1.4871676;0.00784331566622185;2;axe_out_channels1_0,axe_out_channels1_1,axe_xx1_0,axe_yy1_0,axe_out_channels1_2;16;[V f, U (2, f), ULambda y, T (32, c), Hoist_vars [c], T (3, h), T (17, x),  T (3, w), T (4, c), T (4, f),  Lambda_apply y [((Iter 5), (Arg 8)), ((Iter 2), (Arg 14))], T (4, x),  T (2, f), T (1, f)];760.3819324970245
186;Yolo9000_8;15.720315;0.02375441600629218;1;axe_yy_0,axe_xx_0;3;[V f, U (1, f), ULambda y, U (3, h), T (32, c), Hoist_vars [c], T (34, x),  T (3, w), T (4, c),  Lambda_apply y [((Iter 5), (Arg 11)), ((Iter 1), (Arg 13))], T (16, f),  T (2, x), T (1, y)];764.8068480491638
187;Yolo9000_8;1.5601471;0.004042768864281013;2;axe_out_channels1_0,axe_out_channels1_1,axe_xx1_0,axe_yy1_0,axe_out_channels1_2;16;[V f, U (2, f), ULambda y, T (32, c), Hoist_vars [c], T (3, h), T (17, x),  T (3, w), T (4, c), T (1, f),  Lambda_apply y [((Iter 2), (Arg 13)), ((Iter 3), (Arg 14))], T (4, x),  T (1, f), T (8, f)];769.5675013065338
188;Yolo9000_8;1.8325255999999999;0.007028805776232537;2;axe_out_channels1_0,axe_out_channels1_1,axe_xx1_0,axe_yy1_0,axe_out_channels1_2;11;[V f, U (2, f), ULambda y, T (32, c), Hoist_vars [c], T (3, h), T (17, x),  T (3, w), T (4, c), T (2, f),  Lambda_apply y [((Iter 1), (Arg 8)), ((Iter 4), (Arg 15))], T (4, x),  T (2, f), T (2, f)];773.5303955078125
189;Yolo9000_8;1.9731979000000002;0.01026914667779171;2;axe_out_channels1_0,axe_out_channels1_1,axe_xx1_0,axe_yy1_0,axe_out_channels1_2;12;[V f, U (2, f), ULambda y, T (16, c), Hoist_vars [c], T (3, h), T (34, x),  T (3, w), T (8, c), T (1, f),  Lambda_apply y [((Iter 3), (Arg 8)), ((Iter 4), (Arg 11))], T (2, x),  T (4, f), T (2, f)];777.6261329650879
190;Yolo9000_8;1.5420915000000002;0.00604165103676142;2;axe_out_channels1_0,axe_out_channels1_1,axe_xx1_0,axe_yy1_0,axe_out_channels1_2;13;[V f, U (2, f), ULambda y, U (3, h), T (32, c), Hoist_vars [c], T (17, x),  T (3, w), T (4, c), T (1, f),  Lambda_apply y [((Iter 2), (Arg 9)), ((Iter 5), (Arg 10))], T (4, x),  T (2, f), T (4, f)];781.6287701129913
191;Yolo9000_8;1.7219760999999998;0.005898093174069018;2;axe_out_channels1_0,axe_out_channels1_1,axe_xx1_0,axe_yy1_0,axe_out_channels1_2;15;[V f, U (2, f), ULambda y, T (16, c), Hoist_vars [c], T (3, h), T (17, x),  T (3, w), T (8, c), T (1, f),  Lambda_apply y [((Iter 1), (Arg 8)), ((Iter 5), (Arg 12))], T (4, x),  T (8, f), T (1, f)];785.5238904953003
192;Yolo9000_8;1.3455279;0.00512360249141166;1;axe_out_channels_0,axe_out_channels_1,axe_xx_0,axe_yy_0,axe_out_channels_2;25;[V f, U (4, f), U (4, y), U (3, w), T (64, c), Hoist_vars [c], T (34, x),  T (3, h), T (2, c), T (1, f), T (17, y), T (2, x), T (4, f), T (1, f)];789.2425656318665
193;Yolo9000_8;1.4369236;0.007074323207205044;2;axe_out_channels1_0,axe_out_channels1_1,axe_xx1_0,axe_yy1_0,axe_out_channels1_2;14;[V f, U (2, f), ULambda y, T (32, c), Hoist_vars [c], T (3, h), T (17, x),  T (3, w), T (4, c), T (4, f),  Lambda_apply y [((Iter 3), (Arg 8)), ((Iter 4), (Arg 11))], T (4, x),  T (1, f), T (2, f)];793.2548170089722
194;Yolo9000_8;1.3928340000000001;0.0048787771008727025;2;axe_out_channels1_0,axe_out_channels1_1,axe_xx1_0,axe_yy1_0,axe_out_channels1_2;12;[V f, U (2, f), ULambda y, T (32, c), Hoist_vars [c], T (3, h), T (17, x),  T (3, w), T (4, c), T (2, f),  Lambda_apply y [((Iter 2), (Arg 9)), ((Iter 5), (Arg 10))], T (4, x),  T (2, f), T (2, f)];797.2152137756348
195;Yolo9000_8;1.2975704000000001;0.0035746926077636523;2;axe_out_channels1_0,axe_out_channels1_1,axe_xx1_0,axe_yy1_0,axe_out_channels1_2;13;[V f, U (2, f), ULambda y, U (3, h), T (32, c), Hoist_vars [c], T (17, x),  T (3, w), T (4, c), T (2, f),  Lambda_apply y [((Iter 2), (Arg 9)), ((Iter 5), (Arg 10))], T (4, x),  T (1, f), T (4, f)];801.1862807273865
196;Yolo9000_8;1.8265003;0.037539734021567094;1;axe_out_channels_0,axe_out_channels_1,axe_xx_0,axe_yy_0,axe_out_channels_2;24;[V f, U (4, f), U (4, y), U (3, w), T (32, c), Hoist_vars [c], T (68, x),  T (3, h), T (4, c), T (1, f), T (17, y), T (1, x), T (4, f), T (1, f)];804.9053337574005
197;Yolo9000_8;1.3695720999999998;0.004864901673209875;2;axe_out_channels1_0,axe_out_channels1_1,axe_xx1_0,axe_yy1_0,axe_out_channels1_2;14;[V f, U (2, f), ULambda y, T (32, c), Hoist_vars [c], T (3, h), T (17, x),  T (3, w), T (4, c), T (2, f),  Lambda_apply y [((Iter 3), (Arg 8)), ((Iter 4), (Arg 11))], T (4, x),  T (1, f), T (4, f)];808.9153225421906
198;Yolo9000_8;2.053587;0.006927180653050753;2;axe_out_channels1_0,axe_out_channels1_1,axe_xx1_0,axe_yy1_0,axe_out_channels1_2;10;[V f, U (2, f), ULambda y, T (16, c), Hoist_vars [c], T (3, h), T (34, x),  T (3, w), T (8, c), T (2, f),  Lambda_apply y [((Iter 1), (Arg 8)), ((Iter 5), (Arg 12))], T (2, x),  T (1, f), T (4, f)];812.8775985240936
199;Yolo9000_8;1.3309635;0.005588560194719211;2;axe_out_channels1_0,axe_out_channels1_1,axe_xx1_0,axe_yy1_0,axe_out_channels1_2;13;[V f, U (2, f), ULambda y, T (32, c), Hoist_vars [c], T (3, h), T (17, x),  T (3, w), T (4, c), T (2, f),  Lambda_apply y [((Iter 2), (Arg 13)), ((Iter 3), (Arg 14))], T (4, x),  T (1, f), T (4, f)];817.6364953517914
