IdRun;NameConv;Time(ms);std;NbMicroKernel;AxeFuse;SizeAxeFuse;Schema;Time_search(5.328648328781128)
0;MobilNet_5;5.8312420000000005;0.016351382461431148;1;axe_yy_0,axe_xx_0;3;[V f, U (2, f), ULambda y, T (32, c), Hoist_vars [c], T (3, h), T (14, x),  T (3, w), T (8, c), T (1, x),  Lambda_apply y [((Iter 1), (Arg 8)), ((Iter 2), (Arg 10))], T (8, f),  T (2, x), T (1, y)];8.35642123222351
1;MobilNet_5;0.9067591;0.0066052455737845165;1;axe_out_channels_0,axe_out_channels_1,axe_xx_0,axe_yy_0,axe_out_channels_2;11;[V f, U (4, f), U (7, y), U (3, h), T (32, c), Hoist_vars [c], T (14, x),  T (3, w), T (8, c), T (2, f), T (4, y), T (2, x), T (2, f), T (1, f)];10.715815305709839
2;MobilNet_5;0.6734551999999999;0.0030190877032640223;1;axe_out_channels_0,axe_out_channels_1,axe_xx_0,axe_yy_0,axe_out_channels_2;14;[V f, U (4, f), U (7, y), U (3, h), T (32, c), Hoist_vars [c], T (7, x),  T (3, w), T (8, c), T (1, f), T (4, y), T (4, x), T (1, f), T (4, f)];13.038620233535767
3;MobilNet_5;1.3851934;0.023384646096103318;2;axe_out_channels1_0,axe_out_channels1_1,axe_xx1_0,axe_yy1_0,axe_out_channels1_2;9;[V f, U (4, f), ULambda y, U (3, w), T (256, c), Hoist_vars [c], T (28, x),  T (3, h), T (1, c), T (1, f),  Lambda_apply y [((Iter 2), (Arg 5)), ((Iter 3), (Arg 6))], T (1, x),  T (4, f), T (1, f)];15.698080778121948
4;MobilNet_5;0.9628145;0.00910601653029469;1;axe_out_channels_0,axe_out_channels_1,axe_xx_0,axe_yy_0,axe_out_channels_2;10;[V f, U (4, f), U (7, y), U (3, w), T (256, c), Hoist_vars [c], T (28, x),  T (3, h), T (1, c), T (1, f), T (4, y), T (1, x), T (2, f), T (2, f)];17.956523656845093
5;MobilNet_5;0.484269;0.0016400856075217544;1;axe_out_channels_0,axe_out_channels_1,axe_xx_0,axe_yy_0,axe_out_channels_2;11;[V f, U (4, f), U (7, y), U (3, w), T (128, c), Hoist_vars [c], T (14, x),  T (3, h), T (2, c), T (2, f), T (4, y), T (2, x), T (1, f), T (2, f)];20.3456289768219
6;MobilNet_5;1.1345758;0.005606631195290097;1;axe_out_channels_0,axe_out_channels_1,axe_xx_0,axe_yy_0,axe_out_channels_2;10;[V f, U (4, f), U (7, y), U (3, w), T (64, c), Hoist_vars [c], T (28, x),  T (3, h), T (4, c), T (2, f), T (4, y), T (1, x), T (1, f), T (2, f)];22.62812900543213
7;MobilNet_5;0.9179304;0.0054542926250798355;1;axe_out_channels_0,axe_out_channels_1,axe_xx_0,axe_yy_0,axe_out_channels_2;10;[V f, U (4, f), U (7, y), U (3, w), T (128, c), Hoist_vars [c], T (28, x),  T (3, h), T (2, c), T (1, f), T (4, y), T (1, x), T (2, f), T (2, f)];24.868695974349976
8;MobilNet_5;0.7279104999999999;0.030469329868738487;1;axe_out_channels_0,axe_out_channels_1,axe_xx_0,axe_yy_0,axe_out_channels_2;14;[V f, U (4, f), U (4, y), U (3, w), T (32, c), Hoist_vars [c], T (28, x),  T (3, h), T (8, c), T (1, f), T (7, y), T (1, x), T (4, f), T (1, f)];27.05182933807373
9;MobilNet_5;1.0195076000000003;0.0134252315376682;1;axe_out_channels_0,axe_out_channels_1,axe_xx_0,axe_yy_0,axe_out_channels_2;11;[V f, U (4, f), U (7, y), U (3, w), T (256, c), Hoist_vars [c], T (28, x),  T (3, h), T (1, c), T (4, f), T (4, y), T (1, x), T (1, f), T (1, f)];29.31390357017517
10;MobilNet_5;0.6462241000000001;0.03220702243129596;1;axe_out_channels_0,axe_out_channels_1,axe_xx_0,axe_yy_0,axe_out_channels_2;11;[V f, U (4, f), U (7, y), T (32, c), Hoist_vars [c], T (3, h), T (14, x),  T (3, w), T (8, c), T (1, f), T (4, y), T (2, x), T (2, f), T (2, f)];31.67628312110901
11;MobilNet_5;0.5691214;0.02813174323500056;1;axe_out_channels_0,axe_out_channels_1,axe_xx_0,axe_yy_0,axe_out_channels_2;13;[V f, U (4, f), U (4, y), U (3, w), T (256, c), Hoist_vars [c], T (28, x),  T (3, h), T (1, c), T (1, f), T (7, y), T (1, x), T (2, f), T (2, f)];33.85745406150818
12;MobilNet_5;1.0297937999999998;0.008947237660864974;1;axe_out_channels_0,axe_out_channels_1,axe_xx_0,axe_yy_0,axe_out_channels_2;10;[V f, U (4, f), U (7, y), U (3, w), T (256, c), Hoist_vars [c], T (28, x),  T (3, h), T (1, c), T (2, f), T (4, y), T (1, x), T (2, f), T (1, f)];36.10488319396973
13;MobilNet_5;2.1069562;0.008564844444588545;2;axe_xx1_0;28;[V f, U (1, f), ULambda y, U (3, h), T (128, c), Hoist_vars [c], T (3, w),  T (28, x), T (2, c), T (1, y), T (16, f),  Lambda_apply y [((Iter 2), (Arg 9)), ((Iter 1), (Arg 10))]];38.70898485183716
14;MobilNet_5;1.007651;0.004534410038803274;1;axe_out_channels_0,axe_out_channels_1,axe_xx_0,axe_yy_0,axe_out_channels_2;11;[V f, U (4, f), U (7, y), U (3, w), T (128, c), Hoist_vars [c], T (28, x),  T (3, h), T (2, c), T (4, f), T (4, y), T (1, x), T (1, f), T (1, f)];40.95535326004028
15;MobilNet_5;0.5938768;0.00868185124037496;1;axe_out_channels_0,axe_out_channels_1,axe_xx_0,axe_yy_0,axe_out_channels_2;14;[V f, U (4, f), U (4, y), U (3, w), T (64, c), Hoist_vars [c], T (28, x),  T (3, h), T (4, c), T (1, f), T (7, y), T (1, x), T (4, f), T (1, f)];43.154826164245605
16;MobilNet_5;0.5710366;0.033308360092325164;1;axe_out_channels_0,axe_out_channels_1,axe_xx_0,axe_yy_0,axe_out_channels_2;13;[V f, U (4, f), U (7, y), T (32, c), Hoist_vars [c], T (3, h), T (7, x),  T (3, w), T (8, c), T (1, f), T (4, y), T (4, x), T (2, f), T (2, f)];45.40493845939636
17;MobilNet_5;0.6187005000000001;0.004834941659420519;1;axe_out_channels_0,axe_out_channels_1,axe_xx_0,axe_yy_0,axe_out_channels_2;13;[V f, U (4, f), U (7, y), U (3, h), T (32, c), Hoist_vars [c], T (7, x),  T (3, w), T (8, c), T (2, f), T (4, y), T (4, x), T (2, f), T (1, f)];47.67989635467529
18;MobilNet_5;0.5307138;0.007713895679875363;1;axe_out_channels_0,axe_out_channels_1,axe_xx_0,axe_yy_0,axe_out_channels_2;13;[V f, U (4, f), U (4, y), U (3, w), T (128, c), Hoist_vars [c], T (28, x),  T (3, h), T (2, c), T (1, f), T (7, y), T (1, x), T (2, f), T (2, f)];50.01986026763916
19;MobilNet_5;0.6166919;0.01551096317737879;1;axe_out_channels_0,axe_out_channels_1,axe_xx_0,axe_yy_0,axe_out_channels_2;15;[V f, U (4, f), U (4, y), U (3, w), T (32, c), Hoist_vars [c], T (14, x),  T (3, h), T (8, c), T (1, f), T (7, y), T (2, x), T (4, f), T (1, f)];52.32428169250488
20;MobilNet_5;0.4799932;0.003961222255819529;1;axe_out_channels_0,axe_out_channels_1,axe_xx_0,axe_yy_0,axe_out_channels_2;14;[V f, U (4, f), U (4, y), U (3, w), T (128, c), Hoist_vars [c], T (14, x),  T (3, h), T (2, c), T (1, f), T (7, y), T (2, x), T (2, f), T (2, f)];54.57001733779907
21;MobilNet_5;0.4821382000000001;0.0017579002702087466;1;axe_out_channels_0,axe_out_channels_1,axe_xx_0,axe_yy_0,axe_out_channels_2;11;[V f, U (4, f), U (7, y), U (3, w), T (128, c), Hoist_vars [c], T (14, x),  T (3, h), T (2, c), T (2, f), T (4, y), T (2, x), T (2, f), T (1, f)];56.96412134170532
22;MobilNet_5;1.3121128000000002;0.008423900056387157;2;axe_out_channels1_0,axe_out_channels1_1,axe_xx1_0,axe_yy1_0,axe_out_channels1_2;9;[V f, U (4, f), ULambda y, U (3, w), T (128, c), Hoist_vars [c], T (28, x),  T (3, h), T (2, c), T (1, f),  Lambda_apply y [((Iter 2), (Arg 5)), ((Iter 3), (Arg 6))], T (1, x),  T (4, f), T (1, f)];59.704864263534546
23;MobilNet_5;0.8209488;0.06783501047364848;1;axe_out_channels_0,axe_out_channels_1,axe_xx_0,axe_yy_0,axe_out_channels_2;11;[V f, U (4, f), U (7, y), T (32, c), Hoist_vars [c], T (3, h), T (14, x),  T (3, w), T (8, c), T (2, f), T (4, y), T (2, x), T (1, f), T (2, f)];62.04853296279907
24;MobilNet_5;0.6826975;0.006069416516437153;2;axe_yy1_0,axe_xx1_0,axe_out_channels1_0,axe_yy1_1,axe_xx1_1;13;[V f, U (2, f), ULambda y, T (32, c), Hoist_vars [c], T (3, h), T (14, x),  T (3, w), T (8, c), T (2, x), T (1, y), T (8, f), T (1, x),  Lambda_apply y [((Iter 1), (Arg 8)), ((Iter 2), (Arg 10))]];64.60038256645203
25;MobilNet_5;1.3436561;0.04422390898473356;2;axe_yy1_0,axe_xx1_0,axe_out_channels1_0,axe_yy1_1,axe_xx1_1;12;[V f, U (2, f), ULambda y, T (32, c), Hoist_vars [c], T (3, h), T (28, x),  T (3, w), T (8, c), T (1, x), T (1, y), T (8, f), T (1, x),  Lambda_apply y [((Iter 1), (Arg 8)), ((Iter 2), (Arg 10))]];67.3204174041748
26;MobilNet_5;1.3558988;0.013083787775716907;2;axe_out_channels1_0,axe_out_channels1_1,axe_xx1_0,axe_yy1_0,axe_out_channels1_2;8;[V f, U (4, f), ULambda y, U (3, w), T (128, c), Hoist_vars [c], T (28, x),  T (3, h), T (2, c), T (2, f),  Lambda_apply y [((Iter 2), (Arg 5)), ((Iter 3), (Arg 6))], T (1, x),  T (2, f), T (1, f)];70.00568962097168
27;MobilNet_5;9.183105099999999;0.3052242965474571;1;axe_yy_0;1;[V f, U (1, f), ULambda y, U (3, h), T (64, c), Hoist_vars [c], T (3, w),  T (28, x), T (4, c),  Lambda_apply y [((Iter 2), (Arg 9)), ((Iter 1), (Arg 10))], T (16, f),  T (1, y)];73.16978693008423
28;MobilNet_5;0.7527250000000001;0.020059618146913972;1;axe_out_channels_0,axe_out_channels_1,axe_xx_0,axe_yy_0,axe_out_channels_2;14;[V f, U (4, f), U (4, y), U (3, w), T (32, c), Hoist_vars [c], T (28, x),  T (3, h), T (8, c), T (4, f), T (7, y), T (1, x), T (1, f), T (1, f)];75.35461187362671
29;MobilNet_5;0.7961839999999999;0.05647864703053711;1;axe_out_channels_0,axe_out_channels_1,axe_xx_0,axe_yy_0,axe_out_channels_2;14;[V f, U (4, f), U (4, y), U (3, w), T (32, c), Hoist_vars [c], T (28, x),  T (3, h), T (8, c), T (1, f), T (7, y), T (1, x), T (1, f), T (4, f)];77.5588710308075
30;MobilNet_5;0.8642011;0.022694980195849458;2;axe_yy1_0,axe_xx1_0,axe_out_channels1_0,axe_yy1_1,axe_xx1_1;13;[V f, U (2, f), ULambda y, T (32, c), Hoist_vars [c], T (3, h), T (14, x),  T (3, w), T (8, c), T (1, x), T (1, y), T (8, f), T (2, x),  Lambda_apply y [((Iter 1), (Arg 8)), ((Iter 2), (Arg 10))]];80.1161241531372
31;MobilNet_5;0.5222587000000001;0.004323242649909913;1;axe_out_channels_0,axe_out_channels_1,axe_xx_0,axe_yy_0,axe_out_channels_2;15;[V f, U (4, f), U (4, y), U (3, w), T (64, c), Hoist_vars [c], T (14, x),  T (3, h), T (4, c), T (1, f), T (7, y), T (2, x), T (1, f), T (4, f)];82.34478855133057
32;MobilNet_5;0.6342698;0.03007037590320414;2;axe_out_channels1_0,axe_out_channels1_1,axe_xx1_0,axe_yy1_0,axe_out_channels1_2;10;[V f, U (4, f), ULambda y, U (3, w), T (256, c), Hoist_vars [c], T (14, x),  T (3, h), T (1, c), T (4, f),  Lambda_apply y [((Iter 2), (Arg 5)), ((Iter 3), (Arg 6))], T (2, x),  T (1, f), T (1, f)];85.184415102005
33;MobilNet_5;0.4318257;0.00926325489285488;1;axe_out_channels_0,axe_out_channels_1,axe_xx_0,axe_yy_0,axe_out_channels_2;12;[V f, U (4, f), U (7, y), U (3, w), T (256, c), Hoist_vars [c], T (14, x),  T (3, h), T (1, c), T (1, f), T (4, y), T (2, x), T (4, f), T (1, f)];87.56193256378174
34;MobilNet_5;0.43153489999999994;0.002556617431294718;1;axe_out_channels_0,axe_out_channels_1,axe_xx_0,axe_yy_0,axe_out_channels_2;14;[V f, U (4, f), U (4, y), U (3, w), T (64, c), Hoist_vars [c], T (14, x),  T (3, h), T (4, c), T (2, f), T (7, y), T (2, x), T (1, f), T (2, f)];89.81207704544067
35;MobilNet_5;0.5213407;0.006931076526052771;1;axe_out_channels_0,axe_out_channels_1,axe_xx_0,axe_yy_0,axe_out_channels_2;14;[V f, U (4, f), U (7, y), U (3, w), T (32, c), Hoist_vars [c], T (7, x),  T (3, h), T (8, c), T (4, f), T (4, y), T (4, x), T (1, f), T (1, f)];92.08964562416077
36;MobilNet_5;0.7677102;0.04684906334559956;1;axe_out_channels_0,axe_out_channels_1,axe_xx_0,axe_yy_0,axe_out_channels_2;13;[V f, U (4, f), U (4, y), U (3, w), T (32, c), Hoist_vars [c], T (28, x),  T (3, h), T (8, c), T (2, f), T (7, y), T (1, x), T (2, f), T (1, f)];94.26552104949951
37;MobilNet_5;0.45321219999999995;0.01103123583103905;1;axe_out_channels_0,axe_out_channels_1,axe_xx_0,axe_yy_0,axe_out_channels_2;13;[V f, U (4, f), U (7, y), U (3, w), T (256, c), Hoist_vars [c], T (7, x),  T (3, h), T (1, c), T (2, f), T (4, y), T (4, x), T (2, f), T (1, f)];96.5512101650238
38;MobilNet_5;15.848326000000004;0.1625633140576311;1;axe_yy_0;1;[V f, U (1, f), ULambda y, U (3, h), T (128, c), Hoist_vars [c], T (3, w),  T (28, x), T (2, c),  Lambda_apply y [((Iter 2), (Arg 9)), ((Iter 1), (Arg 10))], T (16, f),  T (1, y)];99.98556852340698
39;MobilNet_5;1.2824075999999998;0.05842635836024695;2;axe_out_channels1_0,axe_out_channels1_1,axe_xx1_0,axe_yy1_0,axe_out_channels1_2;8;[V f, U (4, f), ULambda y, U (3, w), T (256, c), Hoist_vars [c], T (28, x),  T (3, h), T (1, c), T (1, f),  Lambda_apply y [((Iter 2), (Arg 5)), ((Iter 3), (Arg 6))], T (1, x),  T (2, f), T (2, f)];102.61930632591248
40;MobilNet_5;0.702459;0.0024684157672483077;1;axe_out_channels_0,axe_out_channels_1,axe_xx_0,axe_yy_0,axe_out_channels_2;11;[V f, U (4, f), U (7, y), U (3, h), T (32, c), Hoist_vars [c], T (14, x),  T (3, w), T (8, c), T (1, f), T (4, y), T (2, x), T (2, f), T (2, f)];105.0009515285492
41;MobilNet_5;0.5260342;0.009436681618026558;1;axe_out_channels_0,axe_out_channels_1,axe_xx_0,axe_yy_0,axe_out_channels_2;13;[V f, U (4, f), U (4, y), U (3, w), T (128, c), Hoist_vars [c], T (28, x),  T (3, h), T (2, c), T (2, f), T (7, y), T (1, x), T (2, f), T (1, f)];107.1811728477478
42;MobilNet_5;0.6029180000000001;0.025350988785449755;2;axe_out_channels1_0,axe_out_channels1_1,axe_xx1_0,axe_yy1_0,axe_out_channels1_2;10;[V f, U (4, f), ULambda y, U (3, w), T (256, c), Hoist_vars [c], T (14, x),  T (3, h), T (1, c), T (1, f),  Lambda_apply y [((Iter 2), (Arg 5)), ((Iter 3), (Arg 6))], T (2, x),  T (1, f), T (4, f)];110.0183174610138
43;MobilNet_5;0.5395912;0.03452496414712111;1;axe_out_channels_0,axe_out_channels_1,axe_xx_0,axe_yy_0,axe_out_channels_2;13;[V f, U (4, f), U (4, y), U (3, w), T (256, c), Hoist_vars [c], T (28, x),  T (3, h), T (1, c), T (2, f), T (7, y), T (1, x), T (1, f), T (2, f)];112.18351793289185
44;MobilNet_5;0.6107934;0.015866970298075194;1;axe_out_channels_0,axe_out_channels_1,axe_xx_0,axe_yy_0,axe_out_channels_2;14;[V f, U (4, f), U (4, y), U (3, w), T (32, c), Hoist_vars [c], T (14, x),  T (3, h), T (8, c), T (1, f), T (7, y), T (2, x), T (2, f), T (2, f)];114.42144870758057
45;MobilNet_5;0.5897949;0.012112564810559324;1;axe_out_channels_0,axe_out_channels_1,axe_xx_0,axe_yy_0,axe_out_channels_2;13;[V f, U (4, f), U (4, y), U (3, w), T (64, c), Hoist_vars [c], T (28, x),  T (3, h), T (4, c), T (1, f), T (7, y), T (1, x), T (2, f), T (2, f)];116.54040145874023
46;MobilNet_5;1.3470033000000001;0.04967109167926553;2;axe_out_channels1_0,axe_out_channels1_1,axe_xx1_0,axe_yy1_0,axe_out_channels1_2;9;[V f, U (4, f), ULambda y, U (3, w), T (256, c), Hoist_vars [c], T (28, x),  T (3, h), T (1, c), T (1, f),  Lambda_apply y [((Iter 2), (Arg 5)), ((Iter 3), (Arg 6))], T (1, x),  T (1, f), T (4, f)];119.16142177581787
47;MobilNet_5;1.3878699;0.010539998258538746;1;axe_out_channels_0,axe_out_channels_1,axe_xx_0,axe_yy_0,axe_out_channels_2;10;[V f, U (4, f), U (7, y), U (3, w), T (32, c), Hoist_vars [c], T (28, x),  T (3, h), T (8, c), T (2, f), T (4, y), T (1, x), T (2, f), T (1, f)];121.42894196510315
48;MobilNet_5;1.3884298000000002;0.005928453741069403;1;axe_out_channels_0,axe_out_channels_1,axe_xx_0,axe_yy_0,axe_out_channels_2;10;[V f, U (4, f), U (7, y), U (3, w), T (32, c), Hoist_vars [c], T (28, x),  T (3, h), T (8, c), T (2, f), T (4, y), T (1, x), T (1, f), T (2, f)];123.72549080848694
49;MobilNet_5;0.4771412;0.014090925482735349;1;axe_out_channels_0,axe_out_channels_1,axe_xx_0,axe_yy_0,axe_out_channels_2;13;[V f, U (4, f), U (7, y), U (3, w), T (256, c), Hoist_vars [c], T (7, x),  T (3, h), T (1, c), T (2, f), T (4, y), T (4, x), T (1, f), T (2, f)];125.98648881912231
50;MobilNet_5;0.4816971;0.001973369121578636;1;axe_out_channels_0,axe_out_channels_1,axe_xx_0,axe_yy_0,axe_out_channels_2;12;[V f, U (4, f), U (7, y), U (3, w), T (128, c), Hoist_vars [c], T (14, x),  T (3, h), T (2, c), T (4, f), T (4, y), T (2, x), T (1, f), T (1, f)];128.29460048675537
51;MobilNet_5;0.6636867000000001;0.03910976405208806;1;axe_out_channels_0,axe_out_channels_1,axe_xx_0,axe_yy_0,axe_out_channels_2;12;[V f, U (4, f), U (7, y), T (32, c), Hoist_vars [c], T (3, h), T (14, x),  T (3, w), T (8, c), T (1, f), T (4, y), T (2, x), T (1, f), T (4, f)];130.6054768562317
52;MobilNet_5;0.6695084999999998;0.0022159555613775472;1;axe_out_channels_0,axe_out_channels_1,axe_xx_0,axe_yy_0,axe_out_channels_2;13;[V f, U (4, f), U (7, y), U (3, h), T (32, c), Hoist_vars [c], T (7, x),  T (3, w), T (8, c), T (1, f), T (4, y), T (4, x), T (2, f), T (2, f)];132.8868215084076
53;MobilNet_5;1.4853195;0.00908540995497728;2;axe_out_channels1_0,axe_out_channels1_1,axe_xx1_0,axe_yy1_0,axe_out_channels1_2;8;[V f, U (4, f), ULambda y, U (3, w), T (64, c), Hoist_vars [c], T (28, x),  T (3, h), T (4, c), T (2, f),  Lambda_apply y [((Iter 2), (Arg 5)), ((Iter 3), (Arg 6))], T (1, x),  T (1, f), T (2, f)];135.58016419410706
54;MobilNet_5;9.2206774;0.06569113413726421;1;axe_yy_0,axe_xx_0;2;[V f, U (2, f), ULambda y, T (32, c), Hoist_vars [c], T (3, h), T (28, x),  T (3, w), T (8, c), T (1, x),  Lambda_apply y [((Iter 1), (Arg 8)), ((Iter 2), (Arg 10))], T (8, f),  T (1, x), T (1, y)];138.72328162193298
55;MobilNet_5;0.4407613;0.008063285894100488;1;axe_yy_0,axe_xx_0,axe_out_channels_0,axe_yy_1,axe_xx_1;16;[V f, U (2, f), U (14, y), T (64, c), Hoist_vars [c], T (3, h), T (7, x),  T (3, w), T (4, c), T (4, x), T (2, y), T (8, f), T (1, x), T (1, y)];140.88106036186218
56;MobilNet_5;0.4762753;0.004895559335765423;1;axe_out_channels_0,axe_out_channels_1,axe_xx_0,axe_yy_0,axe_out_channels_2;14;[V f, U (4, f), U (4, y), U (3, w), T (32, c), Hoist_vars [c], T (14, x),  T (3, h), T (8, c), T (2, f), T (7, y), T (2, x), T (2, f), T (1, f)];143.13231468200684
57;MobilNet_5;0.517194;0.006331639408557644;1;axe_out_channels_0,axe_out_channels_1,axe_xx_0,axe_yy_0,axe_out_channels_2;15;[V f, U (4, f), U (4, y), U (3, w), T (64, c), Hoist_vars [c], T (14, x),  T (3, h), T (4, c), T (1, f), T (7, y), T (2, x), T (4, f), T (1, f)];145.37193179130554
58;MobilNet_5;1.4850051;0.006115186480394556;2;axe_out_channels1_0,axe_out_channels1_1,axe_xx1_0,axe_yy1_0,axe_out_channels1_2;8;[V f, U (4, f), ULambda y, U (3, w), T (64, c), Hoist_vars [c], T (28, x),  T (3, h), T (4, c), T (2, f),  Lambda_apply y [((Iter 2), (Arg 5)), ((Iter 3), (Arg 6))], T (1, x),  T (2, f), T (1, f)];148.05316972732544
59;MobilNet_5;0.44868939999999996;0.001498453349290539;1;axe_out_channels_0,axe_out_channels_1,axe_xx_0,axe_yy_0,axe_out_channels_2;12;[V f, U (4, f), U (7, y), U (3, w), T (128, c), Hoist_vars [c], T (14, x),  T (3, h), T (2, c), T (1, f), T (4, y), T (2, x), T (1, f), T (4, f)];150.44889855384827
60;MobilNet_5;0.48572499999999996;0.03746151772953148;1;axe_out_channels_0,axe_out_channels_1,axe_xx_0,axe_yy_0,axe_out_channels_2;15;[V f, U (4, f), U (4, y), U (3, w), T (256, c), Hoist_vars [c], T (14, x),  T (3, h), T (1, c), T (1, f), T (7, y), T (2, x), T (1, f), T (4, f)];152.68601155281067
61;MobilNet_5;2.9447619;0.007441803026820892;2;axe_xx1_0;28;[V f, U (1, f), ULambda y, U (3, h), T (64, c), Hoist_vars [c], T (3, w),  T (28, x), T (4, c), T (1, y), T (16, f),  Lambda_apply y [((Iter 2), (Arg 9)), ((Iter 1), (Arg 10))]];155.333993434906
62;MobilNet_5;0.48113719999999993;0.005313702904754839;1;axe_out_channels_0,axe_out_channels_1,axe_xx_0,axe_yy_0,axe_out_channels_2;14;[V f, U (4, f), U (4, y), U (3, w), T (32, c), Hoist_vars [c], T (14, x),  T (3, h), T (8, c), T (2, f), T (7, y), T (2, x), T (1, f), T (2, f)];157.56383299827576
63;MobilNet_5;0.6166967;0.024995097627534886;1;axe_out_channels_0,axe_out_channels_1,axe_xx_0,axe_yy_0,axe_out_channels_2;15;[V f, U (4, f), U (4, y), U (3, w), T (32, c), Hoist_vars [c], T (14, x),  T (3, h), T (8, c), T (1, f), T (7, y), T (2, x), T (1, f), T (4, f)];159.84005212783813
64;MobilNet_5;0.8551444;0.04666836480357976;1;axe_out_channels_0,axe_out_channels_1,axe_xx_0,axe_yy_0,axe_out_channels_2;11;[V f, U (4, f), U (7, y), T (32, c), Hoist_vars [c], T (3, h), T (14, x),  T (3, w), T (8, c), T (2, f), T (4, y), T (2, x), T (2, f), T (1, f)];162.15486907958984
65;MobilNet_5;0.9142924000000001;0.0045359069699455025;1;axe_out_channels_0,axe_out_channels_1,axe_xx_0,axe_yy_0,axe_out_channels_2;11;[V f, U (4, f), U (7, y), U (3, w), T (128, c), Hoist_vars [c], T (28, x),  T (3, h), T (2, c), T (1, f), T (4, y), T (1, x), T (4, f), T (1, f)];164.3964068889618
66;MobilNet_5;0.53084;0.004323067059391955;1;axe_yy_0,axe_xx_0,axe_out_channels_0,axe_yy_1,axe_xx_1;15;[V f, U (2, f), U (14, y), T (32, c), Hoist_vars [c], T (3, h), T (7, x),  T (3, w), T (8, c), T (2, x), T (2, y), T (8, f), T (2, x), T (1, y)];166.53001999855042
67;MobilNet_5;0.4705933;0.01351595850874069;1;axe_out_channels_0,axe_out_channels_1,axe_xx_0,axe_yy_0,axe_out_channels_2;14;[V f, U (4, f), U (7, y), U (3, w), T (256, c), Hoist_vars [c], T (7, x),  T (3, h), T (1, c), T (1, f), T (4, y), T (4, x), T (4, f), T (1, f)];168.82143592834473
68;MobilNet_5;0.6096590000000001;0.013228263355406875;1;axe_out_channels_0,axe_out_channels_1,axe_xx_0,axe_yy_0,axe_out_channels_2;14;[V f, U (4, f), U (4, y), U (3, w), T (64, c), Hoist_vars [c], T (28, x),  T (3, h), T (4, c), T (4, f), T (7, y), T (1, x), T (1, f), T (1, f)];171.02462339401245
69;MobilNet_5;0.5623236;0.003978824228336785;1;axe_out_channels_0,axe_out_channels_1,axe_xx_0,axe_yy_0,axe_out_channels_2;11;[V f, U (4, f), U (7, y), U (3, w), T (32, c), Hoist_vars [c], T (14, x),  T (3, h), T (8, c), T (1, f), T (4, y), T (2, x), T (2, f), T (2, f)];173.4041302204132
70;MobilNet_5;0.5405928;0.003356968060616607;1;axe_out_channels_0,axe_out_channels_1,axe_xx_0,axe_yy_0,axe_out_channels_2;14;[V f, U (4, f), U (7, y), U (3, w), T (32, c), Hoist_vars [c], T (7, x),  T (3, h), T (8, c), T (1, f), T (4, y), T (4, x), T (4, f), T (1, f)];175.67538595199585
71;MobilNet_5;0.49618989999999996;0.00367019989782572;1;axe_yy_0,axe_xx_0,axe_out_channels_0,axe_yy_1,axe_xx_1;19;[V f, U (2, f), U (14, y), T (32, c), Hoist_vars [c], T (3, h), T (4, x),  T (3, w), T (8, c), T (7, x), T (2, y), T (8, f), T (1, x), T (1, y)];177.9045445919037
72;MobilNet_5;0.4578017000000001;0.013404828302145465;1;axe_out_channels_0,axe_out_channels_1,axe_xx_0,axe_yy_0,axe_out_channels_2;13;[V f, U (4, f), U (7, y), T (32, c), Hoist_vars [c], T (3, h), T (7, x),  T (3, w), T (8, c), T (2, f), T (4, y), T (4, x), T (1, f), T (2, f)];180.11903858184814
73;MobilNet_5;1.1399941;0.008051343707108803;1;axe_out_channels_0,axe_out_channels_1,axe_xx_0,axe_yy_0,axe_out_channels_2;11;[V f, U (4, f), U (7, y), U (3, w), T (32, c), Hoist_vars [c], T (28, x),  T (3, h), T (8, c), T (1, f), T (4, y), T (1, x), T (1, f), T (4, f)];182.38313674926758
74;MobilNet_5;0.8121350999999999;0.02570005602503623;1;axe_out_channels_0,axe_out_channels_1,axe_xx_0,axe_yy_0,axe_out_channels_2;11;[V f, U (4, f), U (7, y), U (3, w), T (32, c), Hoist_vars [c], T (14, x),  T (3, h), T (8, c), T (2, f), T (4, y), T (2, x), T (2, f), T (1, f)];184.74241828918457
75;MobilNet_5;3.327592;0.005783369675197986;1;axe_xx_0;28;[V f, U (1, f), U (14, y), U (3, h), T (32, c), Hoist_vars [c], T (3, w),  T (28, x), T (8, c), T (2, y), T (16, f), T (1, y)];187.00210666656494
76;MobilNet_5;0.4418385000000001;0.010606613269559707;1;axe_out_channels_0,axe_out_channels_1,axe_xx_0,axe_yy_0,axe_out_channels_2;12;[V f, U (4, f), U (7, y), U (3, w), T (256, c), Hoist_vars [c], T (14, x),  T (3, h), T (1, c), T (1, f), T (4, y), T (2, x), T (1, f), T (4, f)];189.35283994674683
77;MobilNet_5;0.7257477999999999;0.0058898531696469315;1;axe_yy_0,axe_xx_0,axe_out_channels_0,axe_yy_1,axe_xx_1;15;[V f, U (2, f), U (14, y), T (32, c), Hoist_vars [c], T (3, h), T (7, x),  T (3, w), T (8, c), T (2, x), T (1, y), T (8, f), T (2, x), T (2, y)];191.50378274917603
78;MobilNet_5;0.44393710000000003;0.005698757486505288;1;axe_yy_0,axe_xx_0,axe_out_channels_0,axe_yy_1,axe_xx_1;14;[V f, U (2, f), U (14, y), T (32, c), Hoist_vars [c], T (3, h), T (14, x),  T (3, w), T (8, c), T (2, x), T (2, y), T (8, f), T (1, x), T (1, y)];193.71317052841187
79;MobilNet_5;2.1305692;0.007892730640279108;1;axe_xx_0;28;[V f, U (1, f), U (14, y), U (3, h), T (64, c), Hoist_vars [c], T (3, w),  T (28, x), T (4, c), T (1, y), T (16, f), T (2, y)];195.9475154876709
80;MobilNet_5;0.45785639999999994;0.00639927566526087;1;axe_yy_0,axe_xx_0,axe_out_channels_0,axe_yy_1,axe_xx_1;15;[V f, U (2, f), U (14, y), T (64, c), Hoist_vars [c], T (3, h), T (7, x),  T (3, w), T (4, c), T (2, x), T (2, y), T (8, f), T (2, x), T (1, y)];198.10129570960999
81;MobilNet_5;0.5754794000000001;0.01998095833637616;1;axe_yy_0,axe_xx_0,axe_out_channels_0,axe_yy_1,axe_xx_1;15;[V f, U (2, f), U (14, y), T (64, c), Hoist_vars [c], T (3, h), T (7, x),  T (3, w), T (4, c), T (2, x), T (1, y), T (8, f), T (2, x), T (2, y)];200.2757499217987
82;MobilNet_5;1.4184461;0.010601162431073317;2;axe_out_channels1_0,axe_out_channels1_1,axe_xx1_0,axe_yy1_0,axe_out_channels1_2;9;[V f, U (4, f), ULambda y, U (3, w), T (64, c), Hoist_vars [c], T (28, x),  T (3, h), T (4, c), T (1, f),  Lambda_apply y [((Iter 2), (Arg 5)), ((Iter 3), (Arg 6))], T (1, x),  T (1, f), T (4, f)];202.98127460479736
83;MobilNet_5;0.9014676999999999;0.0470113518547382;2;axe_yy1_0,axe_xx1_0,axe_out_channels1_0,axe_yy1_1,axe_xx1_1;14;[V f, U (2, f), ULambda y, T (32, c), Hoist_vars [c], T (3, h), T (14, x),  T (3, w), T (8, c), T (1, x), T (1, y), T (8, f), T (2, x),  Lambda_apply y [((Iter 2), (Arg 8)), ((Iter 1), (Arg 12))]];205.54956674575806
84;MobilNet_5;0.9239917;0.02012269182316321;1;axe_out_channels_0,axe_out_channels_1,axe_xx_0,axe_yy_0,axe_out_channels_2;11;[V f, U (4, f), U (7, y), U (3, w), T (256, c), Hoist_vars [c], T (28, x),  T (3, h), T (1, c), T (1, f), T (4, y), T (1, x), T (4, f), T (1, f)];207.754497051239
85;MobilNet_5;1.3530117000000002;0.009959585915589063;2;axe_out_channels1_0,axe_out_channels1_1,axe_xx1_0,axe_yy1_0,axe_out_channels1_2;8;[V f, U (4, f), ULambda y, U (3, w), T (128, c), Hoist_vars [c], T (28, x),  T (3, h), T (2, c), T (2, f),  Lambda_apply y [((Iter 2), (Arg 5)), ((Iter 3), (Arg 6))], T (1, x),  T (1, f), T (2, f)];210.40493965148926
86;MobilNet_5;0.5251693999999999;0.031338489112272154;1;axe_out_channels_0,axe_out_channels_1,axe_xx_0,axe_yy_0,axe_out_channels_2;14;[V f, U (4, f), U (7, y), T (32, c), Hoist_vars [c], T (3, h), T (7, x),  T (3, w), T (8, c), T (4, f), T (4, y), T (4, x), T (1, f), T (1, f)];212.59217977523804
87;MobilNet_5;0.4858943;0.022971819740934762;1;axe_out_channels_0,axe_out_channels_1,axe_xx_0,axe_yy_0,axe_out_channels_2;15;[V f, U (4, f), U (4, y), U (3, w), T (256, c), Hoist_vars [c], T (14, x),  T (3, h), T (1, c), T (1, f), T (7, y), T (2, x), T (4, f), T (1, f)];214.83770990371704
88;MobilNet_5;5.4048283;0.06130642612002423;1;axe_yy_0,axe_xx_0;3;[V f, U (2, f), ULambda y, T (64, c), Hoist_vars [c], T (3, h), T (7, x),  T (3, w), T (4, c), T (2, x),  Lambda_apply y [((Iter 1), (Arg 13)), ((Iter 1), (Arg 15))], T (8, f),  T (2, x), T (1, y)];217.37475275993347
89;MobilNet_5;0.9138625000000001;0.0043563794198852816;1;axe_out_channels_0,axe_out_channels_1,axe_xx_0,axe_yy_0,axe_out_channels_2;11;[V f, U (4, f), U (7, y), U (3, w), T (128, c), Hoist_vars [c], T (28, x),  T (3, h), T (2, c), T (1, f), T (4, y), T (1, x), T (1, f), T (4, f)];219.60005235671997
90;MobilNet_5;0.5351142;0.0019141136747852707;1;axe_out_channels_0,axe_out_channels_1,axe_xx_0,axe_yy_0,axe_out_channels_2;14;[V f, U (4, f), U (7, y), U (3, w), T (32, c), Hoist_vars [c], T (7, x),  T (3, h), T (8, c), T (1, f), T (4, y), T (4, x), T (1, f), T (4, f)];221.87014532089233
91;MobilNet_5;1.0009001;0.005308420960134962;1;axe_out_channels_0,axe_out_channels_1,axe_xx_0,axe_yy_0,axe_out_channels_2;11;[V f, U (4, f), U (7, y), U (3, w), T (64, c), Hoist_vars [c], T (28, x),  T (3, h), T (4, c), T (1, f), T (4, y), T (1, x), T (1, f), T (4, f)];224.11676692962646
92;MobilNet_5;0.5481901;0.005889769086305494;2;axe_yy1_0,axe_xx1_0,axe_out_channels1_0,axe_yy1_1,axe_xx1_1;15;[V f, U (2, f), ULambda y, T (64, c), Hoist_vars [c], T (3, h), T (7, x),  T (3, w), T (4, c), T (4, x), T (1, y), T (8, f), T (1, x),  Lambda_apply y [((Iter 1), (Arg 13)), ((Iter 1), (Arg 15))]];226.67271161079407
93;MobilNet_5;0.6136548000000001;0.02106171800589876;1;axe_out_channels_0,axe_out_channels_1,axe_xx_0,axe_yy_0,axe_out_channels_2;13;[V f, U (4, f), U (4, y), U (3, w), T (64, c), Hoist_vars [c], T (28, x),  T (3, h), T (4, c), T (2, f), T (7, y), T (1, x), T (1, f), T (2, f)];228.87339639663696
94;MobilNet_5;0.6394825000000001;0.03761015575678993;1;axe_out_channels_0,axe_out_channels_1,axe_xx_0,axe_yy_0,axe_out_channels_2;12;[V f, U (4, f), U (7, y), T (32, c), Hoist_vars [c], T (3, h), T (14, x),  T (3, w), T (8, c), T (1, f), T (4, y), T (2, x), T (4, f), T (1, f)];231.1983323097229
95;MobilNet_5;0.5339338999999999;0.0055324743912647184;2;axe_yy1_0,axe_xx1_0,axe_out_channels1_0,axe_yy1_1,axe_xx1_1;14;[V f, U (2, f), ULambda y, T (64, c), Hoist_vars [c], T (3, h), T (7, x),  T (3, w), T (4, c), T (2, x), T (1, y), T (8, f), T (2, x),  Lambda_apply y [((Iter 1), (Arg 13)), ((Iter 1), (Arg 15))]];233.75267100334167
96;MobilNet_5;1.1456829;0.004414258928744402;1;axe_out_channels_0,axe_out_channels_1,axe_xx_0,axe_yy_0,axe_out_channels_2;10;[V f, U (4, f), U (7, y), U (3, w), T (64, c), Hoist_vars [c], T (28, x),  T (3, h), T (4, c), T (2, f), T (4, y), T (1, x), T (2, f), T (1, f)];236.02363300323486
97;MobilNet_5;3.3054523000000002;0.006581329896760969;1;axe_xx_0;28;[V f, U (1, f), U (14, y), U (3, h), T (32, c), Hoist_vars [c], T (3, w),  T (28, x), T (8, c), T (1, y), T (16, f), T (2, y)];238.3058319091797
98;MobilNet_5;0.43908880000000006;0.005386641955801398;1;axe_yy_0,axe_xx_0,axe_out_channels_0,axe_yy_1,axe_xx_1;14;[V f, U (2, f), U (14, y), T (32, c), Hoist_vars [c], T (3, h), T (14, x),  T (3, w), T (8, c), T (2, x), T (1, y), T (8, f), T (1, x), T (2, y)];240.47585654258728
99;MobilNet_5;0.7515651999999999;0.04349044149649439;1;axe_out_channels_0,axe_out_channels_1,axe_xx_0,axe_yy_0,axe_out_channels_2;13;[V f, U (4, f), U (4, y), U (3, w), T (32, c), Hoist_vars [c], T (28, x),  T (3, h), T (8, c), T (2, f), T (7, y), T (1, x), T (1, f), T (2, f)];242.63603138923645
100;MobilNet_5;2.1093593999999998;0.0051909223303763545;1;axe_xx_0;28;[V f, U (1, f), U (14, y), U (3, h), T (64, c), Hoist_vars [c], T (3, w),  T (28, x), T (4, c), T (2, y), T (16, f), T (1, y)];244.85916328430176
101;MobilNet_5;0.8032973;0.013983497166660424;1;axe_out_channels_0,axe_out_channels_1,axe_xx_0,axe_yy_0,axe_out_channels_2;11;[V f, U (4, f), U (7, y), U (3, w), T (32, c), Hoist_vars [c], T (14, x),  T (3, h), T (8, c), T (2, f), T (4, y), T (2, x), T (1, f), T (2, f)];247.2523775100708
102;MobilNet_5;0.48194100000000006;0.0049999045990898475;1;axe_out_channels_0,axe_out_channels_1,axe_xx_0,axe_yy_0,axe_out_channels_2;13;[V f, U (4, f), U (7, y), U (3, w), T (32, c), Hoist_vars [c], T (7, x),  T (3, h), T (8, c), T (2, f), T (4, y), T (4, x), T (2, f), T (1, f)];249.5141966342926
103;MobilNet_5;0.5173080000000001;0.010921829956559477;1;axe_out_channels_0,axe_out_channels_1,axe_xx_0,axe_yy_0,axe_out_channels_2;14;[V f, U (4, f), U (4, y), U (3, w), T (64, c), Hoist_vars [c], T (14, x),  T (3, h), T (4, c), T (1, f), T (7, y), T (2, x), T (2, f), T (2, f)];251.73054838180542
104;MobilNet_5;0.6263575;0.03839891131594746;2;axe_out_channels1_0,axe_out_channels1_1,axe_xx1_0,axe_yy1_0,axe_out_channels1_2;9;[V f, U (4, f), ULambda y, U (3, w), T (256, c), Hoist_vars [c], T (14, x),  T (3, h), T (1, c), T (2, f),  Lambda_apply y [((Iter 2), (Arg 5)), ((Iter 3), (Arg 6))], T (2, x),  T (2, f), T (1, f)];254.53855752944946
105;MobilNet_5;0.53017;0.026245728963014157;1;axe_out_channels_0,axe_out_channels_1,axe_xx_0,axe_yy_0,axe_out_channels_2;13;[V f, U (4, f), U (4, y), U (3, w), T (256, c), Hoist_vars [c], T (28, x),  T (3, h), T (1, c), T (2, f), T (7, y), T (1, x), T (2, f), T (1, f)];256.7543845176697
106;MobilNet_5;0.45062050000000003;0.010351719598694702;1;axe_yy_0,axe_xx_0,axe_out_channels_0,axe_yy_1,axe_xx_1;16;[V f, U (2, f), U (14, y), T (64, c), Hoist_vars [c], T (3, h), T (7, x),  T (3, w), T (4, c), T (1, x), T (1, y), T (8, f), T (4, x), T (2, y)];258.92092514038086
107;MobilNet_5;0.4471812;0.003252631943518972;1;axe_out_channels_0,axe_out_channels_1,axe_xx_0,axe_yy_0,axe_out_channels_2;12;[V f, U (4, f), U (7, y), U (3, w), T (128, c), Hoist_vars [c], T (14, x),  T (3, h), T (2, c), T (1, f), T (4, y), T (2, x), T (4, f), T (1, f)];261.31356739997864
108;MobilNet_5;0.4378277;0.009225581218004649;1;axe_out_channels_0,axe_out_channels_1,axe_xx_0,axe_yy_0,axe_out_channels_2;11;[V f, U (4, f), U (7, y), U (3, w), T (256, c), Hoist_vars [c], T (14, x),  T (3, h), T (1, c), T (1, f), T (4, y), T (2, x), T (2, f), T (2, f)];263.66817450523376
109;MobilNet_5;0.9089094;0.004447475018479599;1;axe_out_channels_0,axe_out_channels_1,axe_xx_0,axe_yy_0,axe_out_channels_2;11;[V f, U (4, f), U (7, y), U (3, h), T (32, c), Hoist_vars [c], T (14, x),  T (3, w), T (8, c), T (2, f), T (4, y), T (2, x), T (1, f), T (2, f)];266.05098247528076
110;MobilNet_5;0.7799143;0.009709441096685215;2;axe_yy1_0,axe_xx1_0,axe_out_channels1_0,axe_yy1_1,axe_xx1_1;15;[V f, U (2, f), ULambda y, T (64, c), Hoist_vars [c], T (3, h), T (7, x),  T (3, w), T (4, c), T (1, x), T (1, y), T (8, f), T (4, x),  Lambda_apply y [((Iter 1), (Arg 13)), ((Iter 1), (Arg 15))]];268.59426259994507
111;MobilNet_5;0.5631940999999999;0.003472609118515963;1;axe_out_channels_0,axe_out_channels_1,axe_xx_0,axe_yy_0,axe_out_channels_2;12;[V f, U (4, f), U (7, y), U (3, w), T (32, c), Hoist_vars [c], T (14, x),  T (3, h), T (8, c), T (1, f), T (4, y), T (2, x), T (4, f), T (1, f)];270.96047735214233
112;MobilNet_5;1.1452693999999999;0.006046370766005029;1;axe_out_channels_0,axe_out_channels_1,axe_xx_0,axe_yy_0,axe_out_channels_2;11;[V f, U (4, f), U (7, y), U (3, w), T (32, c), Hoist_vars [c], T (28, x),  T (3, h), T (8, c), T (1, f), T (4, y), T (1, x), T (4, f), T (1, f)];273.2039303779602
113;MobilNet_5;0.9967203;0.005277170890733007;1;axe_out_channels_0,axe_out_channels_1,axe_xx_0,axe_yy_0,axe_out_channels_2;10;[V f, U (4, f), U (7, y), U (3, w), T (64, c), Hoist_vars [c], T (28, x),  T (3, h), T (4, c), T (1, f), T (4, y), T (1, x), T (2, f), T (2, f)];275.42630338668823
114;MobilNet_5;0.5393174000000001;0.0059151149135076055;1;axe_out_channels_0,axe_out_channels_1,axe_xx_0,axe_yy_0,axe_out_channels_2;14;[V f, U (4, f), U (4, y), U (3, w), T (128, c), Hoist_vars [c], T (28, x),  T (3, h), T (2, c), T (1, f), T (7, y), T (1, x), T (4, f), T (1, f)];277.56314969062805
115;MobilNet_5;0.4805343000000001;0.043895376175743184;1;axe_out_channels_0,axe_out_channels_1,axe_xx_0,axe_yy_0,axe_out_channels_2;14;[V f, U (4, f), U (4, y), U (3, w), T (256, c), Hoist_vars [c], T (14, x),  T (3, h), T (1, c), T (1, f), T (7, y), T (2, x), T (2, f), T (2, f)];279.8096344470978
116;MobilNet_5;1.484779;0.004165606414437163;2;axe_out_channels1_0,axe_out_channels1_1,axe_xx1_0,axe_yy1_0,axe_out_channels1_2;9;[V f, U (4, f), ULambda y, U (3, w), T (64, c), Hoist_vars [c], T (28, x),  T (3, h), T (4, c), T (4, f),  Lambda_apply y [((Iter 2), (Arg 5)), ((Iter 3), (Arg 6))], T (1, x),  T (1, f), T (1, f)];282.48517537117004
117;MobilNet_5;0.527906;0.007747745491431704;1;axe_out_channels_0,axe_out_channels_1,axe_xx_0,axe_yy_0,axe_out_channels_2;13;[V f, U (4, f), U (4, y), U (3, w), T (128, c), Hoist_vars [c], T (28, x),  T (3, h), T (2, c), T (2, f), T (7, y), T (1, x), T (1, f), T (2, f)];284.66632413864136
118;MobilNet_5;0.4416135;0.04332039999411362;1;axe_out_channels_0,axe_out_channels_1,axe_xx_0,axe_yy_0,axe_out_channels_2;14;[V f, U (4, f), U (4, y), U (3, w), T (256, c), Hoist_vars [c], T (14, x),  T (3, h), T (1, c), T (2, f), T (7, y), T (2, x), T (1, f), T (2, f)];286.8868818283081
119;MobilNet_5;0.4808051;0.0015572759838898302;1;axe_out_channels_0,axe_out_channels_1,axe_xx_0,axe_yy_0,axe_out_channels_2;11;[V f, U (4, f), U (7, y), U (3, w), T (64, c), Hoist_vars [c], T (14, x),  T (3, h), T (4, c), T (1, f), T (4, y), T (2, x), T (2, f), T (2, f)];289.30211448669434
120;MobilNet_5;2.6409516999999996;0.03226184319920372;1;axe_yy_0,axe_xx_0;5;[V f, U (2, f), ULambda y, T (64, c), Hoist_vars [c], T (3, h), T (7, x),  T (3, w), T (4, c), T (1, x),  Lambda_apply y [((Iter 1), (Arg 13)), ((Iter 1), (Arg 15))], T (8, f),  T (4, x), T (1, y)];291.6432399749756
121;MobilNet_5;0.9977114;0.016165110214285575;1;axe_out_channels_0,axe_out_channels_1,axe_xx_0,axe_yy_0,axe_out_channels_2;10;[V f, U (4, f), U (7, y), U (3, w), T (256, c), Hoist_vars [c], T (28, x),  T (3, h), T (1, c), T (2, f), T (4, y), T (1, x), T (1, f), T (2, f)];293.852810382843
122;MobilNet_5;0.5866245;0.03689488049106543;2;axe_out_channels1_0,axe_out_channels1_1,axe_xx1_0,axe_yy1_0,axe_out_channels1_2;10;[V f, U (4, f), ULambda y, U (3, w), T (256, c), Hoist_vars [c], T (14, x),  T (3, h), T (1, c), T (1, f),  Lambda_apply y [((Iter 2), (Arg 5)), ((Iter 3), (Arg 6))], T (2, x),  T (4, f), T (1, f)];296.67255425453186
123;MobilNet_5;0.6282757999999999;0.038499181232332744;2;axe_out_channels1_0,axe_out_channels1_1,axe_xx1_0,axe_yy1_0,axe_out_channels1_2;9;[V f, U (4, f), ULambda y, U (3, w), T (256, c), Hoist_vars [c], T (14, x),  T (3, h), T (1, c), T (2, f),  Lambda_apply y [((Iter 2), (Arg 5)), ((Iter 3), (Arg 6))], T (2, x),  T (1, f), T (2, f)];299.52402424812317
124;MobilNet_5;5.658067900000001;0.039286032506350224;1;axe_yy_0,axe_xx_0;3;[V f, U (2, f), ULambda y, T (32, c), Hoist_vars [c], T (3, h), T (14, x),  T (3, w), T (8, c), T (1, x),  Lambda_apply y [((Iter 2), (Arg 8)), ((Iter 1), (Arg 12))], T (8, f),  T (2, x), T (1, y)];302.0048484802246
125;MobilNet_5;1.0007328000000002;0.007219215217736577;1;axe_out_channels_0,axe_out_channels_1,axe_xx_0,axe_yy_0,axe_out_channels_2;10;[V f, U (4, f), U (7, y), U (3, w), T (128, c), Hoist_vars [c], T (28, x),  T (3, h), T (2, c), T (2, f), T (4, y), T (1, x), T (2, f), T (1, f)];304.24161291122437
126;MobilNet_5;0.4591049;0.011354286287125226;1;axe_out_channels_0,axe_out_channels_1,axe_xx_0,axe_yy_0,axe_out_channels_2;14;[V f, U (4, f), U (7, y), U (3, w), T (256, c), Hoist_vars [c], T (7, x),  T (3, h), T (1, c), T (1, f), T (4, y), T (4, x), T (1, f), T (4, f)];306.4954228401184
127;MobilNet_5;0.5875544;0.003926353224049019;1;axe_out_channels_0,axe_out_channels_1,axe_xx_0,axe_yy_0,axe_out_channels_2;11;[V f, U (4, f), U (7, y), U (3, w), T (64, c), Hoist_vars [c], T (14, x),  T (3, h), T (4, c), T (2, f), T (4, y), T (2, x), T (1, f), T (2, f)];308.8731687068939
128;MobilNet_5;0.9980209999999999;0.008341008787910508;1;axe_out_channels_0,axe_out_channels_1,axe_xx_0,axe_yy_0,axe_out_channels_2;10;[V f, U (4, f), U (7, y), U (3, w), T (128, c), Hoist_vars [c], T (28, x),  T (3, h), T (2, c), T (2, f), T (4, y), T (1, x), T (1, f), T (2, f)];311.1035852432251
129;MobilNet_5;0.5686365;0.016094222095211667;1;axe_yy_0,axe_xx_0,axe_out_channels_0,axe_yy_1,axe_xx_1;16;[V f, U (2, f), U (14, y), T (64, c), Hoist_vars [c], T (3, h), T (7, x),  T (3, w), T (4, c), T (1, x), T (2, y), T (8, f), T (4, x), T (1, y)];313.2760753631592
130;MobilNet_5;1.000024;0.004674349131162553;1;axe_out_channels_0,axe_out_channels_1,axe_xx_0,axe_yy_0,axe_out_channels_2;11;[V f, U (4, f), U (7, y), U (3, w), T (64, c), Hoist_vars [c], T (28, x),  T (3, h), T (4, c), T (1, f), T (4, y), T (1, x), T (4, f), T (1, f)];315.5189297199249
131;MobilNet_5;0.45302800000000004;0.004711920224282248;1;axe_out_channels_0,axe_out_channels_1,axe_xx_0,axe_yy_0,axe_out_channels_2;12;[V f, U (4, f), U (7, y), U (3, w), T (256, c), Hoist_vars [c], T (14, x),  T (3, h), T (1, c), T (4, f), T (4, y), T (2, x), T (1, f), T (1, f)];317.80871772766113
132;MobilNet_5;0.9199715000000002;0.022650755547001078;1;axe_out_channels_0,axe_out_channels_1,axe_xx_0,axe_yy_0,axe_out_channels_2;12;[V f, U (4, f), U (7, y), U (3, h), T (32, c), Hoist_vars [c], T (14, x),  T (3, w), T (8, c), T (4, f), T (4, y), T (2, x), T (1, f), T (1, f)];320.1198170185089
133;MobilNet_5;0.4545656;0.005154653648888555;1;axe_yy_0,axe_xx_0,axe_out_channels_0,axe_yy_1,axe_xx_1;14;[V f, U (2, f), U (14, y), T (32, c), Hoist_vars [c], T (3, h), T (14, x),  T (3, w), T (8, c), T (1, x), T (2, y), T (8, f), T (2, x), T (1, y)];322.2757487297058
134;MobilNet_5;0.45628660000000004;0.007809764710924394;1;axe_out_channels_0,axe_out_channels_1,axe_xx_0,axe_yy_0,axe_out_channels_2;11;[V f, U (4, f), U (7, y), U (3, w), T (256, c), Hoist_vars [c], T (14, x),  T (3, h), T (1, c), T (2, f), T (4, y), T (2, x), T (1, f), T (2, f)];324.6442129611969
135;MobilNet_5;0.6588820999999999;0.005244936481026227;1;axe_out_channels_0,axe_out_channels_1,axe_xx_0,axe_yy_0,axe_out_channels_2;14;[V f, U (4, f), U (7, y), U (3, h), T (32, c), Hoist_vars [c], T (7, x),  T (3, w), T (8, c), T (4, f), T (4, y), T (4, x), T (1, f), T (1, f)];326.8755714893341
136;MobilNet_5;0.4906574;0.017298847916552108;1;axe_out_channels_0,axe_out_channels_1,axe_xx_0,axe_yy_0,axe_out_channels_2;14;[V f, U (4, f), U (4, y), U (3, w), T (256, c), Hoist_vars [c], T (28, x),  T (3, h), T (1, c), T (1, f), T (7, y), T (1, x), T (4, f), T (1, f)];328.9945249557495
137;MobilNet_5;1.2805834;0.04619399433302991;2;axe_out_channels1_0,axe_out_channels1_1,axe_xx1_0,axe_yy1_0,axe_out_channels1_2;8;[V f, U (4, f), ULambda y, U (3, w), T (256, c), Hoist_vars [c], T (28, x),  T (3, h), T (1, c), T (2, f),  Lambda_apply y [((Iter 2), (Arg 5)), ((Iter 3), (Arg 6))], T (1, x),  T (2, f), T (1, f)];331.6373198032379
138;MobilNet_5;1.2504145;0.009297827705975195;2;axe_out_channels1_0,axe_out_channels1_1,axe_xx1_0,axe_yy1_0,axe_out_channels1_2;9;[V f, U (4, f), ULambda y, U (3, w), T (256, c), Hoist_vars [c], T (28, x),  T (3, h), T (1, c), T (4, f),  Lambda_apply y [((Iter 2), (Arg 5)), ((Iter 3), (Arg 6))], T (1, x),  T (1, f), T (1, f)];334.2615466117859
139;MobilNet_5;9.9745622;0.02340684330190621;1;axe_yy_0,axe_xx_0;2;[V f, U (2, f), ULambda y, T (32, c), Hoist_vars [c], T (3, h), T (14, x),  T (3, w), T (8, c), T (2, x),  Lambda_apply y [((Iter 2), (Arg 8)), ((Iter 1), (Arg 12))], T (8, f),  T (1, x), T (1, y)];337.4445345401764
140;MobilNet_5;1.2878373;0.007852969706423149;2;axe_out_channels1_0,axe_out_channels1_1,axe_xx1_0,axe_yy1_0,axe_out_channels1_2;9;[V f, U (4, f), ULambda y, U (3, w), T (128, c), Hoist_vars [c], T (28, x),  T (3, h), T (2, c), T (1, f),  Lambda_apply y [((Iter 2), (Arg 5)), ((Iter 3), (Arg 6))], T (1, x),  T (1, f), T (4, f)];340.0799300670624
141;MobilNet_5;0.8214874999999999;0.06488297309502704;1;axe_out_channels_0,axe_out_channels_1,axe_xx_0,axe_yy_0,axe_out_channels_2;12;[V f, U (4, f), U (7, y), T (32, c), Hoist_vars [c], T (3, h), T (14, x),  T (3, w), T (8, c), T (4, f), T (4, y), T (2, x), T (1, f), T (1, f)];342.3676495552063
142;MobilNet_5;0.44445400000000007;0.0024656272224324576;1;axe_out_channels_0,axe_out_channels_1,axe_xx_0,axe_yy_0,axe_out_channels_2;11;[V f, U (4, f), U (7, y), U (3, w), T (128, c), Hoist_vars [c], T (14, x),  T (3, h), T (2, c), T (1, f), T (4, y), T (2, x), T (2, f), T (2, f)];344.68445110321045
143;MobilNet_5;0.46820570000000006;0.004339276023716387;1;axe_out_channels_0,axe_out_channels_1,axe_xx_0,axe_yy_0,axe_out_channels_2;15;[V f, U (4, f), U (4, y), U (3, w), T (64, c), Hoist_vars [c], T (14, x),  T (3, h), T (4, c), T (4, f), T (7, y), T (2, x), T (1, f), T (1, f)];346.90120124816895
144;MobilNet_5;0.46092560000000005;0.00755066705927366;1;axe_out_channels_0,axe_out_channels_1,axe_xx_0,axe_yy_0,axe_out_channels_2;11;[V f, U (4, f), U (7, y), U (3, w), T (256, c), Hoist_vars [c], T (14, x),  T (3, h), T (1, c), T (2, f), T (4, y), T (2, x), T (2, f), T (1, f)];349.2393391132355
145;MobilNet_5;0.4643467;0.008278668106042187;1;axe_out_channels_0,axe_out_channels_1,axe_xx_0,axe_yy_0,axe_out_channels_2;15;[V f, U (4, f), U (4, y), U (3, w), T (128, c), Hoist_vars [c], T (14, x),  T (3, h), T (2, c), T (1, f), T (7, y), T (2, x), T (1, f), T (4, f)];351.4687373638153
146;MobilNet_5;0.5144102000000002;0.006528184139559798;1;axe_out_channels_0,axe_out_channels_1,axe_xx_0,axe_yy_0,axe_out_channels_2;15;[V f, U (4, f), U (4, y), U (3, w), T (32, c), Hoist_vars [c], T (14, x),  T (3, h), T (8, c), T (4, f), T (7, y), T (2, x), T (1, f), T (1, f)];353.6768960952759
147;MobilNet_5;0.5887874;0.00485058580379731;1;axe_out_channels_0,axe_out_channels_1,axe_xx_0,axe_yy_0,axe_out_channels_2;12;[V f, U (4, f), U (7, y), U (3, w), T (64, c), Hoist_vars [c], T (14, x),  T (3, h), T (4, c), T (4, f), T (4, y), T (2, x), T (1, f), T (1, f)];355.9732837677002
148;MobilNet_5;1.5204264;0.0048405953807357256;1;axe_xx_0;28;[V f, U (1, f), U (14, y), U (3, h), T (128, c), Hoist_vars [c], T (3, w),  T (28, x), T (2, c), T (1, y), T (16, f), T (2, y)];358.1784522533417
149;MobilNet_5;0.5973479;0.04511702255346646;1;axe_out_channels_0,axe_out_channels_1,axe_xx_0,axe_yy_0,axe_out_channels_2;14;[V f, U (4, f), U (7, y), T (32, c), Hoist_vars [c], T (3, h), T (7, x),  T (3, w), T (8, c), T (1, f), T (4, y), T (4, x), T (1, f), T (4, f)];360.39733028411865
150;MobilNet_5;0.7162035999999999;0.01407294150630916;1;axe_yy_0,axe_xx_0,axe_out_channels_0,axe_yy_1,axe_xx_1;16;[V f, U (2, f), U (14, y), T (32, c), Hoist_vars [c], T (3, h), T (7, x),  T (3, w), T (8, c), T (1, x), T (2, y), T (8, f), T (4, x), T (1, y)];362.5459015369415
151;MobilNet_5;1.5135535;0.004663715862914527;1;axe_xx_0;28;[V f, U (1, f), U (14, y), U (3, h), T (128, c), Hoist_vars [c], T (3, w),  T (28, x), T (2, c), T (2, y), T (16, f), T (1, y)];364.7398428916931
152;MobilNet_5;0.5291563;0.013730074231773089;1;axe_out_channels_0,axe_out_channels_1,axe_xx_0,axe_yy_0,axe_out_channels_2;14;[V f, U (4, f), U (4, y), U (3, w), T (128, c), Hoist_vars [c], T (28, x),  T (3, h), T (2, c), T (4, f), T (7, y), T (1, x), T (1, f), T (1, f)];366.8739721775055
153;MobilNet_5;0.6119154;0.012139472708482864;1;axe_out_channels_0,axe_out_channels_1,axe_xx_0,axe_yy_0,axe_out_channels_2;13;[V f, U (4, f), U (4, y), U (3, w), T (64, c), Hoist_vars [c], T (28, x),  T (3, h), T (4, c), T (2, f), T (7, y), T (1, x), T (2, f), T (1, f)];369.02133417129517
154;MobilNet_5;0.6185069999999999;0.005238612335342253;1;axe_out_channels_0,axe_out_channels_1,axe_xx_0,axe_yy_0,axe_out_channels_2;13;[V f, U (4, f), U (7, y), U (3, h), T (32, c), Hoist_vars [c], T (7, x),  T (3, w), T (8, c), T (2, f), T (4, y), T (4, x), T (1, f), T (2, f)];371.2365117073059
155;MobilNet_5;0.5114309;0.002891298512779318;1;axe_yy_0,axe_xx_0,axe_out_channels_0,axe_yy_1,axe_xx_1;16;[V f, U (2, f), U (14, y), T (32, c), Hoist_vars [c], T (3, h), T (7, x),  T (3, w), T (8, c), T (4, x), T (2, y), T (8, f), T (1, x), T (1, y)];373.3779673576355
156;MobilNet_5;1.3403727;0.008926256461137542;2;axe_out_channels1_0,axe_out_channels1_1,axe_xx1_0,axe_yy1_0,axe_out_channels1_2;9;[V f, U (4, f), ULambda y, U (3, w), T (128, c), Hoist_vars [c], T (28, x),  T (3, h), T (2, c), T (4, f),  Lambda_apply y [((Iter 2), (Arg 5)), ((Iter 3), (Arg 6))], T (1, x),  T (1, f), T (1, f)];376.0163838863373
157;MobilNet_5;0.5955372999999999;0.03900483228793582;1;axe_out_channels_0,axe_out_channels_1,axe_xx_0,axe_yy_0,axe_out_channels_2;14;[V f, U (4, f), U (7, y), T (32, c), Hoist_vars [c], T (3, h), T (7, x),  T (3, w), T (8, c), T (1, f), T (4, y), T (4, x), T (4, f), T (1, f)];378.25897693634033
158;MobilNet_5;1.2744977;0.04549358378727714;2;axe_out_channels1_0,axe_out_channels1_1,axe_xx1_0,axe_yy1_0,axe_out_channels1_2;8;[V f, U (4, f), ULambda y, U (3, w), T (256, c), Hoist_vars [c], T (28, x),  T (3, h), T (1, c), T (2, f),  Lambda_apply y [((Iter 2), (Arg 5)), ((Iter 3), (Arg 6))], T (1, x),  T (1, f), T (2, f)];380.88407254219055
159;MobilNet_5;0.9203574999999999;0.01079999075231087;1;axe_out_channels_0,axe_out_channels_1,axe_xx_0,axe_yy_0,axe_out_channels_2;11;[V f, U (4, f), U (7, y), U (3, w), T (256, c), Hoist_vars [c], T (28, x),  T (3, h), T (1, c), T (1, f), T (4, y), T (1, x), T (1, f), T (4, f)];383.10283970832825
160;MobilNet_5;1.4156813;0.005109817923370648;2;axe_out_channels1_0,axe_out_channels1_1,axe_xx1_0,axe_yy1_0,axe_out_channels1_2;9;[V f, U (4, f), ULambda y, U (3, w), T (64, c), Hoist_vars [c], T (28, x),  T (3, h), T (4, c), T (1, f),  Lambda_apply y [((Iter 2), (Arg 5)), ((Iter 3), (Arg 6))], T (1, x),  T (4, f), T (1, f)];385.7198739051819
161;MobilNet_5;0.4901152000000001;0.017989449445716794;1;axe_out_channels_0,axe_out_channels_1,axe_xx_0,axe_yy_0,axe_out_channels_2;14;[V f, U (4, f), U (4, y), U (3, w), T (256, c), Hoist_vars [c], T (28, x),  T (3, h), T (1, c), T (1, f), T (7, y), T (1, x), T (1, f), T (4, f)];387.8620104789734
162;MobilNet_5;0.5333232000000001;0.0027640929723871275;1;axe_out_channels_0,axe_out_channels_1,axe_xx_0,axe_yy_0,axe_out_channels_2;13;[V f, U (4, f), U (7, y), U (3, w), T (32, c), Hoist_vars [c], T (7, x),  T (3, h), T (8, c), T (1, f), T (4, y), T (4, x), T (2, f), T (2, f)];390.1158301830292
163;MobilNet_5;0.4627458;0.003932353717558995;1;axe_out_channels_0,axe_out_channels_1,axe_xx_0,axe_yy_0,axe_out_channels_2;14;[V f, U (4, f), U (7, y), U (3, w), T (256, c), Hoist_vars [c], T (7, x),  T (3, h), T (1, c), T (4, f), T (4, y), T (4, x), T (1, f), T (1, f)];392.35620307922363
164;MobilNet_5;0.48262489999999997;0.012110454181821587;1;axe_out_channels_0,axe_out_channels_1,axe_xx_0,axe_yy_0,axe_out_channels_2;14;[V f, U (4, f), U (4, y), U (3, w), T (256, c), Hoist_vars [c], T (28, x),  T (3, h), T (1, c), T (4, f), T (7, y), T (1, x), T (1, f), T (1, f)];394.5041344165802
165;MobilNet_5;0.5187927999999999;0.01031885978972483;1;axe_out_channels_0,axe_out_channels_1,axe_xx_0,axe_yy_0,axe_out_channels_2;14;[V f, U (4, f), U (4, y), U (3, w), T (128, c), Hoist_vars [c], T (28, x),  T (3, h), T (2, c), T (1, f), T (7, y), T (1, x), T (1, f), T (4, f)];396.6207981109619
166;MobilNet_5;1.3876569;0.01325614517459733;1;axe_out_channels_0,axe_out_channels_1,axe_xx_0,axe_yy_0,axe_out_channels_2;11;[V f, U (4, f), U (7, y), U (3, w), T (32, c), Hoist_vars [c], T (28, x),  T (3, h), T (8, c), T (4, f), T (4, y), T (1, x), T (1, f), T (1, f)];398.8530128002167
167;MobilNet_5;0.5224996;0.01090931347244178;1;axe_yy_0,axe_xx_0,axe_out_channels_0,axe_yy_1,axe_xx_1;16;[V f, U (2, f), U (14, y), T (32, c), Hoist_vars [c], T (3, h), T (7, x),  T (3, w), T (8, c), T (1, x), T (1, y), T (8, f), T (4, x), T (2, y)];400.9960038661957
168;MobilNet_5;1.1482136;0.00641225559690195;1;axe_out_channels_0,axe_out_channels_1,axe_xx_0,axe_yy_0,axe_out_channels_2;11;[V f, U (4, f), U (7, y), U (3, w), T (64, c), Hoist_vars [c], T (28, x),  T (3, h), T (4, c), T (4, f), T (4, y), T (1, x), T (1, f), T (1, f)];403.2131395339966
169;MobilNet_5;0.5835243;0.003673768829145346;1;axe_out_channels_0,axe_out_channels_1,axe_xx_0,axe_yy_0,axe_out_channels_2;11;[V f, U (4, f), U (7, y), U (3, w), T (64, c), Hoist_vars [c], T (14, x),  T (3, h), T (4, c), T (2, f), T (4, y), T (2, x), T (2, f), T (1, f)];405.58211302757263
170;MobilNet_5;0.5612229999999999;0.0032356153665106875;1;axe_out_channels_0,axe_out_channels_1,axe_xx_0,axe_yy_0,axe_out_channels_2;12;[V f, U (4, f), U (7, y), U (3, w), T (32, c), Hoist_vars [c], T (14, x),  T (3, h), T (8, c), T (1, f), T (4, y), T (2, x), T (1, f), T (4, f)];407.97784185409546
171;MobilNet_5;0.4388451;0.0052769479900791096;1;axe_out_channels_0,axe_out_channels_1,axe_xx_0,axe_yy_0,axe_out_channels_2;15;[V f, U (4, f), U (4, y), U (3, w), T (128, c), Hoist_vars [c], T (14, x),  T (3, h), T (2, c), T (4, f), T (7, y), T (2, x), T (1, f), T (1, f)];410.21048069000244
172;MobilNet_5;0.4528454;0.007301665620938842;1;axe_out_channels_0,axe_out_channels_1,axe_xx_0,axe_yy_0,axe_out_channels_2;13;[V f, U (4, f), U (7, y), U (3, w), T (256, c), Hoist_vars [c], T (7, x),  T (3, h), T (1, c), T (1, f), T (4, y), T (4, x), T (2, f), T (2, f)];412.46963596343994
173;MobilNet_5;0.5614019000000001;0.01931670268161729;2;axe_out_channels1_0,axe_out_channels1_1,axe_xx1_0,axe_yy1_0,axe_out_channels1_2;9;[V f, U (4, f), ULambda y, U (3, w), T (256, c), Hoist_vars [c], T (14, x),  T (3, h), T (1, c), T (1, f),  Lambda_apply y [((Iter 2), (Arg 5)), ((Iter 3), (Arg 6))], T (2, x),  T (2, f), T (2, f)];415.3037657737732
174;MobilNet_5;0.6723231000000001;0.002362340257033275;1;axe_out_channels_0,axe_out_channels_1,axe_xx_0,axe_yy_0,axe_out_channels_2;14;[V f, U (4, f), U (7, y), U (3, h), T (32, c), Hoist_vars [c], T (7, x),  T (3, w), T (8, c), T (1, f), T (4, y), T (4, x), T (4, f), T (1, f)];417.5433540344238
175;MobilNet_5;0.709334;0.003958004067708883;1;axe_out_channels_0,axe_out_channels_1,axe_xx_0,axe_yy_0,axe_out_channels_2;12;[V f, U (4, f), U (7, y), U (3, h), T (32, c), Hoist_vars [c], T (14, x),  T (3, w), T (8, c), T (1, f), T (4, y), T (2, x), T (1, f), T (4, f)];419.92530703544617
176;MobilNet_5;0.4844564;0.004243690615490249;1;axe_out_channels_0,axe_out_channels_1,axe_xx_0,axe_yy_0,axe_out_channels_2;13;[V f, U (4, f), U (7, y), U (3, w), T (32, c), Hoist_vars [c], T (7, x),  T (3, h), T (8, c), T (2, f), T (4, y), T (4, x), T (1, f), T (2, f)];422.18170738220215
177;MobilNet_5;0.8168367;0.013705283609250857;1;axe_out_channels_0,axe_out_channels_1,axe_xx_0,axe_yy_0,axe_out_channels_2;12;[V f, U (4, f), U (7, y), U (3, w), T (32, c), Hoist_vars [c], T (14, x),  T (3, h), T (8, c), T (4, f), T (4, y), T (2, x), T (1, f), T (1, f)];424.47903776168823
178;MobilNet_5;1.2808964;0.007495131422463528;2;axe_out_channels1_0,axe_out_channels1_1,axe_xx1_0,axe_yy1_0,axe_out_channels1_2;8;[V f, U (4, f), ULambda y, U (3, w), T (128, c), Hoist_vars [c], T (28, x),  T (3, h), T (2, c), T (1, f),  Lambda_apply y [((Iter 2), (Arg 5)), ((Iter 3), (Arg 6))], T (1, x),  T (2, f), T (2, f)];427.10854935646057
179;MobilNet_5;9.954893099999998;0.03961468111054293;1;axe_yy_0,axe_xx_0;2;[V f, U (2, f), ULambda y, T (64, c), Hoist_vars [c], T (3, h), T (7, x),  T (3, w), T (4, c), T (4, x),  Lambda_apply y [((Iter 1), (Arg 13)), ((Iter 1), (Arg 15))], T (8, f),  T (1, x), T (1, y)];430.3161633014679
180;MobilNet_5;0.8102388999999999;0.03571796921844803;1;axe_out_channels_0,axe_out_channels_1,axe_xx_0,axe_yy_0,axe_out_channels_2;13;[V f, U (4, f), U (4, y), U (3, w), T (32, c), Hoist_vars [c], T (28, x),  T (3, h), T (8, c), T (1, f), T (7, y), T (1, x), T (2, f), T (2, f)];432.4557671546936
181;MobilNet_5;0.5840776;0.01235098286129489;1;axe_yy_0,axe_xx_0,axe_out_channels_0,axe_yy_1,axe_xx_1;14;[V f, U (2, f), U (14, y), T (32, c), Hoist_vars [c], T (3, h), T (14, x),  T (3, w), T (8, c), T (1, x), T (1, y), T (8, f), T (2, x), T (2, y)];434.60790824890137
182;MobilNet_5;0.5132947999999999;0.005146012335779996;1;axe_yy_0,axe_xx_0,axe_out_channels_0,axe_yy_1,axe_xx_1;16;[V f, U (2, f), U (14, y), T (32, c), Hoist_vars [c], T (3, h), T (7, x),  T (3, w), T (8, c), T (4, x), T (1, y), T (8, f), T (1, x), T (2, y)];436.73770475387573
183;MobilNet_5;10.122050499999999;0.022847275821200354;1;axe_yy_0,axe_xx_0;2;[V f, U (2, f), ULambda y, T (32, c), Hoist_vars [c], T (3, h), T (14, x),  T (3, w), T (8, c), T (2, x),  Lambda_apply y [((Iter 1), (Arg 8)), ((Iter 2), (Arg 10))], T (8, f),  T (1, x), T (1, y)];439.8880534172058
184;MobilNet_5;0.7148097999999999;0.005476030109486256;2;axe_yy1_0,axe_xx1_0,axe_out_channels1_0,axe_yy1_1,axe_xx1_1;14;[V f, U (2, f), ULambda y, T (32, c), Hoist_vars [c], T (3, h), T (14, x),  T (3, w), T (8, c), T (2, x), T (1, y), T (8, f), T (1, x),  Lambda_apply y [((Iter 2), (Arg 8)), ((Iter 1), (Arg 12))]];442.413601398468
185;MobilNet_5;0.4610684000000001;0.005600918785342279;1;axe_out_channels_0,axe_out_channels_1,axe_xx_0,axe_yy_0,axe_out_channels_2;15;[V f, U (4, f), U (4, y), U (3, w), T (128, c), Hoist_vars [c], T (14, x),  T (3, h), T (2, c), T (1, f), T (7, y), T (2, x), T (4, f), T (1, f)];444.6600716114044
186;MobilNet_5;0.4078387;0.002955203311110758;1;axe_out_channels_0,axe_out_channels_1,axe_xx_0,axe_yy_0,axe_out_channels_2;14;[V f, U (4, f), U (4, y), U (3, w), T (128, c), Hoist_vars [c], T (14, x),  T (3, h), T (2, c), T (2, f), T (7, y), T (2, x), T (2, f), T (1, f)];446.89459204673767
187;MobilNet_5;0.6342836000000001;0.021531237197151477;1;axe_out_channels_0,axe_out_channels_1,axe_xx_0,axe_yy_0,axe_out_channels_2;14;[V f, U (4, f), U (4, y), U (3, w), T (64, c), Hoist_vars [c], T (28, x),  T (3, h), T (4, c), T (1, f), T (7, y), T (1, x), T (1, f), T (4, f)];449.0200481414795
188;MobilNet_5;1.4118464000000004;0.00761030953641175;2;axe_out_channels1_0,axe_out_channels1_1,axe_xx1_0,axe_yy1_0,axe_out_channels1_2;8;[V f, U (4, f), ULambda y, U (3, w), T (64, c), Hoist_vars [c], T (28, x),  T (3, h), T (4, c), T (1, f),  Lambda_apply y [((Iter 2), (Arg 5)), ((Iter 3), (Arg 6))], T (1, x),  T (2, f), T (2, f)];451.6675136089325
189;MobilNet_5;0.43250099999999997;0.005764312170588956;1;axe_yy_0,axe_xx_0,axe_out_channels_0,axe_yy_1,axe_xx_1;16;[V f, U (2, f), U (14, y), T (64, c), Hoist_vars [c], T (3, h), T (7, x),  T (3, w), T (4, c), T (4, x), T (1, y), T (8, f), T (1, x), T (2, y)];453.8202340602875
190;MobilNet_5;1.1494109;0.006318793641985773;1;axe_out_channels_0,axe_out_channels_1,axe_xx_0,axe_yy_0,axe_out_channels_2;10;[V f, U (4, f), U (7, y), U (3, w), T (32, c), Hoist_vars [c], T (28, x),  T (3, h), T (8, c), T (1, f), T (4, y), T (1, x), T (2, f), T (2, f)];456.0372726917267
191;MobilNet_5;0.4050458;0.013069055511397898;1;axe_out_channels_0,axe_out_channels_1,axe_xx_0,axe_yy_0,axe_out_channels_2;14;[V f, U (4, f), U (4, y), U (3, w), T (256, c), Hoist_vars [c], T (14, x),  T (3, h), T (1, c), T (2, f), T (7, y), T (2, x), T (2, f), T (1, f)];458.25033164024353
192;MobilNet_5;0.7090274;0.0035994916918920612;1;axe_out_channels_0,axe_out_channels_1,axe_xx_0,axe_yy_0,axe_out_channels_2;12;[V f, U (4, f), U (7, y), U (3, h), T (32, c), Hoist_vars [c], T (14, x),  T (3, w), T (8, c), T (1, f), T (4, y), T (2, x), T (4, f), T (1, f)];460.59244775772095
193;MobilNet_5;0.43390680000000004;0.021341946175548274;1;axe_out_channels_0,axe_out_channels_1,axe_xx_0,axe_yy_0,axe_out_channels_2;15;[V f, U (4, f), U (4, y), U (3, w), T (256, c), Hoist_vars [c], T (14, x),  T (3, h), T (1, c), T (4, f), T (7, y), T (2, x), T (1, f), T (1, f)];462.8424141407013
194;MobilNet_5;0.4917956;0.022256583462876792;1;axe_out_channels_0,axe_out_channels_1,axe_xx_0,axe_yy_0,axe_out_channels_2;13;[V f, U (4, f), U (7, y), T (32, c), Hoist_vars [c], T (3, h), T (7, x),  T (3, w), T (8, c), T (2, f), T (4, y), T (4, x), T (2, f), T (1, f)];465.0520989894867
195;MobilNet_5;0.4837471;0.0038494060697723156;1;axe_out_channels_0,axe_out_channels_1,axe_xx_0,axe_yy_0,axe_out_channels_2;12;[V f, U (4, f), U (7, y), U (3, w), T (64, c), Hoist_vars [c], T (14, x),  T (3, h), T (4, c), T (1, f), T (4, y), T (2, x), T (1, f), T (4, f)];467.3825044631958
196;MobilNet_5;0.4150049;0.00750598545761981;1;axe_yy_0,axe_xx_0,axe_out_channels_0,axe_yy_1,axe_xx_1;19;[V f, U (2, f), U (14, y), T (64, c), Hoist_vars [c], T (3, h), T (4, x),  T (3, w), T (4, c), T (7, x), T (2, y), T (8, f), T (1, x), T (1, y)];469.5513801574707
197;MobilNet_5;0.48175;0.0024834137391904695;1;axe_out_channels_0,axe_out_channels_1,axe_xx_0,axe_yy_0,axe_out_channels_2;12;[V f, U (4, f), U (7, y), U (3, w), T (64, c), Hoist_vars [c], T (14, x),  T (3, h), T (4, c), T (1, f), T (4, y), T (2, x), T (4, f), T (1, f)];471.9001247882843
198;MobilNet_5;0.43039570000000005;0.004903632103859353;1;axe_out_channels_0,axe_out_channels_1,axe_xx_0,axe_yy_0,axe_out_channels_2;14;[V f, U (4, f), U (4, y), U (3, w), T (64, c), Hoist_vars [c], T (14, x),  T (3, h), T (4, c), T (2, f), T (7, y), T (2, x), T (2, f), T (1, f)];474.1350474357605
199;MobilNet_5;0.41352310000000003;0.008519822573856807;1;axe_out_channels_0,axe_out_channels_1,axe_xx_0,axe_yy_0,axe_out_channels_2;14;[V f, U (4, f), U (4, y), U (3, w), T (128, c), Hoist_vars [c], T (14, x),  T (3, h), T (2, c), T (2, f), T (7, y), T (2, x), T (1, f), T (2, f)];476.34863543510437
