IdRun;NameConv;Time(ms);std;NbMicroKernel;AxeFuse;SizeAxeFuse;Schema;Time_search(5.815033197402954)
0;Yolo9000_9;0.21388109999999996;0.0012752798477197072;2;axe_yy1_0,axe_xx1_0,axe_yy1_1,axe_xx1_1,axe_out_channels1_0;25;[V f, U (2, f), ULambda y, T (256, c), Hoist_vars [c], T (4, x), T (1, c),  T (4, f), T (1, x), T (2, y), T (17, x),  Lambda_apply y [((Iter 1), (Arg 10)), ((Iter 2), (Arg 12))]];7.191804885864258
1;Yolo9000_9;1.7804762;0.014211716115937592;1;axe_yy_0;2;[V f, U (4, f), ULambda y, T (128, c), Hoist_vars [c], T (17, x), T (2, c),  T (2, f), T (1, x),  Lambda_apply y [((Iter 1), (Arg 6)), ((Iter 4), (Arg 7))], T (4, x),  T (2, y)];8.567220211029053
2;Yolo9000_9;0.2060956;0.007176982655684763;2;axe_yy1_0,axe_xx1_0,axe_yy1_1,axe_xx1_1,axe_out_channels1_0;24;[V f, U (2, f), ULambda y, T (64, c), Hoist_vars [c], T (4, x), T (4, c),  T (4, f), T (1, x), T (1, y), T (17, x),  Lambda_apply y [((Iter 1), (Arg 8)), ((Iter 5), (Arg 12))]];9.926777124404907
3;Yolo9000_9;0.8834318;0.004885970401056476;1;axe_yy_0;4;[V f, U (2, f), ULambda y, T (256, c), Hoist_vars [c], T (68, x), T (1, c),  T (4, f), T (1, x),  Lambda_apply y [((Iter 1), (Arg 8)), ((Iter 1), (Arg 9))], T (1, x),  T (4, y)];11.143543481826782
4;Yolo9000_9;1.73533;0.013293242975286319;1;axe_yy_0;2;[V f, U (2, f), ULambda y, T (256, c), Hoist_vars [c], T (4, x), T (1, c),  T (4, f), T (1, x),  Lambda_apply y [((Iter 2), (Arg 10)), ((Iter 1), (Arg 14))], T (17, x),  T (2, y)];12.485364198684692
5;Yolo9000_9;0.2349096;0.0027007289090169753;2;axe_yy1_0,axe_xx1_0,axe_yy1_1,axe_xx1_1,axe_out_channels1_0;25;[V f, U (2, f), ULambda y, T (64, c), Hoist_vars [c], T (4, x), T (4, c),  T (4, f), T (1, x), T (1, y), T (17, x),  Lambda_apply y [((Iter 2), (Arg 13)), ((Iter 3), (Arg 14))]];14.288583040237427
6;Yolo9000_9;2.9870268999999996;0.011174429376482732;1;axe_yy_0;1;[V f, U (2, f), ULambda y, T (256, c), Hoist_vars [c], T (4, x), T (1, c),  T (4, f), T (17, x),  Lambda_apply y [((Iter 5), (Arg 11)), ((Iter 1), (Arg 13))], T (1, x),  T (1, y)];15.601431608200073
7;Yolo9000_9;2.9071055;0.009622779268485801;1;axe_yy_0;1;[V f, U (2, f), ULambda y, T (256, c), Hoist_vars [c], T (68, x), T (1, c),  T (4, f), T (1, x),  Lambda_apply y [((Iter 2), (Arg 13)), ((Iter 3), (Arg 14))], T (1, x),  T (1, y)];16.91819953918457
8;Yolo9000_9;2.9518638000000004;0.006339514599715038;1;axe_yy_0;1;[V f, U (2, f), ULambda y, T (256, c), Hoist_vars [c], T (4, x), T (1, c),  T (4, f), T (17, x),  Lambda_apply y [((Iter 2), (Arg 13)), ((Iter 3), (Arg 14))], T (1, x),  T (1, y)];18.24131989479065
9;Yolo9000_9;0.2224943;0.0032977438969695625;2;axe_yy1_0,axe_xx1_0,axe_yy1_1,axe_xx1_1,axe_out_channels1_0;24;[V f, U (2, f), ULambda y, T (64, c), Hoist_vars [c], T (4, x), T (4, c),  T (4, f), T (17, x), T (1, y), T (1, x),  Lambda_apply y [((Iter 1), (Arg 12)), ((Iter 4), (Arg 14))]];19.672919750213623
10;Yolo9000_9;0.7602801;0.00795914903051824;2;axe_yy1_0,axe_xx1_0,axe_yy1_1,axe_xx1_1,axe_out_channels1_0;8;[V f, U (4, f), ULambda y, T (128, c), Hoist_vars [c], T (34, x), T (2, c),  T (2, f), T (2, x), T (2, y), T (1, x),  Lambda_apply y [((Iter 1), (Arg 6)), ((Iter 4), (Arg 7))]];21.051259517669678
11;Yolo9000_9;1.017366;0.00947448124173558;2;axe_yy1_0,axe_xx1_0,axe_yy1_1,axe_xx1_1,axe_out_channels1_0;12;[V f, U (2, f), ULambda y, T (256, c), Hoist_vars [c], T (68, x), T (1, c),  T (4, f), T (1, x), T (1, y), T (1, x),  Lambda_apply y [((Iter 5), (Arg 11)), ((Iter 1), (Arg 13))]];22.430627822875977
12;Yolo9000_9;2.9696275;0.004358352561461764;1;axe_yy_0;1;[V f, U (2, f), ULambda y, T (128, c), Hoist_vars [c], T (4, x), T (2, c),  T (4, f), T (17, x),  Lambda_apply y [((Iter 2), (Arg 13)), ((Iter 3), (Arg 14))], T (1, x),  T (1, y)];23.76843285560608
13;Yolo9000_9;2.9264582;0.023333130046352516;1;axe_yy_0;1;[V f, U (2, f), ULambda y, T (256, c), Hoist_vars [c], T (4, x), T (1, c),  T (4, f), T (1, x),  Lambda_apply y [((Iter 2), (Arg 13)), ((Iter 3), (Arg 14))], T (17, x),  T (1, y)];25.089920043945312
14;Yolo9000_9;1.7175933;0.012429251289196792;1;axe_yy_0;2;[V f, U (4, f), ULambda y, T (256, c), Hoist_vars [c], T (17, x), T (1, c),  T (2, f), T (4, x),  Lambda_apply y [((Iter 1), (Arg 6)), ((Iter 4), (Arg 7))], T (1, x),  T (2, y)];26.392882823944092
15;Yolo9000_9;2.9777468999999996;0.008254439647244378;1;axe_yy_0;1;[V f, U (2, f), ULambda y, T (256, c), Hoist_vars [c], T (68, x), T (1, c),  T (4, f), T (1, x),  Lambda_apply y [((Iter 6), (Arg 9)), ((Iter 1), (Arg 14))], T (1, x),  T (1, y)];27.686809301376343
16;Yolo9000_9;1.7218056000000002;0.0177386382915938;1;axe_yy_0;2;[V f, U (2, f), ULambda y, T (256, c), Hoist_vars [c], T (4, x), T (1, c),  T (4, f), T (1, x),  Lambda_apply y [((Iter 2), (Arg 11)), ((Iter 1), (Arg 12))], T (17, x),  T (2, y)];28.9753098487854
17;Yolo9000_9;2.9487461;0.004439007489293112;1;axe_yy_0;1;[V f, U (2, f), ULambda y, T (256, c), Hoist_vars [c], T (68, x), T (1, c),  T (4, f), T (1, x),  Lambda_apply y [((Iter 5), (Arg 11)), ((Iter 1), (Arg 13))], T (1, x),  T (1, y)];30.27513813972473
18;Yolo9000_9;3.1272957;0.010020465947749165;1;axe_yy_0;1;[V f, U (2, f), ULambda y, T (256, c), Hoist_vars [c], T (34, x), T (1, c),  T (4, f), T (2, x),  Lambda_apply y [((Iter 1), (Arg 8)), ((Iter 4), (Arg 15))], T (1, x),  T (1, y)];31.585126399993896
19;Yolo9000_9;0.3188757;0.0019777498350398133;2;axe_yy1_0,axe_xx1_0,axe_yy1_1,axe_xx1_1,axe_out_channels1_0;9;[V f, U (4, f), ULambda y, T (128, c), Hoist_vars [c], T (17, x), T (2, c),  T (2, f), T (2, x), T (2, y), T (2, x),  Lambda_apply y [((Iter 1), (Arg 6)), ((Iter 4), (Arg 7))]];33.079126834869385
20;Yolo9000_9;0.2151573;0.0015168599177247718;2;axe_yy1_0,axe_xx1_0,axe_yy1_1,axe_xx1_1,axe_out_channels1_0;24;[V f, U (2, f), ULambda y, T (256, c), Hoist_vars [c], T (4, x), T (1, c),  T (4, f), T (17, x), T (1, y), T (1, x),  Lambda_apply y [((Iter 1), (Arg 8)), ((Iter 4), (Arg 15))]];34.44548463821411
21;Yolo9000_9;3.0268255999999996;0.0066942265453150945;1;axe_yy_0;1;[V f, U (2, f), ULambda y, T (256, c), Hoist_vars [c], T (4, x), T (1, c),  T (4, f), T (1, x),  Lambda_apply y [((Iter 5), (Arg 11)), ((Iter 1), (Arg 13))], T (17, x),  T (1, y)];35.75732612609863
22;Yolo9000_9;0.23062250000000004;0.0013071184529337824;2;axe_yy1_0,axe_xx1_0,axe_yy1_1,axe_xx1_1,axe_out_channels1_0;25;[V f, U (2, f), ULambda y, T (64, c), Hoist_vars [c], T (4, x), T (4, c),  T (4, f), T (17, x), T (1, y), T (1, x),  Lambda_apply y [((Iter 2), (Arg 13)), ((Iter 3), (Arg 14))]];37.598103046417236
23;Yolo9000_9;0.8790228000000001;0.009643943641477783;2;axe_yy1_0,axe_xx1_0,axe_yy1_1,axe_xx1_1,axe_out_channels1_0;9;[V f, U (2, f), ULambda y, T (256, c), Hoist_vars [c], T (68, x), T (1, c),  T (4, f), T (1, x), T (2, y), T (1, x),  Lambda_apply y [((Iter 1), (Arg 8)), ((Iter 2), (Arg 13))]];38.9568133354187
24;Yolo9000_9;1.7581149;0.022175863944613274;1;axe_yy_0;2;[V f, U (4, f), ULambda y, T (256, c), Hoist_vars [c], T (34, x), T (1, c),  T (2, f), T (1, x),  Lambda_apply y [((Iter 1), (Arg 6)), ((Iter 4), (Arg 7))], T (2, x),  T (2, y)];40.26453471183777
25;Yolo9000_9;0.22694960000000003;0.002411420958688053;2;axe_yy1_0,axe_xx1_0,axe_yy1_1,axe_xx1_1,axe_out_channels1_0;25;[V f, U (2, f), ULambda y, T (64, c), Hoist_vars [c], T (4, x), T (4, c),  T (4, f), T (1, x), T (2, y), T (17, x),  Lambda_apply y [((Iter 1), (Arg 10)), ((Iter 2), (Arg 12))]];41.6479868888855
26;Yolo9000_9;1.7090869999999998;0.011667144629256988;1;axe_yy_0;2;[V f, U (2, f), ULambda y, T (256, c), Hoist_vars [c], T (4, x), T (1, c),  T (4, f), T (17, x),  Lambda_apply y [((Iter 1), (Arg 10)), ((Iter 2), (Arg 12))], T (1, x),  T (2, y)];42.93162393569946
27;Yolo9000_9;0.2218431;0.002913190637428319;2;axe_yy1_0,axe_xx1_0,axe_yy1_1,axe_xx1_1,axe_out_channels1_0;25;[V f, U (2, f), ULambda y, T (32, c), Hoist_vars [c], T (4, x), T (8, c),  T (4, f), T (17, x), T (2, y), T (1, x),  Lambda_apply y [((Iter 1), (Arg 8)), ((Iter 2), (Arg 13))]];44.29060077667236
28;Yolo9000_9;0.2174197;0.0011534927004537095;2;axe_yy1_0,axe_xx1_0,axe_yy1_1,axe_xx1_1,axe_out_channels1_0;26;[V f, U (2, f), ULambda y, T (256, c), Hoist_vars [c], T (4, x), T (1, c),  T (4, f), T (1, x), T (2, y), T (17, x),  Lambda_apply y [((Iter 2), (Arg 10)), ((Iter 1), (Arg 14))]];46.08615326881409
29;Yolo9000_9;1.7142139;0.011263581627972547;1;axe_yy_0;2;[V f, U (2, f), ULambda y, T (256, c), Hoist_vars [c], T (4, x), T (1, c),  T (4, f), T (1, x),  Lambda_apply y [((Iter 1), (Arg 10)), ((Iter 2), (Arg 12))], T (17, x),  T (2, y)];47.377089977264404
30;Yolo9000_9;0.22069639999999996;0.004270842240120794;2;axe_yy1_0,axe_xx1_0,axe_yy1_1,axe_xx1_1,axe_out_channels1_0;28;[V f, U (2, f), ULambda y, T (64, c), Hoist_vars [c], T (4, x), T (4, c),  T (4, f), T (1, x), T (1, y), T (17, x),  Lambda_apply y [((Iter 5), (Arg 11)), ((Iter 1), (Arg 13))]];48.771475315093994
31;Yolo9000_9;0.21376500000000004;0.0011646806429232049;2;axe_yy1_0,axe_xx1_0,axe_yy1_1,axe_xx1_1,axe_out_channels1_0;24;[V f, U (2, f), ULambda y, T (256, c), Hoist_vars [c], T (4, x), T (1, c),  T (4, f), T (1, x), T (1, y), T (17, x),  Lambda_apply y [((Iter 1), (Arg 8)), ((Iter 4), (Arg 15))]];50.14043116569519
32;Yolo9000_9;1.8509077;0.01745849529054551;1;axe_yy_0;2;[V f, U (4, f), ULambda y, T (64, c), Hoist_vars [c], T (17, x), T (4, c),  T (2, f), T (1, x),  Lambda_apply y [((Iter 1), (Arg 6)), ((Iter 4), (Arg 7))], T (4, x),  T (2, y)];51.45927667617798
33;Yolo9000_9;0.2254283;0.0019329664275408312;2;axe_yy1_0,axe_xx1_0,axe_yy1_1,axe_xx1_1,axe_out_channels1_0;26;[V f, U (2, f), ULambda y, T (64, c), Hoist_vars [c], T (4, x), T (4, c),  T (4, f), T (17, x), T (2, y), T (1, x),  Lambda_apply y [((Iter 2), (Arg 10)), ((Iter 1), (Arg 14))]];53.21525549888611
34;Yolo9000_9;3.3965751999999996;0.009679969915242495;1;axe_yy_0;1;[V f, U (2, f), ULambda y, T (32, c), Hoist_vars [c], T (4, x), T (8, c),  T (4, f), T (1, x),  Lambda_apply y [((Iter 1), (Arg 8)), ((Iter 4), (Arg 15))], T (17, x),  T (1, y)];54.539874792099
35;Yolo9000_9;2.8939238;0.004345299501760575;1;axe_yy_0;1;[V f, U (2, f), ULambda y, T (256, c), Hoist_vars [c], T (34, x), T (1, c),  T (4, f), T (2, x),  Lambda_apply y [((Iter 2), (Arg 13)), ((Iter 3), (Arg 14))], T (1, x),  T (1, y)];55.864360332489014
36;Yolo9000_9;3.1441326999999997;0.008631341588073133;1;axe_yy_0;1;[V f, U (2, f), ULambda y, T (256, c), Hoist_vars [c], T (4, x), T (1, c),  T (4, f), T (1, x),  Lambda_apply y [((Iter 1), (Arg 8)), ((Iter 4), (Arg 15))], T (17, x),  T (1, y)];57.16992139816284
37;Yolo9000_9;0.22088839999999998;0.0024741786192593344;2;axe_yy1_0,axe_xx1_0,axe_yy1_1,axe_xx1_1,axe_out_channels1_0;26;[V f, U (2, f), ULambda y, T (64, c), Hoist_vars [c], T (4, x), T (4, c),  T (4, f), T (17, x), T (2, y), T (1, x),  Lambda_apply y [((Iter 2), (Arg 11)), ((Iter 1), (Arg 12))]];58.94470930099487
38;Yolo9000_9;1.8672344000000003;0.040986281390728775;1;axe_yy_0;2;[V f, U (2, f), ULambda y, T (32, c), Hoist_vars [c], T (4, x), T (8, c),  T (4, f), T (1, x),  Lambda_apply y [((Iter 1), (Arg 8)), ((Iter 2), (Arg 13))], T (17, x),  T (2, y)];60.28599524497986
39;Yolo9000_9;0.19977500000000004;0.001927009859860607;2;axe_yy1_0,axe_xx1_0,axe_yy1_1,axe_xx1_1,axe_out_channels1_0;24;[V f, U (2, f), ULambda y, T (128, c), Hoist_vars [c], T (4, x), T (2, c),  T (4, f), T (17, x), T (1, y), T (1, x),  Lambda_apply y [((Iter 1), (Arg 8)), ((Iter 5), (Arg 12))]];61.63890361785889
40;Yolo9000_9;0.2053599;0.0019909806352649416;2;axe_yy1_0,axe_xx1_0,axe_yy1_1,axe_xx1_1,axe_out_channels1_0;28;[V f, U (2, f), ULambda y, T (256, c), Hoist_vars [c], T (4, x), T (1, c),  T (4, f), T (17, x), T (1, y), T (1, x),  Lambda_apply y [((Iter 5), (Arg 11)), ((Iter 1), (Arg 13))]];63.03551483154297
41;Yolo9000_9;0.7136643;0.014957830451305441;2;axe_yy1_0,axe_xx1_0,axe_yy1_1,axe_xx1_1,axe_out_channels1_0;10;[V f, U (2, f), ULambda y, T (256, c), Hoist_vars [c], T (34, x), T (1, c),  T (4, f), T (2, x), T (1, y), T (1, x),  Lambda_apply y [((Iter 2), (Arg 13)), ((Iter 3), (Arg 14))]];64.80148243904114
42;Yolo9000_9;0.21069430000000003;0.0011195271367858827;2;axe_yy1_0,axe_xx1_0,axe_yy1_1,axe_xx1_1,axe_out_channels1_0;28;[V f, U (2, f), ULambda y, T (128, c), Hoist_vars [c], T (4, x), T (2, c),  T (4, f), T (17, x), T (1, y), T (1, x),  Lambda_apply y [((Iter 5), (Arg 11)), ((Iter 1), (Arg 13))]];66.18833255767822
43;Yolo9000_9;2.99767;0.013288295601769314;1;axe_yy_0;1;[V f, U (2, f), ULambda y, T (128, c), Hoist_vars [c], T (4, x), T (2, c),  T (4, f), T (17, x),  Lambda_apply y [((Iter 1), (Arg 8)), ((Iter 5), (Arg 12))], T (1, x),  T (1, y)];67.49859261512756
44;Yolo9000_9;0.7878269999999999;0.009750874309517047;2;axe_yy1_0,axe_xx1_0,axe_yy1_1,axe_xx1_1,axe_out_channels1_0;9;[V f, U (2, f), ULambda y, T (256, c), Hoist_vars [c], T (34, x), T (1, c),  T (4, f), T (1, x), T (1, y), T (2, x),  Lambda_apply y [((Iter 1), (Arg 8)), ((Iter 4), (Arg 15))]];68.83604907989502
45;Yolo9000_9;0.2140443;0.0013210230921524365;2;axe_yy1_0,axe_xx1_0,axe_yy1_1,axe_xx1_1,axe_out_channels1_0;25;[V f, U (2, f), ULambda y, T (128, c), Hoist_vars [c], T (4, x), T (2, c),  T (4, f), T (17, x), T (2, y), T (1, x),  Lambda_apply y [((Iter 1), (Arg 8)), ((Iter 2), (Arg 13))]];70.21279406547546
46;Yolo9000_9;1.7876258;0.017695280691755074;1;axe_yy_0;2;[V f, U (2, f), ULambda y, T (128, c), Hoist_vars [c], T (4, x), T (2, c),  T (4, f), T (1, x),  Lambda_apply y [((Iter 1), (Arg 8)), ((Iter 2), (Arg 13))], T (17, x),  T (2, y)];71.52263927459717
47;Yolo9000_9;0.22329590000000002;0.0015547377560218953;2;axe_yy1_0,axe_xx1_0,axe_yy1_1,axe_xx1_1,axe_out_channels1_0;25;[V f, U (2, f), ULambda y, T (256, c), Hoist_vars [c], T (4, x), T (1, c),  T (4, f), T (1, x), T (1, y), T (17, x),  Lambda_apply y [((Iter 2), (Arg 13)), ((Iter 3), (Arg 14))]];73.28346109390259
48;Yolo9000_9;0.21331830000000002;0.0020711478001340204;2;axe_yy1_0,axe_xx1_0,axe_yy1_1,axe_xx1_1,axe_out_channels1_0;24;[V f, U (2, f), ULambda y, T (32, c), Hoist_vars [c], T (4, x), T (8, c),  T (4, f), T (17, x), T (1, y), T (1, x),  Lambda_apply y [((Iter 1), (Arg 8)), ((Iter 5), (Arg 12))]];74.6228699684143
49;Yolo9000_9;2.8974111000000002;0.010772254067278629;1;axe_yy_0;1;[V f, U (2, f), ULambda y, T (256, c), Hoist_vars [c], T (34, x), T (1, c),  T (4, f), T (1, x),  Lambda_apply y [((Iter 1), (Arg 12)), ((Iter 4), (Arg 14))], T (2, x),  T (1, y)];75.94365215301514
50;Yolo9000_9;1.7751628;0.013664046888092866;1;axe_yy_0;2;[V f, U (2, f), ULambda y, T (128, c), Hoist_vars [c], T (4, x), T (2, c),  T (4, f), T (1, x),  Lambda_apply y [((Iter 2), (Arg 10)), ((Iter 1), (Arg 14))], T (17, x),  T (2, y)];77.27226066589355
51;Yolo9000_9;3.0072615;0.008202470508938176;1;axe_yy_0;1;[V f, U (2, f), ULambda y, T (64, c), Hoist_vars [c], T (4, x), T (4, c),  T (4, f), T (17, x),  Lambda_apply y [((Iter 2), (Arg 13)), ((Iter 3), (Arg 14))], T (1, x),  T (1, y)];78.60703945159912
52;Yolo9000_9;1.7801822999999999;0.017780527950823057;1;axe_yy_0;2;[V f, U (2, f), ULambda y, T (128, c), Hoist_vars [c], T (4, x), T (2, c),  T (4, f), T (1, x),  Lambda_apply y [((Iter 2), (Arg 11)), ((Iter 1), (Arg 12))], T (17, x),  T (2, y)];79.91585779190063
53;Yolo9000_9;3.0380144000000002;0.009011212551038936;1;axe_yy_0;1;[V f, U (2, f), ULambda y, T (128, c), Hoist_vars [c], T (4, x), T (2, c),  T (4, f), T (1, x),  Lambda_apply y [((Iter 1), (Arg 8)), ((Iter 5), (Arg 12))], T (17, x),  T (1, y)];81.22973775863647
54;Yolo9000_9;0.2053101;0.0010003351888242216;2;axe_yy1_0,axe_xx1_0,axe_yy1_1,axe_xx1_1,axe_out_channels1_0;28;[V f, U (2, f), ULambda y, T (256, c), Hoist_vars [c], T (4, x), T (1, c),  T (4, f), T (1, x), T (1, y), T (17, x),  Lambda_apply y [((Iter 5), (Arg 11)), ((Iter 1), (Arg 13))]];82.58551168441772
55;Yolo9000_9;0.23425410000000002;0.0036804910120797735;2;axe_yy1_0,axe_xx1_0,axe_yy1_1,axe_xx1_1,axe_out_channels1_0;25;[V f, U (2, f), ULambda y, T (32, c), Hoist_vars [c], T (4, x), T (8, c),  T (4, f), T (1, x), T (2, y), T (17, x),  Lambda_apply y [((Iter 1), (Arg 8)), ((Iter 2), (Arg 13))]];83.98373031616211
56;Yolo9000_9;3.2924932;0.006244305130276711;1;axe_yy_0;1;[V f, U (2, f), ULambda y, T (64, c), Hoist_vars [c], T (4, x), T (4, c),  T (4, f), T (17, x),  Lambda_apply y [((Iter 1), (Arg 8)), ((Iter 4), (Arg 15))], T (1, x),  T (1, y)];85.3102502822876
57;Yolo9000_9;0.7526269;0.00911384828105009;2;axe_yy1_0,axe_xx1_0,axe_yy1_1,axe_xx1_1,axe_out_channels1_0;8;[V f, U (4, f), ULambda y, T (128, c), Hoist_vars [c], T (34, x), T (2, c),  T (2, f), T (1, x), T (2, y), T (2, x),  Lambda_apply y [((Iter 1), (Arg 6)), ((Iter 4), (Arg 7))]];86.6995096206665
58;Yolo9000_9;1.7191961;0.010305954001935033;1;axe_yy_0;2;[V f, U (2, f), ULambda y, T (256, c), Hoist_vars [c], T (4, x), T (1, c),  T (4, f), T (1, x),  Lambda_apply y [((Iter 1), (Arg 8)), ((Iter 2), (Arg 13))], T (17, x),  T (2, y)];87.9853584766388
59;Yolo9000_9;3.1177897999999997;0.04863457715206331;1;axe_yy_0;1;[V f, U (2, f), ULambda y, T (64, c), Hoist_vars [c], T (4, x), T (4, c),  T (4, f), T (1, x),  Lambda_apply y [((Iter 1), (Arg 8)), ((Iter 5), (Arg 12))], T (17, x),  T (1, y)];89.28110718727112
60;Yolo9000_9;1.7844578000000002;0.010685300602229218;1;axe_yy_0;2;[V f, U (4, f), ULambda y, T (128, c), Hoist_vars [c], T (17, x), T (2, c),  T (2, f), T (2, x),  Lambda_apply y [((Iter 1), (Arg 6)), ((Iter 4), (Arg 7))], T (2, x),  T (2, y)];90.58298707008362
61;Yolo9000_9;3.0394085000000004;0.011096167250451905;1;axe_yy_0;1;[V f, U (2, f), ULambda y, T (256, c), Hoist_vars [c], T (68, x), T (1, c),  T (4, f), T (1, x),  Lambda_apply y [((Iter 5), (Arg 8)), ((Iter 2), (Arg 14))], T (1, x),  T (1, y)];91.88516211509705
62;Yolo9000_9;0.9615742;0.00878464896054475;2;axe_yy1_0,axe_xx1_0,axe_yy1_1,axe_xx1_1,axe_out_channels1_0;10;[V f, U (2, f), ULambda y, T (256, c), Hoist_vars [c], T (68, x), T (1, c),  T (4, f), T (1, x), T (2, y), T (1, x),  Lambda_apply y [((Iter 2), (Arg 10)), ((Iter 1), (Arg 14))]];93.61876678466797
63;Yolo9000_9;3.0442297;0.005648302843332638;1;axe_yy_0;1;[V f, U (2, f), ULambda y, T (64, c), Hoist_vars [c], T (4, x), T (4, c),  T (4, f), T (1, x),  Lambda_apply y [((Iter 1), (Arg 12)), ((Iter 4), (Arg 14))], T (17, x),  T (1, y)];94.94834899902344
64;Yolo9000_9;0.22883180000000003;0.0029300750434075856;2;axe_yy1_0,axe_xx1_0,axe_yy1_1,axe_xx1_1,axe_out_channels1_0;24;[V f, U (2, f), ULambda y, T (32, c), Hoist_vars [c], T (4, x), T (8, c),  T (4, f), T (17, x), T (1, y), T (1, x),  Lambda_apply y [((Iter 1), (Arg 8)), ((Iter 4), (Arg 15))]];96.31875252723694
65;Yolo9000_9;1.0290824;0.010649708918087858;2;axe_yy1_0,axe_xx1_0,axe_yy1_1,axe_xx1_1,axe_out_channels1_0;7;[V f, U (4, f), ULambda y, T (256, c), Hoist_vars [c], T (68, x), T (1, c),  T (2, f), T (1, x), T (2, y), T (1, x),  Lambda_apply y [((Iter 1), (Arg 6)), ((Iter 4), (Arg 7))]];97.6580216884613
66;Yolo9000_9;2.9006417;0.00828616215204606;1;axe_yy_0;1;[V f, U (2, f), ULambda y, T (256, c), Hoist_vars [c], T (68, x), T (1, c),  T (4, f), T (1, x),  Lambda_apply y [((Iter 1), (Arg 12)), ((Iter 4), (Arg 14))], T (1, x),  T (1, y)];98.98295855522156
67;Yolo9000_9;0.21547319999999998;0.0023933506136794946;2;axe_yy1_0,axe_xx1_0,axe_yy1_1,axe_xx1_1,axe_out_channels1_0;24;[V f, U (2, f), ULambda y, T (128, c), Hoist_vars [c], T (4, x), T (2, c),  T (4, f), T (1, x), T (1, y), T (17, x),  Lambda_apply y [((Iter 1), (Arg 12)), ((Iter 4), (Arg 14))]];100.38279104232788
68;Yolo9000_9;0.7466314000000001;0.010502325068288468;2;axe_yy1_0,axe_xx1_0,axe_yy1_1,axe_xx1_1,axe_out_channels1_0;9;[V f, U (2, f), ULambda y, T (256, c), Hoist_vars [c], T (34, x), T (1, c),  T (4, f), T (1, x), T (1, y), T (2, x),  Lambda_apply y [((Iter 1), (Arg 12)), ((Iter 4), (Arg 14))]];101.77379107475281
69;Yolo9000_9;1.8496827000000002;0.023825249774346535;1;axe_yy_0;2;[V f, U (4, f), ULambda y, T (64, c), Hoist_vars [c], T (17, x), T (4, c),  T (2, f), T (4, x),  Lambda_apply y [((Iter 1), (Arg 6)), ((Iter 4), (Arg 7))], T (1, x),  T (2, y)];103.10114812850952
70;Yolo9000_9;2.99878;0.007290864036587092;1;axe_yy_0;1;[V f, U (2, f), ULambda y, T (128, c), Hoist_vars [c], T (4, x), T (2, c),  T (4, f), T (1, x),  Lambda_apply y [((Iter 1), (Arg 12)), ((Iter 4), (Arg 14))], T (17, x),  T (1, y)];104.43698120117188
71;Yolo9000_9;0.6769455;0.008879784684889596;2;axe_yy1_0,axe_xx1_0,axe_yy1_1,axe_xx1_1,axe_out_channels1_0;8;[V f, U (4, f), ULambda y, T (256, c), Hoist_vars [c], T (34, x), T (1, c),  T (2, f), T (2, x), T (2, y), T (1, x),  Lambda_apply y [((Iter 1), (Arg 6)), ((Iter 4), (Arg 7))]];105.76142168045044
72;Yolo9000_9;1.7687056;0.015594087752734988;1;axe_yy_0;2;[V f, U (2, f), ULambda y, T (128, c), Hoist_vars [c], T (4, x), T (2, c),  T (4, f), T (17, x),  Lambda_apply y [((Iter 1), (Arg 10)), ((Iter 2), (Arg 12))], T (1, x),  T (2, y)];107.08622097969055
73;Yolo9000_9;0.21429800000000002;0.0015640370200222292;2;axe_yy1_0,axe_xx1_0,axe_yy1_1,axe_xx1_1,axe_out_channels1_0;25;[V f, U (2, f), ULambda y, T (256, c), Hoist_vars [c], T (4, x), T (1, c),  T (4, f), T (1, x), T (2, y), T (17, x),  Lambda_apply y [((Iter 1), (Arg 8)), ((Iter 2), (Arg 13))]];108.47879672050476
74;Yolo9000_9;0.2243401;0.0021340970198189205;2;axe_yy1_0,axe_xx1_0,axe_yy1_1,axe_xx1_1,axe_out_channels1_0;26;[V f, U (2, f), ULambda y, T (128, c), Hoist_vars [c], T (4, x), T (2, c),  T (4, f), T (1, x), T (2, y), T (17, x),  Lambda_apply y [((Iter 2), (Arg 11)), ((Iter 1), (Arg 12))]];110.25722026824951
75;Yolo9000_9;0.2133255;0.0029125144892343485;2;axe_yy1_0,axe_xx1_0,axe_yy1_1,axe_xx1_1,axe_out_channels1_0;24;[V f, U (2, f), ULambda y, T (32, c), Hoist_vars [c], T (4, x), T (8, c),  T (4, f), T (1, x), T (1, y), T (17, x),  Lambda_apply y [((Iter 1), (Arg 8)), ((Iter 5), (Arg 12))]];111.59388065338135
76;Yolo9000_9;1.7868442000000002;0.014367645073567194;1;axe_yy_0;2;[V f, U (2, f), ULambda y, T (64, c), Hoist_vars [c], T (4, x), T (4, c),  T (4, f), T (1, x),  Lambda_apply y [((Iter 2), (Arg 11)), ((Iter 1), (Arg 12))], T (17, x),  T (2, y)];112.89570307731628
77;Yolo9000_9;0.8800744;0.008640832022438575;2;axe_yy1_0,axe_xx1_0,axe_yy1_1,axe_xx1_1,axe_out_channels1_0;12;[V f, U (2, f), ULambda y, T (256, c), Hoist_vars [c], T (68, x), T (1, c),  T (4, f), T (1, x), T (1, y), T (1, x),  Lambda_apply y [((Iter 5), (Arg 8)), ((Iter 2), (Arg 14))]];114.64828395843506
78;Yolo9000_9;3.0245106;0.04260320756046429;1;axe_yy_0;1;[V f, U (2, f), ULambda y, T (64, c), Hoist_vars [c], T (4, x), T (4, c),  T (4, f), T (17, x),  Lambda_apply y [((Iter 5), (Arg 11)), ((Iter 1), (Arg 13))], T (1, x),  T (1, y)];115.96706485748291
79;Yolo9000_9;3.0047039999999994;0.010918950480700938;1;axe_yy_0;1;[V f, U (2, f), ULambda y, T (64, c), Hoist_vars [c], T (4, x), T (4, c),  T (4, f), T (17, x),  Lambda_apply y [((Iter 1), (Arg 12)), ((Iter 4), (Arg 14))], T (1, x),  T (1, y)];117.28324270248413
80;Yolo9000_9;3.0099552000000003;0.005670677028362604;1;axe_yy_0;1;[V f, U (2, f), ULambda y, T (128, c), Hoist_vars [c], T (4, x), T (2, c),  T (4, f), T (1, x),  Lambda_apply y [((Iter 5), (Arg 11)), ((Iter 1), (Arg 13))], T (17, x),  T (1, y)];118.63653755187988
81;Yolo9000_9;0.4471501;0.00489038394096006;2;axe_yy1_0,axe_xx1_0,axe_yy1_1,axe_xx1_1,axe_out_channels1_0;10;[V f, U (4, f), ULambda y, T (64, c), Hoist_vars [c], T (17, x), T (4, c),  T (2, f), T (1, x), T (2, y), T (4, x),  Lambda_apply y [((Iter 1), (Arg 6)), ((Iter 4), (Arg 7))]];120.10854053497314
82;Yolo9000_9;1.6989629999999998;0.008125215061769121;1;axe_yy_0;2;[V f, U (2, f), ULambda y, T (256, c), Hoist_vars [c], T (4, x), T (1, c),  T (4, f), T (17, x),  Lambda_apply y [((Iter 1), (Arg 8)), ((Iter 2), (Arg 13))], T (1, x),  T (2, y)];121.39673280715942
83;Yolo9000_9;0.21036269999999999;0.0019912987746694357;2;axe_yy1_0,axe_xx1_0,axe_yy1_1,axe_xx1_1,axe_out_channels1_0;28;[V f, U (2, f), ULambda y, T (128, c), Hoist_vars [c], T (4, x), T (2, c),  T (4, f), T (1, x), T (1, y), T (17, x),  Lambda_apply y [((Iter 5), (Arg 11)), ((Iter 1), (Arg 13))]];122.7457754611969
84;Yolo9000_9;0.2323509;0.003188798157613621;2;axe_yy1_0,axe_xx1_0,axe_yy1_1,axe_xx1_1,axe_out_channels1_0;26;[V f, U (2, f), ULambda y, T (64, c), Hoist_vars [c], T (4, x), T (4, c),  T (4, f), T (1, x), T (2, y), T (17, x),  Lambda_apply y [((Iter 2), (Arg 11)), ((Iter 1), (Arg 12))]];124.53636860847473
85;Yolo9000_9;3.3187099000000004;0.008450371440948552;1;axe_yy_0;1;[V f, U (2, f), ULambda y, T (128, c), Hoist_vars [c], T (4, x), T (2, c),  T (4, f), T (1, x),  Lambda_apply y [((Iter 1), (Arg 8)), ((Iter 4), (Arg 15))], T (17, x),  T (1, y)];125.87657642364502
86;Yolo9000_9;3.001809;0.0054898102152988884;1;axe_yy_0;1;[V f, U (2, f), ULambda y, T (128, c), Hoist_vars [c], T (4, x), T (2, c),  T (4, f), T (17, x),  Lambda_apply y [((Iter 3), (Arg 8)), ((Iter 4), (Arg 11))], T (1, x),  T (1, y)];127.19305849075317
87;Yolo9000_9;0.2334628;0.00417031372440971;2;axe_yy1_0,axe_xx1_0,axe_yy1_1,axe_xx1_1,axe_out_channels1_0;26;[V f, U (2, f), ULambda y, T (64, c), Hoist_vars [c], T (4, x), T (4, c),  T (4, f), T (1, x), T (2, y), T (17, x),  Lambda_apply y [((Iter 2), (Arg 10)), ((Iter 1), (Arg 14))]];128.97652959823608
88;Yolo9000_9;0.22097320000000004;0.005220975747884681;2;axe_yy1_0,axe_xx1_0,axe_yy1_1,axe_xx1_1,axe_out_channels1_0;24;[V f, U (2, f), ULambda y, T (64, c), Hoist_vars [c], T (4, x), T (4, c),  T (4, f), T (1, x), T (1, y), T (17, x),  Lambda_apply y [((Iter 1), (Arg 12)), ((Iter 4), (Arg 14))]];130.36843347549438
89;Yolo9000_9;1.7134855999999998;0.005736284951081133;1;axe_yy_0;2;[V f, U (2, f), ULambda y, T (256, c), Hoist_vars [c], T (68, x), T (1, c),  T (4, f), T (1, x),  Lambda_apply y [((Iter 1), (Arg 8)), ((Iter 2), (Arg 13))], T (1, x),  T (2, y)];131.70060777664185
90;Yolo9000_9;1.6983114000000001;0.007243177468487116;1;axe_yy_0;2;[V f, U (2, f), ULambda y, T (256, c), Hoist_vars [c], T (68, x), T (1, c),  T (4, f), T (1, x),  Lambda_apply y [((Iter 2), (Arg 10)), ((Iter 1), (Arg 14))], T (1, x),  T (2, y)];133.01489853858948
91;Yolo9000_9;1.776962;0.014784994345619482;1;axe_yy_0;2;[V f, U (4, f), ULambda y, T (128, c), Hoist_vars [c], T (17, x), T (2, c),  T (2, f), T (4, x),  Lambda_apply y [((Iter 1), (Arg 6)), ((Iter 4), (Arg 7))], T (1, x),  T (2, y)];134.33079886436462
92;Yolo9000_9;0.8331159999999999;0.00895012535107748;2;axe_yy1_0,axe_xx1_0,axe_yy1_1,axe_xx1_1,axe_out_channels1_0;11;[V f, U (2, f), ULambda y, T (256, c), Hoist_vars [c], T (68, x), T (1, c),  T (4, f), T (1, x), T (4, y), T (1, x),  Lambda_apply y [((Iter 1), (Arg 8)), ((Iter 1), (Arg 9))]];136.0321488380432
93;Yolo9000_9;1.8702141;0.0288227055095458;1;axe_yy_0;2;[V f, U (4, f), ULambda y, T (64, c), Hoist_vars [c], T (17, x), T (4, c),  T (2, f), T (2, x),  Lambda_apply y [((Iter 1), (Arg 6)), ((Iter 4), (Arg 7))], T (2, x),  T (2, y)];137.3612916469574
94;Yolo9000_9;1.6897480999999999;0.004865227115973112;1;axe_yy_0;2;[V f, U (2, f), ULambda y, T (256, c), Hoist_vars [c], T (68, x), T (1, c),  T (4, f), T (1, x),  Lambda_apply y [((Iter 1), (Arg 10)), ((Iter 2), (Arg 12))], T (1, x),  T (2, y)];138.6499376296997
95;Yolo9000_9;2.9647315;0.009424377403839527;1;axe_yy_0;1;[V f, U (2, f), ULambda y, T (256, c), Hoist_vars [c], T (34, x), T (1, c),  T (4, f), T (2, x),  Lambda_apply y [((Iter 1), (Arg 12)), ((Iter 4), (Arg 14))], T (1, x),  T (1, y)];139.96897435188293
96;Yolo9000_9;0.2297272;0.0015515538533998775;2;axe_yy1_0,axe_xx1_0,axe_yy1_1,axe_xx1_1,axe_out_channels1_0;25;[V f, U (2, f), ULambda y, T (128, c), Hoist_vars [c], T (4, x), T (2, c),  T (4, f), T (17, x), T (1, y), T (1, x),  Lambda_apply y [((Iter 2), (Arg 13)), ((Iter 3), (Arg 14))]];141.7638533115387
97;Yolo9000_9;0.3543689;0.002543068361251816;2;axe_yy1_0,axe_xx1_0,axe_yy1_1,axe_xx1_1,axe_out_channels1_0;9;[V f, U (4, f), ULambda y, T (64, c), Hoist_vars [c], T (17, x), T (4, c),  T (2, f), T (2, x), T (2, y), T (2, x),  Lambda_apply y [((Iter 1), (Arg 6)), ((Iter 4), (Arg 7))]];143.25539302825928
98;Yolo9000_9;0.2195449;0.0023987035435834923;2;axe_yy1_0,axe_xx1_0,axe_yy1_1,axe_xx1_1,axe_out_channels1_0;25;[V f, U (2, f), ULambda y, T (64, c), Hoist_vars [c], T (4, x), T (4, c),  T (4, f), T (17, x), T (2, y), T (1, x),  Lambda_apply y [((Iter 1), (Arg 8)), ((Iter 2), (Arg 13))]];144.61255955696106
99;Yolo9000_9;3.2592541000000006;0.008446756933285077;1;axe_yy_0;1;[V f, U (2, f), ULambda y, T (32, c), Hoist_vars [c], T (4, x), T (8, c),  T (4, f), T (1, x),  Lambda_apply y [((Iter 1), (Arg 8)), ((Iter 5), (Arg 12))], T (17, x),  T (1, y)];145.92029356956482
100;Yolo9000_9;3.1297272000000005;0.01190188829388014;1;axe_yy_0;1;[V f, U (2, f), ULambda y, T (64, c), Hoist_vars [c], T (4, x), T (4, c),  T (4, f), T (1, x),  Lambda_apply y [((Iter 5), (Arg 11)), ((Iter 1), (Arg 13))], T (17, x),  T (1, y)];147.23612689971924
101;Yolo9000_9;0.20710889999999998;0.0009370645068510506;2;axe_yy1_0,axe_xx1_0,axe_yy1_1,axe_xx1_1,axe_out_channels1_0;26;[V f, U (2, f), ULambda y, T (256, c), Hoist_vars [c], T (4, x), T (1, c),  T (4, f), T (17, x), T (1, y), T (1, x),  Lambda_apply y [((Iter 3), (Arg 8)), ((Iter 4), (Arg 11))]];148.60450196266174
102;Yolo9000_9;1.0927264;0.004218280578624416;2;axe_yy1_0,axe_xx1_0,axe_yy1_1,axe_xx1_1,axe_out_channels1_0;7;[V f, U (4, f), ULambda y, T (128, c), Hoist_vars [c], T (68, x), T (2, c),  T (2, f), T (1, x), T (2, y), T (1, x),  Lambda_apply y [((Iter 1), (Arg 6)), ((Iter 4), (Arg 7))]];149.9907145500183
103;Yolo9000_9;0.918281;0.009906437331351773;2;axe_yy1_0,axe_xx1_0,axe_yy1_1,axe_xx1_1,axe_out_channels1_0;9;[V f, U (2, f), ULambda y, T (256, c), Hoist_vars [c], T (68, x), T (1, c),  T (4, f), T (1, x), T (2, y), T (1, x),  Lambda_apply y [((Iter 1), (Arg 10)), ((Iter 2), (Arg 12))]];151.37334823608398
104;Yolo9000_9;3.0986696;0.007175646984070486;1;axe_yy_0;1;[V f, U (2, f), ULambda y, T (256, c), Hoist_vars [c], T (68, x), T (1, c),  T (4, f), T (1, x),  Lambda_apply y [((Iter 3), (Arg 8)), ((Iter 4), (Arg 11))], T (1, x),  T (1, y)];152.66681480407715
105;Yolo9000_9;1.8478705000000002;0.012374682001974864;1;axe_yy_0;2;[V f, U (2, f), ULambda y, T (32, c), Hoist_vars [c], T (4, x), T (8, c),  T (4, f), T (17, x),  Lambda_apply y [((Iter 1), (Arg 10)), ((Iter 2), (Arg 12))], T (1, x),  T (2, y)];153.97456908226013
106;Yolo9000_9;0.31654499999999997;0.002950914027890345;2;axe_yy1_0,axe_xx1_0,axe_yy1_1,axe_xx1_1,axe_out_channels1_0;10;[V f, U (4, f), ULambda y, T (256, c), Hoist_vars [c], T (17, x), T (1, c),  T (2, f), T (4, x), T (2, y), T (1, x),  Lambda_apply y [((Iter 1), (Arg 6)), ((Iter 4), (Arg 7))]];155.44245743751526
107;Yolo9000_9;0.7843992999999999;0.011977872015095144;2;axe_yy1_0,axe_xx1_0,axe_yy1_1,axe_xx1_1,axe_out_channels1_0;10;[V f, U (2, f), ULambda y, T (256, c), Hoist_vars [c], T (68, x), T (1, c),  T (4, f), T (1, x), T (1, y), T (1, x),  Lambda_apply y [((Iter 3), (Arg 8)), ((Iter 4), (Arg 11))]];156.7992720603943
108;Yolo9000_9;1.8263258;0.01345025461320343;1;axe_yy_0;2;[V f, U (2, f), ULambda y, T (32, c), Hoist_vars [c], T (4, x), T (8, c),  T (4, f), T (17, x),  Lambda_apply y [((Iter 1), (Arg 8)), ((Iter 2), (Arg 13))], T (1, x),  T (2, y)];158.1004343032837
109;Yolo9000_9;0.9201679;0.0068572976813027365;2;axe_yy1_0,axe_xx1_0,axe_yy1_1,axe_xx1_1,axe_out_channels1_0;10;[V f, U (2, f), ULambda y, T (256, c), Hoist_vars [c], T (68, x), T (1, c),  T (4, f), T (1, x), T (2, y), T (1, x),  Lambda_apply y [((Iter 2), (Arg 11)), ((Iter 1), (Arg 12))]];159.85921216011047
110;Yolo9000_9;3.2953289;0.007992044612613245;1;axe_yy_0;1;[V f, U (2, f), ULambda y, T (128, c), Hoist_vars [c], T (4, x), T (2, c),  T (4, f), T (17, x),  Lambda_apply y [((Iter 1), (Arg 8)), ((Iter 4), (Arg 15))], T (1, x),  T (1, y)];161.2006847858429
111;Yolo9000_9;0.3666661;0.0014764193476109683;2;axe_yy1_0,axe_xx1_0,axe_yy1_1,axe_xx1_1,axe_out_channels1_0;10;[V f, U (4, f), ULambda y, T (256, c), Hoist_vars [c], T (17, x), T (1, c),  T (2, f), T (1, x), T (2, y), T (4, x),  Lambda_apply y [((Iter 1), (Arg 6)), ((Iter 4), (Arg 7))]];162.6531217098236
112;Yolo9000_9;0.2213785;0.0012722786840940162;2;axe_yy1_0,axe_xx1_0,axe_yy1_1,axe_xx1_1,axe_out_channels1_0;24;[V f, U (2, f), ULambda y, T (128, c), Hoist_vars [c], T (4, x), T (2, c),  T (4, f), T (17, x), T (1, y), T (1, x),  Lambda_apply y [((Iter 1), (Arg 8)), ((Iter 4), (Arg 15))]];164.04688334465027
113;Yolo9000_9;3.2305483;0.04811794528458178;1;axe_yy_0;1;[V f, U (2, f), ULambda y, T (32, c), Hoist_vars [c], T (4, x), T (8, c),  T (4, f), T (17, x),  Lambda_apply y [((Iter 1), (Arg 8)), ((Iter 5), (Arg 12))], T (1, x),  T (1, y)];165.35929036140442
114;Yolo9000_9;1.6890272;0.006327358466216369;1;axe_yy_0;2;[V f, U (2, f), ULambda y, T (256, c), Hoist_vars [c], T (68, x), T (1, c),  T (4, f), T (1, x),  Lambda_apply y [((Iter 2), (Arg 11)), ((Iter 1), (Arg 12))], T (1, x),  T (2, y)];166.63812518119812
115;Yolo9000_9;0.7595619;0.006009964599729348;2;axe_yy1_0,axe_xx1_0,axe_yy1_1,axe_xx1_1,axe_out_channels1_0;11;[V f, U (2, f), ULambda y, T (256, c), Hoist_vars [c], T (68, x), T (1, c),  T (4, f), T (1, x), T (2, y), T (1, x),  Lambda_apply y [((Iter 3), (Arg 8)), ((Iter 1), (Arg 10))]];168.39335012435913
116;Yolo9000_9;0.7725863000000001;0.007837924037013872;2;axe_yy1_0,axe_xx1_0,axe_yy1_1,axe_xx1_1,axe_out_channels1_0;9;[V f, U (2, f), ULambda y, T (256, c), Hoist_vars [c], T (34, x), T (1, c),  T (4, f), T (2, x), T (1, y), T (1, x),  Lambda_apply y [((Iter 1), (Arg 8)), ((Iter 4), (Arg 15))]];169.74778985977173
117;Yolo9000_9;1.7348674000000002;0.006546830090967679;1;axe_yy_0;2;[V f, U (2, f), ULambda y, T (256, c), Hoist_vars [c], T (4, x), T (1, c),  T (4, f), T (17, x),  Lambda_apply y [((Iter 2), (Arg 11)), ((Iter 1), (Arg 12))], T (1, x),  T (2, y)];171.05061745643616
118;Yolo9000_9;0.2203464;0.0013477109630777638;2;axe_yy1_0,axe_xx1_0,axe_yy1_1,axe_xx1_1,axe_out_channels1_0;26;[V f, U (2, f), ULambda y, T (128, c), Hoist_vars [c], T (4, x), T (2, c),  T (4, f), T (17, x), T (2, y), T (1, x),  Lambda_apply y [((Iter 2), (Arg 10)), ((Iter 1), (Arg 14))]];172.8289885520935
119;Yolo9000_9;0.2220504;0.0012628617659902436;2;axe_yy1_0,axe_xx1_0,axe_yy1_1,axe_xx1_1,axe_out_channels1_0;24;[V f, U (2, f), ULambda y, T (128, c), Hoist_vars [c], T (4, x), T (2, c),  T (4, f), T (1, x), T (1, y), T (17, x),  Lambda_apply y [((Iter 1), (Arg 8)), ((Iter 4), (Arg 15))]];174.19722723960876
120;Yolo9000_9;2.9409863;0.006738120257905854;1;axe_yy_0;1;[V f, U (2, f), ULambda y, T (256, c), Hoist_vars [c], T (4, x), T (1, c),  T (4, f), T (17, x),  Lambda_apply y [((Iter 1), (Arg 12)), ((Iter 4), (Arg 14))], T (1, x),  T (1, y)];175.53227424621582
121;Yolo9000_9;1.7363696000000002;0.008980771773071619;1;axe_yy_0;2;[V f, U (4, f), ULambda y, T (256, c), Hoist_vars [c], T (17, x), T (1, c),  T (2, f), T (2, x),  Lambda_apply y [((Iter 1), (Arg 6)), ((Iter 4), (Arg 7))], T (2, x),  T (2, y)];176.83215880393982
122;Yolo9000_9;0.3899202;0.002323911134273432;2;axe_yy1_0,axe_xx1_0,axe_yy1_1,axe_xx1_1,axe_out_channels1_0;10;[V f, U (4, f), ULambda y, T (128, c), Hoist_vars [c], T (17, x), T (2, c),  T (2, f), T (1, x), T (2, y), T (4, x),  Lambda_apply y [((Iter 1), (Arg 6)), ((Iter 4), (Arg 7))]];178.29678392410278
123;Yolo9000_9;2.9117208999999997;0.008104663342175305;1;axe_yy_0;1;[V f, U (2, f), ULambda y, T (256, c), Hoist_vars [c], T (4, x), T (1, c),  T (4, f), T (17, x),  Lambda_apply y [((Iter 3), (Arg 8)), ((Iter 4), (Arg 11))], T (1, x),  T (1, y)];179.5789053440094
124;Yolo9000_9;2.9296289;0.00569016067347837;1;axe_yy_0;1;[V f, U (2, f), ULambda y, T (256, c), Hoist_vars [c], T (68, x), T (1, c),  T (4, f), T (1, x),  Lambda_apply y [((Iter 2), (Arg 9)), ((Iter 5), (Arg 10))], T (1, x),  T (1, y)];180.86192321777344
125;Yolo9000_9;2.9687419000000004;0.013265049660291555;1;axe_yy_0;1;[V f, U (2, f), ULambda y, T (256, c), Hoist_vars [c], T (4, x), T (1, c),  T (4, f), T (17, x),  Lambda_apply y [((Iter 1), (Arg 8)), ((Iter 5), (Arg 12))], T (1, x),  T (1, y)];182.13913989067078
126;Yolo9000_9;1.7849972;0.019667024146016576;1;axe_yy_0;2;[V f, U (2, f), ULambda y, T (128, c), Hoist_vars [c], T (4, x), T (2, c),  T (4, f), T (1, x),  Lambda_apply y [((Iter 1), (Arg 10)), ((Iter 2), (Arg 12))], T (17, x),  T (2, y)];183.44119119644165
127;Yolo9000_9;0.21777320000000003;0.0020671995452785923;2;axe_yy1_0,axe_xx1_0,axe_yy1_1,axe_xx1_1,axe_out_channels1_0;28;[V f, U (2, f), ULambda y, T (64, c), Hoist_vars [c], T (4, x), T (4, c),  T (4, f), T (17, x), T (1, y), T (1, x),  Lambda_apply y [((Iter 5), (Arg 11)), ((Iter 1), (Arg 13))]];184.83032059669495
128;Yolo9000_9;1.8148193;0.023180843932221244;1;axe_yy_0;2;[V f, U (2, f), ULambda y, T (64, c), Hoist_vars [c], T (4, x), T (4, c),  T (4, f), T (1, x),  Lambda_apply y [((Iter 1), (Arg 10)), ((Iter 2), (Arg 12))], T (17, x),  T (2, y)];186.14389157295227
129;Yolo9000_9;2.9446407999999997;0.006191795939790072;1;axe_yy_0;1;[V f, U (2, f), ULambda y, T (256, c), Hoist_vars [c], T (4, x), T (1, c),  T (4, f), T (1, x),  Lambda_apply y [((Iter 1), (Arg 8)), ((Iter 5), (Arg 12))], T (17, x),  T (1, y)];187.4210422039032
130;Yolo9000_9;3.2610289000000003;0.004789947691781205;1;axe_yy_0;1;[V f, U (2, f), ULambda y, T (64, c), Hoist_vars [c], T (4, x), T (4, c),  T (4, f), T (1, x),  Lambda_apply y [((Iter 1), (Arg 8)), ((Iter 4), (Arg 15))], T (17, x),  T (1, y)];188.7342917919159
131;Yolo9000_9;0.214922;0.002118576644825488;2;axe_yy1_0,axe_xx1_0,axe_yy1_1,axe_xx1_1,axe_out_channels1_0;25;[V f, U (2, f), ULambda y, T (128, c), Hoist_vars [c], T (4, x), T (2, c),  T (4, f), T (17, x), T (2, y), T (1, x),  Lambda_apply y [((Iter 1), (Arg 10)), ((Iter 2), (Arg 12))]];190.12990951538086
132;Yolo9000_9;3.3787598;0.07874465748074592;1;axe_yy_0;1;[V f, U (2, f), ULambda y, T (32, c), Hoist_vars [c], T (4, x), T (8, c),  T (4, f), T (17, x),  Lambda_apply y [((Iter 1), (Arg 8)), ((Iter 4), (Arg 15))], T (1, x),  T (1, y)];191.45775818824768
133;Yolo9000_9;1.7755497000000002;0.01547588887301795;1;axe_yy_0;2;[V f, U (2, f), ULambda y, T (64, c), Hoist_vars [c], T (4, x), T (4, c),  T (4, f), T (17, x),  Lambda_apply y [((Iter 1), (Arg 8)), ((Iter 2), (Arg 13))], T (1, x),  T (2, y)];192.74590373039246
134;Yolo9000_9;0.1996301;0.0003212206251161333;2;axe_yy1_0,axe_xx1_0,axe_yy1_1,axe_xx1_1,axe_out_channels1_0;24;[V f, U (2, f), ULambda y, T (128, c), Hoist_vars [c], T (4, x), T (2, c),  T (4, f), T (1, x), T (1, y), T (17, x),  Lambda_apply y [((Iter 1), (Arg 8)), ((Iter 5), (Arg 12))]];194.10566782951355
135;Yolo9000_9;0.21282509999999996;0.0007791508775583817;2;axe_yy1_0,axe_xx1_0,axe_yy1_1,axe_xx1_1,axe_out_channels1_0;26;[V f, U (2, f), ULambda y, T (256, c), Hoist_vars [c], T (4, x), T (1, c),  T (4, f), T (17, x), T (2, y), T (1, x),  Lambda_apply y [((Iter 2), (Arg 11)), ((Iter 1), (Arg 12))]];195.85519647598267
136;Yolo9000_9;0.3142863;0.001521648188642834;2;axe_yy1_0,axe_xx1_0,axe_yy1_1,axe_xx1_1,axe_out_channels1_0;9;[V f, U (4, f), ULambda y, T (256, c), Hoist_vars [c], T (17, x), T (1, c),  T (2, f), T (2, x), T (2, y), T (2, x),  Lambda_apply y [((Iter 1), (Arg 6)), ((Iter 4), (Arg 7))]];197.3431475162506
137;Yolo9000_9;1.8023543;0.02914226636365129;1;axe_yy_0;2;[V f, U (2, f), ULambda y, T (64, c), Hoist_vars [c], T (4, x), T (4, c),  T (4, f), T (17, x),  Lambda_apply y [((Iter 2), (Arg 11)), ((Iter 1), (Arg 12))], T (1, x),  T (2, y)];198.64858627319336
138;Yolo9000_9;0.2199223;0.0023252891024558697;2;axe_yy1_0,axe_xx1_0,axe_yy1_1,axe_xx1_1,axe_out_channels1_0;25;[V f, U (2, f), ULambda y, T (64, c), Hoist_vars [c], T (4, x), T (4, c),  T (4, f), T (17, x), T (2, y), T (1, x),  Lambda_apply y [((Iter 1), (Arg 10)), ((Iter 2), (Arg 12))]];200.04482293128967
139;Yolo9000_9;0.19694850000000003;0.001604461358213407;2;axe_yy1_0,axe_xx1_0,axe_yy1_1,axe_xx1_1,axe_out_channels1_0;24;[V f, U (2, f), ULambda y, T (256, c), Hoist_vars [c], T (4, x), T (1, c),  T (4, f), T (1, x), T (1, y), T (17, x),  Lambda_apply y [((Iter 1), (Arg 8)), ((Iter 5), (Arg 12))]];201.37130522727966
140;Yolo9000_9;1.7551155;0.005722948020906749;1;axe_yy_0;2;[V f, U (4, f), ULambda y, T (128, c), Hoist_vars [c], T (68, x), T (2, c),  T (2, f), T (1, x),  Lambda_apply y [((Iter 1), (Arg 6)), ((Iter 4), (Arg 7))], T (1, x),  T (2, y)];202.69674253463745
141;Yolo9000_9;2.9720208;0.007579441559904026;1;axe_yy_0;1;[V f, U (2, f), ULambda y, T (256, c), Hoist_vars [c], T (34, x), T (1, c),  T (4, f), T (1, x),  Lambda_apply y [((Iter 2), (Arg 13)), ((Iter 3), (Arg 14))], T (2, x),  T (1, y)];204.0753891468048
142;Yolo9000_9;0.21355969999999996;0.0010102066174798132;2;axe_yy1_0,axe_xx1_0,axe_yy1_1,axe_xx1_1,axe_out_channels1_0;26;[V f, U (2, f), ULambda y, T (256, c), Hoist_vars [c], T (4, x), T (1, c),  T (4, f), T (17, x), T (2, y), T (1, x),  Lambda_apply y [((Iter 2), (Arg 10)), ((Iter 1), (Arg 14))]];205.83969259262085
143;Yolo9000_9;1.7617032;0.006353700823929316;1;axe_yy_0;2;[V f, U (2, f), ULambda y, T (128, c), Hoist_vars [c], T (4, x), T (2, c),  T (4, f), T (17, x),  Lambda_apply y [((Iter 2), (Arg 10)), ((Iter 1), (Arg 14))], T (1, x),  T (2, y)];207.17556190490723
144;Yolo9000_9;1.7708088000000004;0.012339610089463953;1;axe_yy_0;2;[V f, U (2, f), ULambda y, T (64, c), Hoist_vars [c], T (4, x), T (4, c),  T (4, f), T (17, x),  Lambda_apply y [((Iter 2), (Arg 10)), ((Iter 1), (Arg 14))], T (1, x),  T (2, y)];208.4769024848938
145;Yolo9000_9;1.0021577000000002;0.007930490880771527;2;axe_yy1_0,axe_xx1_0,axe_yy1_1,axe_xx1_1,axe_out_channels1_0;13;[V f, U (2, f), ULambda y, T (256, c), Hoist_vars [c], T (68, x), T (1, c),  T (4, f), T (1, x), T (1, y), T (1, x),  Lambda_apply y [((Iter 6), (Arg 9)), ((Iter 1), (Arg 14))]];209.85238194465637
146;Yolo9000_9;0.226131;0.003413591774070235;2;axe_yy1_0,axe_xx1_0,axe_yy1_1,axe_xx1_1,axe_out_channels1_0;24;[V f, U (2, f), ULambda y, T (64, c), Hoist_vars [c], T (4, x), T (4, c),  T (4, f), T (1, x), T (1, y), T (17, x),  Lambda_apply y [((Iter 1), (Arg 8)), ((Iter 4), (Arg 15))]];211.22698640823364
147;Yolo9000_9;0.1976816;0.0015317481646798222;2;axe_yy1_0,axe_xx1_0,axe_yy1_1,axe_xx1_1,axe_out_channels1_0;24;[V f, U (2, f), ULambda y, T (256, c), Hoist_vars [c], T (4, x), T (1, c),  T (4, f), T (17, x), T (1, y), T (1, x),  Lambda_apply y [((Iter 1), (Arg 8)), ((Iter 5), (Arg 12))]];212.5608537197113
148;Yolo9000_9;3.0786406;0.00981954706898446;1;axe_yy_0;1;[V f, U (2, f), ULambda y, T (128, c), Hoist_vars [c], T (4, x), T (2, c),  T (4, f), T (17, x),  Lambda_apply y [((Iter 5), (Arg 11)), ((Iter 1), (Arg 13))], T (1, x),  T (1, y)];213.89617609977722
149;Yolo9000_9;1.0486913;0.01114938992994681;2;axe_yy1_0,axe_xx1_0,axe_yy1_1,axe_xx1_1,axe_out_channels1_0;8;[V f, U (2, f), ULambda y, T (256, c), Hoist_vars [c], T (68, x), T (1, c),  T (4, f), T (1, x), T (1, y), T (1, x),  Lambda_apply y [((Iter 1), (Arg 8)), ((Iter 4), (Arg 15))]];215.24500250816345
150;Yolo9000_9;0.2081584;0.00298428518074262;2;axe_yy1_0,axe_xx1_0,axe_yy1_1,axe_xx1_1,axe_out_channels1_0;24;[V f, U (2, f), ULambda y, T (64, c), Hoist_vars [c], T (4, x), T (4, c),  T (4, f), T (17, x), T (1, y), T (1, x),  Lambda_apply y [((Iter 1), (Arg 8)), ((Iter 5), (Arg 12))]];216.57875990867615
151;Yolo9000_9;3.0275046;0.007606924506001092;1;axe_yy_0;1;[V f, U (2, f), ULambda y, T (256, c), Hoist_vars [c], T (68, x), T (1, c),  T (4, f), T (1, x),  Lambda_apply y [((Iter 1), (Arg 8)), ((Iter 5), (Arg 12))], T (1, x),  T (1, y)];217.8709909915924
152;Yolo9000_9;3.0997136999999997;0.013416233309315878;1;axe_yy_0;1;[V f, U (2, f), ULambda y, T (64, c), Hoist_vars [c], T (4, x), T (4, c),  T (4, f), T (17, x),  Lambda_apply y [((Iter 1), (Arg 8)), ((Iter 5), (Arg 12))], T (1, x),  T (1, y)];219.16453194618225
153;Yolo9000_9;0.2271935;0.0023586535671861666;2;axe_yy1_0,axe_xx1_0,axe_yy1_1,axe_xx1_1,axe_out_channels1_0;25;[V f, U (2, f), ULambda y, T (32, c), Hoist_vars [c], T (4, x), T (8, c),  T (4, f), T (17, x), T (2, y), T (1, x),  Lambda_apply y [((Iter 1), (Arg 10)), ((Iter 2), (Arg 12))]];220.55712413787842
154;Yolo9000_9;1.1027637000000001;0.013917763506037913;2;axe_yy1_0,axe_xx1_0,axe_yy1_1,axe_xx1_1,axe_out_channels1_0;8;[V f, U (2, f), ULambda y, T (256, c), Hoist_vars [c], T (68, x), T (1, c),  T (4, f), T (1, x), T (1, y), T (1, x),  Lambda_apply y [((Iter 1), (Arg 12)), ((Iter 4), (Arg 14))]];221.93851494789124
155;Yolo9000_9;3.1370334;0.00801705249078486;1;axe_yy_0;1;[V f, U (2, f), ULambda y, T (64, c), Hoist_vars [c], T (4, x), T (4, c),  T (4, f), T (17, x),  Lambda_apply y [((Iter 3), (Arg 8)), ((Iter 4), (Arg 11))], T (1, x),  T (1, y)];223.24091482162476
156;Yolo9000_9;0.22764420000000002;0.0010246978871843169;2;axe_yy1_0,axe_xx1_0,axe_yy1_1,axe_xx1_1,axe_out_channels1_0;26;[V f, U (2, f), ULambda y, T (128, c), Hoist_vars [c], T (4, x), T (2, c),  T (4, f), T (1, x), T (2, y), T (17, x),  Lambda_apply y [((Iter 2), (Arg 10)), ((Iter 1), (Arg 14))]];225.02011060714722
157;Yolo9000_9;0.217151;0.0009808409657023854;2;axe_yy1_0,axe_xx1_0,axe_yy1_1,axe_xx1_1,axe_out_channels1_0;26;[V f, U (2, f), ULambda y, T (128, c), Hoist_vars [c], T (4, x), T (2, c),  T (4, f), T (17, x), T (2, y), T (1, x),  Lambda_apply y [((Iter 2), (Arg 11)), ((Iter 1), (Arg 12))]];226.78752636909485
158;Yolo9000_9;3.2316165000000003;0.007982059499277099;1;axe_yy_0;1;[V f, U (2, f), ULambda y, T (256, c), Hoist_vars [c], T (68, x), T (1, c),  T (4, f), T (1, x),  Lambda_apply y [((Iter 1), (Arg 8)), ((Iter 4), (Arg 15))], T (1, x),  T (1, y)];228.09606957435608
159;Yolo9000_9;0.9488591999999999;0.010767813128021862;2;axe_yy1_0,axe_xx1_0,axe_yy1_1,axe_xx1_1,axe_out_channels1_0;8;[V f, U (2, f), ULambda y, T (256, c), Hoist_vars [c], T (68, x), T (1, c),  T (4, f), T (1, x), T (1, y), T (1, x),  Lambda_apply y [((Iter 1), (Arg 8)), ((Iter 5), (Arg 12))]];229.4142234325409
160;Yolo9000_9;0.35467670000000007;0.003138987481657105;2;axe_yy1_0,axe_xx1_0,axe_yy1_1,axe_xx1_1,axe_out_channels1_0;10;[V f, U (4, f), ULambda y, T (64, c), Hoist_vars [c], T (17, x), T (4, c),  T (2, f), T (4, x), T (2, y), T (1, x),  Lambda_apply y [((Iter 1), (Arg 6)), ((Iter 4), (Arg 7))]];230.8451464176178
161;Yolo9000_9;3.0349895000000005;0.01777969575245874;1;axe_yy_0;1;[V f, U (2, f), ULambda y, T (128, c), Hoist_vars [c], T (4, x), T (2, c),  T (4, f), T (17, x),  Lambda_apply y [((Iter 1), (Arg 12)), ((Iter 4), (Arg 14))], T (1, x),  T (1, y)];232.18388080596924
162;Yolo9000_9;0.2200679;0.0013353973528504564;2;axe_yy1_0,axe_xx1_0,axe_yy1_1,axe_xx1_1,axe_out_channels1_0;25;[V f, U (2, f), ULambda y, T (128, c), Hoist_vars [c], T (4, x), T (2, c),  T (4, f), T (1, x), T (2, y), T (17, x),  Lambda_apply y [((Iter 1), (Arg 8)), ((Iter 2), (Arg 13))]];233.53658747673035
163;Yolo9000_9;1.686563;0.011625687566763483;1;axe_yy_0;2;[V f, U (4, f), ULambda y, T (256, c), Hoist_vars [c], T (68, x), T (1, c),  T (2, f), T (1, x),  Lambda_apply y [((Iter 1), (Arg 6)), ((Iter 4), (Arg 7))], T (1, x),  T (2, y)];234.82437539100647
164;Yolo9000_9;3.1952038000000003;0.009126528012338602;1;axe_yy_0;1;[V f, U (2, f), ULambda y, T (256, c), Hoist_vars [c], T (4, x), T (1, c),  T (4, f), T (17, x),  Lambda_apply y [((Iter 1), (Arg 8)), ((Iter 4), (Arg 15))], T (1, x),  T (1, y)];236.13179278373718
165;Yolo9000_9;0.22923559999999998;0.0008376144936663851;2;axe_yy1_0,axe_xx1_0,axe_yy1_1,axe_xx1_1,axe_out_channels1_0;25;[V f, U (2, f), ULambda y, T (128, c), Hoist_vars [c], T (4, x), T (2, c),  T (4, f), T (1, x), T (1, y), T (17, x),  Lambda_apply y [((Iter 2), (Arg 13)), ((Iter 3), (Arg 14))]];237.89745235443115
166;Yolo9000_9;1.7811111;0.015708804177594116;1;axe_yy_0;2;[V f, U (2, f), ULambda y, T (64, c), Hoist_vars [c], T (4, x), T (4, c),  T (4, f), T (17, x),  Lambda_apply y [((Iter 1), (Arg 10)), ((Iter 2), (Arg 12))], T (1, x),  T (2, y)];239.18464851379395
167;Yolo9000_9;0.21439209999999997;0.0018126182416603874;2;axe_yy1_0,axe_xx1_0,axe_yy1_1,axe_xx1_1,axe_out_channels1_0;24;[V f, U (2, f), ULambda y, T (256, c), Hoist_vars [c], T (4, x), T (1, c),  T (4, f), T (17, x), T (1, y), T (1, x),  Lambda_apply y [((Iter 1), (Arg 12)), ((Iter 4), (Arg 14))]];240.5329885482788
168;Yolo9000_9;0.8345454;0.0032101362650205556;2;axe_yy1_0,axe_xx1_0,axe_yy1_1,axe_xx1_1,axe_out_channels1_0;9;[V f, U (2, f), ULambda y, T (256, c), Hoist_vars [c], T (68, x), T (1, c),  T (4, f), T (1, x), T (1, y), T (1, x),  Lambda_apply y [((Iter 2), (Arg 9)), ((Iter 5), (Arg 10))]];241.85441946983337
169;Yolo9000_9;0.2288542;0.00399231919565558;2;axe_yy1_0,axe_xx1_0,axe_yy1_1,axe_xx1_1,axe_out_channels1_0;24;[V f, U (2, f), ULambda y, T (64, c), Hoist_vars [c], T (4, x), T (4, c),  T (4, f), T (17, x), T (1, y), T (1, x),  Lambda_apply y [((Iter 1), (Arg 8)), ((Iter 4), (Arg 15))]];243.21664094924927
170;Yolo9000_9;0.21687910000000002;0.0007322643580019474;2;axe_yy1_0,axe_xx1_0,axe_yy1_1,axe_xx1_1,axe_out_channels1_0;26;[V f, U (2, f), ULambda y, T (256, c), Hoist_vars [c], T (4, x), T (1, c),  T (4, f), T (1, x), T (2, y), T (17, x),  Lambda_apply y [((Iter 2), (Arg 11)), ((Iter 1), (Arg 12))]];245.02916836738586
171;Yolo9000_9;3.2149917;0.008576497304261124;1;axe_yy_0;1;[V f, U (2, f), ULambda y, T (256, c), Hoist_vars [c], T (34, x), T (1, c),  T (4, f), T (1, x),  Lambda_apply y [((Iter 1), (Arg 8)), ((Iter 4), (Arg 15))], T (2, x),  T (1, y)];246.34024381637573
172;Yolo9000_9;1.7928623;0.014229909234074599;1;axe_yy_0;2;[V f, U (4, f), ULambda y, T (128, c), Hoist_vars [c], T (34, x), T (2, c),  T (2, f), T (1, x),  Lambda_apply y [((Iter 1), (Arg 6)), ((Iter 4), (Arg 7))], T (2, x),  T (2, y)];247.6392719745636
173;Yolo9000_9;0.23138770000000003;0.0023859631199999692;2;axe_yy1_0,axe_xx1_0,axe_yy1_1,axe_xx1_1,axe_out_channels1_0;25;[V f, U (2, f), ULambda y, T (64, c), Hoist_vars [c], T (4, x), T (4, c),  T (4, f), T (1, x), T (2, y), T (17, x),  Lambda_apply y [((Iter 1), (Arg 8)), ((Iter 2), (Arg 13))]];248.99800372123718
174;Yolo9000_9;1.8084361999999998;0.011020365654550626;1;axe_yy_0;2;[V f, U (2, f), ULambda y, T (64, c), Hoist_vars [c], T (4, x), T (4, c),  T (4, f), T (1, x),  Lambda_apply y [((Iter 2), (Arg 10)), ((Iter 1), (Arg 14))], T (17, x),  T (2, y)];250.29084539413452
175;Yolo9000_9;3.2664915999999997;0.02522564050405859;1;axe_yy_0;1;[V f, U (2, f), ULambda y, T (32, c), Hoist_vars [c], T (4, x), T (8, c),  T (4, f), T (17, x),  Lambda_apply y [((Iter 3), (Arg 8)), ((Iter 4), (Arg 11))], T (1, x),  T (1, y)];251.57385635375977
176;Yolo9000_9;1.782262;0.014710519814065053;1;axe_yy_0;2;[V f, U (4, f), ULambda y, T (128, c), Hoist_vars [c], T (34, x), T (2, c),  T (2, f), T (2, x),  Lambda_apply y [((Iter 1), (Arg 6)), ((Iter 4), (Arg 7))], T (1, x),  T (2, y)];252.85272979736328
177;Yolo9000_9;1.7488511;0.0037520042763834966;1;axe_yy_0;2;[V f, U (2, f), ULambda y, T (128, c), Hoist_vars [c], T (4, x), T (2, c),  T (4, f), T (17, x),  Lambda_apply y [((Iter 1), (Arg 8)), ((Iter 2), (Arg 13))], T (1, x),  T (2, y)];254.13486313819885
178;Yolo9000_9;1.7058186;0.012567934804095722;1;axe_yy_0;2;[V f, U (4, f), ULambda y, T (256, c), Hoist_vars [c], T (34, x), T (1, c),  T (2, f), T (2, x),  Lambda_apply y [((Iter 1), (Arg 6)), ((Iter 4), (Arg 7))], T (1, x),  T (2, y)];255.41955852508545
179;Yolo9000_9;1.7384790000000003;0.004944759367249316;1;axe_yy_0;2;[V f, U (2, f), ULambda y, T (256, c), Hoist_vars [c], T (68, x), T (1, c),  T (4, f), T (1, x),  Lambda_apply y [((Iter 3), (Arg 8)), ((Iter 1), (Arg 10))], T (1, x),  T (2, y)];256.67239212989807
180;Yolo9000_9;0.2134831;0.0019939628105859935;2;axe_yy1_0,axe_xx1_0,axe_yy1_1,axe_xx1_1,axe_out_channels1_0;24;[V f, U (2, f), ULambda y, T (256, c), Hoist_vars [c], T (4, x), T (1, c),  T (4, f), T (1, x), T (1, y), T (17, x),  Lambda_apply y [((Iter 1), (Arg 12)), ((Iter 4), (Arg 14))]];258.0301721096039
181;Yolo9000_9;1.7515698999999998;0.014259279781601849;1;axe_yy_0;2;[V f, U (4, f), ULambda y, T (256, c), Hoist_vars [c], T (17, x), T (1, c),  T (2, f), T (1, x),  Lambda_apply y [((Iter 1), (Arg 6)), ((Iter 4), (Arg 7))], T (4, x),  T (2, y)];259.3186869621277
182;Yolo9000_9;2.9813818000000003;0.007022669033921582;1;axe_yy_0;1;[V f, U (2, f), ULambda y, T (256, c), Hoist_vars [c], T (4, x), T (1, c),  T (4, f), T (1, x),  Lambda_apply y [((Iter 1), (Arg 12)), ((Iter 4), (Arg 14))], T (17, x),  T (1, y)];260.6181962490082
183;Yolo9000_9;0.2098502;0.0007581810865485956;2;axe_yy1_0,axe_xx1_0,axe_yy1_1,axe_xx1_1,axe_out_channels1_0;25;[V f, U (2, f), ULambda y, T (256, c), Hoist_vars [c], T (4, x), T (1, c),  T (4, f), T (17, x), T (2, y), T (1, x),  Lambda_apply y [((Iter 1), (Arg 10)), ((Iter 2), (Arg 12))]];262.00350308418274
184;Yolo9000_9;0.3274416;0.0027134749381558573;2;axe_yy1_0,axe_xx1_0,axe_yy1_1,axe_xx1_1,axe_out_channels1_0;10;[V f, U (4, f), ULambda y, T (128, c), Hoist_vars [c], T (17, x), T (2, c),  T (2, f), T (4, x), T (2, y), T (1, x),  Lambda_apply y [((Iter 1), (Arg 6)), ((Iter 4), (Arg 7))]];263.46440625190735
185;Yolo9000_9;0.2347731;0.003521360090930779;2;axe_yy1_0,axe_xx1_0,axe_yy1_1,axe_xx1_1,axe_out_channels1_0;24;[V f, U (2, f), ULambda y, T (32, c), Hoist_vars [c], T (4, x), T (8, c),  T (4, f), T (1, x), T (1, y), T (17, x),  Lambda_apply y [((Iter 1), (Arg 8)), ((Iter 4), (Arg 15))]];264.81587529182434
186;Yolo9000_9;3.0792709;0.007138980731869197;1;axe_yy_0;1;[V f, U (2, f), ULambda y, T (128, c), Hoist_vars [c], T (4, x), T (2, c),  T (4, f), T (1, x),  Lambda_apply y [((Iter 2), (Arg 13)), ((Iter 3), (Arg 14))], T (17, x),  T (1, y)];266.1404905319214
187;Yolo9000_9;0.21034769999999997;0.0005303299067561677;2;axe_yy1_0,axe_xx1_0,axe_yy1_1,axe_xx1_1,axe_out_channels1_0;26;[V f, U (2, f), ULambda y, T (128, c), Hoist_vars [c], T (4, x), T (2, c),  T (4, f), T (17, x), T (1, y), T (1, x),  Lambda_apply y [((Iter 3), (Arg 8)), ((Iter 4), (Arg 11))]];267.4853732585907
188;Yolo9000_9;1.7744198;0.012296627479109902;1;axe_yy_0;2;[V f, U (2, f), ULambda y, T (64, c), Hoist_vars [c], T (4, x), T (4, c),  T (4, f), T (1, x),  Lambda_apply y [((Iter 1), (Arg 8)), ((Iter 2), (Arg 13))], T (17, x),  T (2, y)];268.75637102127075
189;Yolo9000_9;0.7256391;0.016110819274326185;2;axe_yy1_0,axe_xx1_0,axe_yy1_1,axe_xx1_1,axe_out_channels1_0;10;[V f, U (2, f), ULambda y, T (256, c), Hoist_vars [c], T (34, x), T (1, c),  T (4, f), T (1, x), T (1, y), T (2, x),  Lambda_apply y [((Iter 2), (Arg 13)), ((Iter 3), (Arg 14))]];270.49400091171265
190;Yolo9000_9;0.22402890000000003;0.0014983935697939967;2;axe_yy1_0,axe_xx1_0,axe_yy1_1,axe_xx1_1,axe_out_channels1_0;25;[V f, U (2, f), ULambda y, T (256, c), Hoist_vars [c], T (4, x), T (1, c),  T (4, f), T (17, x), T (1, y), T (1, x),  Lambda_apply y [((Iter 2), (Arg 13)), ((Iter 3), (Arg 14))]];272.2527997493744
191;Yolo9000_9;1.7557116000000001;0.011870232172961013;1;axe_yy_0;2;[V f, U (2, f), ULambda y, T (256, c), Hoist_vars [c], T (4, x), T (1, c),  T (4, f), T (17, x),  Lambda_apply y [((Iter 2), (Arg 10)), ((Iter 1), (Arg 14))], T (1, x),  T (2, y)];273.54165029525757
192;Yolo9000_9;0.7595865;0.009908359210787622;2;axe_yy1_0,axe_xx1_0,axe_yy1_1,axe_xx1_1,axe_out_channels1_0;9;[V f, U (2, f), ULambda y, T (256, c), Hoist_vars [c], T (34, x), T (1, c),  T (4, f), T (2, x), T (1, y), T (1, x),  Lambda_apply y [((Iter 1), (Arg 12)), ((Iter 4), (Arg 14))]];274.8867461681366
193;Yolo9000_9;3.1237675000000005;0.009862008449093936;1;axe_yy_0;1;[V f, U (2, f), ULambda y, T (64, c), Hoist_vars [c], T (4, x), T (4, c),  T (4, f), T (1, x),  Lambda_apply y [((Iter 2), (Arg 13)), ((Iter 3), (Arg 14))], T (17, x),  T (1, y)];276.2161445617676
194;Yolo9000_9;0.7041531;0.013244209930758411;2;axe_yy1_0,axe_xx1_0,axe_yy1_1,axe_xx1_1,axe_out_channels1_0;8;[V f, U (4, f), ULambda y, T (256, c), Hoist_vars [c], T (34, x), T (1, c),  T (2, f), T (1, x), T (2, y), T (2, x),  Lambda_apply y [((Iter 1), (Arg 6)), ((Iter 4), (Arg 7))]];277.5191090106964
195;Yolo9000_9;1.0226184;0.007664974105631404;2;axe_yy1_0,axe_xx1_0,axe_yy1_1,axe_xx1_1,axe_out_channels1_0;9;[V f, U (2, f), ULambda y, T (256, c), Hoist_vars [c], T (68, x), T (1, c),  T (4, f), T (1, x), T (1, y), T (1, x),  Lambda_apply y [((Iter 2), (Arg 13)), ((Iter 3), (Arg 14))]];279.2788164615631
196;Yolo9000_9;0.21763919999999998;0.0029141234977262025;2;axe_yy1_0,axe_xx1_0,axe_yy1_1,axe_xx1_1,axe_out_channels1_0;24;[V f, U (2, f), ULambda y, T (128, c), Hoist_vars [c], T (4, x), T (2, c),  T (4, f), T (17, x), T (1, y), T (1, x),  Lambda_apply y [((Iter 1), (Arg 12)), ((Iter 4), (Arg 14))]];280.660941362381
197;Yolo9000_9;1.7567591999999999;0.009545700391275658;1;axe_yy_0;2;[V f, U (2, f), ULambda y, T (128, c), Hoist_vars [c], T (4, x), T (2, c),  T (4, f), T (17, x),  Lambda_apply y [((Iter 2), (Arg 11)), ((Iter 1), (Arg 12))], T (1, x),  T (2, y)];281.96346712112427
198;Yolo9000_9;0.2203483;0.001769878416728109;2;axe_yy1_0,axe_xx1_0,axe_yy1_1,axe_xx1_1,axe_out_channels1_0;25;[V f, U (2, f), ULambda y, T (128, c), Hoist_vars [c], T (4, x), T (2, c),  T (4, f), T (1, x), T (2, y), T (17, x),  Lambda_apply y [((Iter 1), (Arg 10)), ((Iter 2), (Arg 12))]];283.3379626274109
199;Yolo9000_9;0.2089843;0.000956229893906275;2;axe_yy1_0,axe_xx1_0,axe_yy1_1,axe_xx1_1,axe_out_channels1_0;25;[V f, U (2, f), ULambda y, T (256, c), Hoist_vars [c], T (4, x), T (1, c),  T (4, f), T (17, x), T (2, y), T (1, x),  Lambda_apply y [((Iter 1), (Arg 8)), ((Iter 2), (Arg 13))]];284.66381549835205
