IdRun;NameConv;Time(ms);std;NbMicroKernel;AxeFuse;SizeAxeFuse;Schema;Time_search(557.3466508388519)
0;ResNet18_4;0.35993759999999997;0.004009055380704481;2;axe_out_channels1_0,axe_yy1_0,axe_xx1_0;11;[V f, U (2, f), ULambda y, T (4, c), Hoist_vars [c], T (4, x), T (3, w),  T (3, h), T (2, f), T (16, c), T (7, x),  Lambda_apply y [((Iter 2), (Arg 9)), ((Iter 1), (Arg 10))], T (2, f)];558.8394150733948
1;ResNet18_4;0.17765238333333336;0.0010559564859774218;1;axe_out_channels_0,axe_yy_0,axe_xx_0;8;[V f, U (2, f), U (14, y), T (32, c), Hoist_vars [c], T (7, x), T (3, w),  T (3, h), T (2, f), T (2, c), T (4, x), T (2, y), T (2, f)];559.8507144451141
2;ResNet18_4;0.15771645;0.0014651723676566038;2;axe_out_channels1_0,axe_yy1_0,axe_xx1_0;10;[V f, U (4, f), ULambda y, U (3, h), T (8, c), Hoist_vars [c], T (4, x),  T (3, w), T (2, f), T (8, c), T (7, x),  Lambda_apply y [((Iter 2), (Arg 5)), ((Iter 3), (Arg 6))], T (1, f)];561.2415993213654
3;ResNet18_4;0.06016521666666665;0.00032266029651081216;1;axe_out_channels_0,axe_yy_0,axe_xx_0;20;[V f, U (1, f), U (14, y), U (3, h), T (64, c), Hoist_vars [c], T (2, x),  T (3, w), T (2, f), T (1, c), T (14, x), T (2, y), T (4, f)];562.3090794086456
4;ResNet18_4;0.06061386666666666;0.00036080444688070263;1;axe_out_channels_0,axe_yy_0,axe_xx_0;22;[V f, U (4, f), U (4, y), U (3, w), T (32, c), Hoist_vars [c], T (2, x),  T (3, h), T (2, f), T (2, c), T (14, x), T (7, y), T (1, f)];563.3058681488037
5;ResNet18_4;0.5580433166666667;0.0009636875342200759;1;axe_out_channels_0,axe_yy_0,axe_xx_0;5;[V f, U (1, f), U (14, y), U (3, h), T (32, c), Hoist_vars [c], T (28, x),  T (3, w), T (4, f), T (2, c), T (1, x), T (2, y), T (2, f)];564.410621881485
6;ResNet18_4;0.7094208333333334;0.004515374690371143;1;axe_out_channels_0,axe_yy_0,axe_xx_0;7;[V f, U (4, f), U (7, y), T (16, c), Hoist_vars [c], T (28, x), T (3, w),  T (3, h), T (1, f), T (4, c), T (1, x), T (4, y), T (2, f)];565.4843204021454
7;ResNet18_4;0.09585185;0.0013759330863292556;2;axe_out_channels1_0,axe_yy1_0,axe_xx1_0;31;[V f, U (2, f), ULambda y, U (3, h), T (4, c), Hoist_vars [c], T (1, x),  T (3, w), T (4, f), T (16, c), T (28, x),  Lambda_apply y [((Iter 2), (Arg 9)), ((Iter 1), (Arg 10))], T (1, f)];566.8137216567993
8;ResNet18_4;0.8252240500000001;0.0013344010122106507;1;axe_out_channels_0,axe_yy_0,axe_xx_0;6;[V f, U (4, f), U (7, y), U (3, w), T (8, c), Hoist_vars [c], T (28, x),  T (3, h), T (2, f), T (8, c), T (1, x), T (4, y), T (1, f)];568.0400540828705
9;ResNet18_4;0.09262740000000001;0.00040167557528156554;2;axe_out_channels1_0,axe_yy1_0,axe_xx1_0;31;[V f, U (4, f), ULambda y, U (3, h), T (4, c), Hoist_vars [c], T (1, x),  T (3, w), T (2, f), T (16, c), T (28, x),  Lambda_apply y [((Iter 2), (Arg 5)), ((Iter 3), (Arg 6))], T (1, f)];569.3617224693298
10;ResNet18_4;0.10307344999999998;0.0004995965652959968;2;axe_out_channels1_0,axe_yy1_0,axe_xx1_0;32;[V f, U (4, f), ULambda y, U (3, w), T (2, c), Hoist_vars [c], T (1, x),  T (3, h), T (1, f), T (32, c), T (28, x),  Lambda_apply y [((Iter 2), (Arg 5)), ((Iter 3), (Arg 6))], T (2, f)];570.6694345474243
11;ResNet18_4;4.1100737999999994;0.02068860557445931;2;axe_out_channels1_0,axe_yy1_0,axe_xx1_0;4;[V f, U (4, f), ULambda y, U (3, h), T (1, c), Hoist_vars [c], T (28, x),  T (3, w), T (2, f), T (64, c), T (1, x),  Lambda_apply y [((Iter 2), (Arg 5)), ((Iter 3), (Arg 6))], T (1, f)];572.6580624580383
12;ResNet18_4;0.07614659999999998;0.00017966433517349118;1;axe_out_channels_0,axe_yy_0,axe_xx_0;32;[V f, U (1, f), U (14, y), U (3, h), T (8, c), Hoist_vars [c], T (1, x),  T (3, w), T (4, f), T (8, c), T (28, x), T (2, y), T (2, f)];573.7079083919525
13;ResNet18_4;1.5412045833333334;0.003856892388417481;1;axe_out_channels_0,axe_yy_0,axe_xx_0;8;[V f, U (1, f), U (14, y), U (3, h), T (1, c), Hoist_vars [c], T (14, x),  T (3, w), T (2, f), T (64, c), T (2, x), T (2, y), T (4, f)];574.9593303203583
14;ResNet18_4;0.8513347;0.0030021773670676826;2;axe_out_channels1_0,axe_yy1_0,axe_xx1_0;9;[V f, U (2, f), ULambda y, T (8, c), Hoist_vars [c], T (7, x), T (3, w),  T (3, h), T (1, f), T (8, c), T (4, x),  Lambda_apply y [((Iter 1), (Arg 13)), ((Iter 1), (Arg 15))], T (4, f)];576.3124570846558
15;ResNet18_4;0.34495176666666666;0.0012248687916126654;2;axe_out_channels1_0,axe_yy1_0,axe_xx1_0;8;[V f, U (1, f), ULambda y, U (3, h), T (32, c), Hoist_vars [c], T (14, x),  T (3, w), T (2, f), T (2, c), T (2, x),  Lambda_apply y [((Iter 2), (Arg 9)), ((Iter 1), (Arg 10))], T (4, f)];577.6483612060547
16;ResNet18_4;0.24233800000000003;0.0005030821006555579;2;axe_out_channels1_0,axe_yy1_0,axe_xx1_0;6;[V f, U (4, f), ULambda y, U (3, h), T (16, c), Hoist_vars [c], T (14, x),  T (3, w), T (1, f), T (4, c), T (2, x),  Lambda_apply y [((Iter 2), (Arg 5)), ((Iter 3), (Arg 6))], T (2, f)];579.319052696228
17;ResNet18_4;0.22827870000000003;0.0022714703715630696;2;axe_out_channels1_0,axe_yy1_0,axe_xx1_0;9;[V f, U (2, f), ULambda y, T (8, c), Hoist_vars [c], T (4, x), T (3, w),  T (3, h), T (4, f), T (8, c), T (7, x),  Lambda_apply y [((Iter 1), (Arg 8)), ((Iter 2), (Arg 10))], T (1, f)];580.7219369411469
18;ResNet18_4;0.12256613333333335;0.0004015682714890034;2;axe_out_channels1_0,axe_yy1_0,axe_xx1_0;10;[V f, U (4, f), ULambda y, U (3, w), T (16, c), Hoist_vars [c], T (4, x),  T (3, h), T (2, f), T (4, c), T (7, x),  Lambda_apply y [((Iter 2), (Arg 5)), ((Iter 3), (Arg 6))], T (1, f)];582.1184046268463
19;ResNet18_4;2.4395315833333333;0.0065155899371558065;2;axe_out_channels1_0,axe_yy1_0,axe_xx1_0;12;[V f, U (2, f), ULambda y, T (2, c), Hoist_vars [c], T (4, x), T (3, w),  T (3, h), T (1, f), T (32, c), T (7, x),  Lambda_apply y [((Iter 1), (Arg 13)), ((Iter 1), (Arg 15))], T (4, f)];583.9026141166687
20;ResNet18_4;1.5369010833333334;0.016471192914069687;2;axe_out_channels1_0,axe_yy1_0,axe_xx1_0;5;[V f, U (2, f), ULambda y, T (8, c), Hoist_vars [c], T (14, x), T (3, w),  T (3, h), T (2, f), T (8, c), T (2, x),  Lambda_apply y [((Iter 1), (Arg 13)), ((Iter 1), (Arg 15))], T (2, f)];585.4124658107758
21;ResNet18_4;0.15071955;0.0005911836528430756;2;axe_out_channels1_0,axe_yy1_0,axe_xx1_0;17;[V f, U (2, f), ULambda y, T (8, c), Hoist_vars [c], T (2, x), T (3, w),  T (3, h), T (2, f), T (8, c), T (14, x),  Lambda_apply y [((Iter 1), (Arg 13)), ((Iter 1), (Arg 15))], T (2, f)];586.8333394527435
22;ResNet18_4;1.7809100166666667;0.00618136272751944;1;axe_out_channels_0,axe_yy_0,axe_xx_0;6;[V f, U (4, f), U (7, y), T (4, c), Hoist_vars [c], T (28, x), T (3, w),  T (3, h), T (2, f), T (16, c), T (1, x), T (4, y), T (1, f)];588.1584258079529
23;ResNet18_4;1.0567144499999999;0.004510926432348028;2;axe_out_channels1_0,axe_yy1_0,axe_xx1_0;8;[V f, U (2, f), ULambda y, T (8, c), Hoist_vars [c], T (14, x), T (3, w),  T (3, h), T (1, f), T (8, c), T (2, x),  Lambda_apply y [((Iter 2), (Arg 9)), ((Iter 1), (Arg 10))], T (4, f)];589.4847581386566
24;ResNet18_4;0.9330273333333334;0.005413634548783083;2;axe_out_channels1_0,axe_yy1_0,axe_xx1_0;6;[V f, U (4, f), ULambda y, U (3, h), T (2, c), Hoist_vars [c], T (14, x),  T (3, w), T (1, f), T (32, c), T (2, x),  Lambda_apply y [((Iter 2), (Arg 5)), ((Iter 3), (Arg 6))], T (2, f)];591.2840399742126
25;ResNet18_4;0.09203128333333334;0.0004592781295443692;1;axe_out_channels_0,axe_yy_0,axe_xx_0;16;[V f, U (4, f), U (4, y), U (3, w), T (1, c), Hoist_vars [c], T (4, x),  T (3, h), T (1, f), T (64, c), T (7, x), T (7, y), T (2, f)];592.2922151088715
26;ResNet18_4;0.2342921;0.0042269402285288445;2;axe_out_channels1_0,axe_yy1_0,axe_xx1_0;19;[V f, U (2, f), ULambda y, T (2, c), Hoist_vars [c], T (2, x), T (3, w),  T (3, h), T (1, f), T (32, c), T (14, x),  Lambda_apply y [((Iter 1), (Arg 8)), ((Iter 2), (Arg 10))], T (4, f)];593.5534791946411
27;ResNet18_4;0.48581221666666663;0.0007278642274566987;1;axe_out_channels_0,axe_yy_0,axe_xx_0;7;[V f, U (4, f), U (7, y), U (3, w), T (16, c), Hoist_vars [c], T (28, x),  T (3, h), T (1, f), T (4, c), T (1, x), T (4, y), T (2, f)];594.6653490066528
28;ResNet18_4;0.47507978333333334;0.001782421922943305;1;axe_out_channels_0,axe_yy_0,axe_xx_0;13;[V f, U (2, f), U (14, y), T (8, c), Hoist_vars [c], T (4, x), T (3, w),  T (3, h), T (1, f), T (8, c), T (7, x), T (2, y), T (4, f)];595.7991065979004
29;ResNet18_4;0.17987075;0.0006532420269956094;2;axe_out_channels1_0,axe_yy1_0,axe_xx1_0;6;[V f, U (4, f), ULambda y, U (3, h), T (64, c), Hoist_vars [c], T (14, x),  T (3, w), T (1, f), T (1, c), T (2, x),  Lambda_apply y [((Iter 2), (Arg 5)), ((Iter 3), (Arg 6))], T (2, f)];597.4417541027069
30;ResNet18_4;0.8631441499999999;0.014758814241825877;2;axe_out_channels1_0,axe_yy1_0,axe_xx1_0;8;[V f, U (4, f), ULambda y, U (3, h), T (1, c), Hoist_vars [c], T (7, x),  T (3, w), T (1, f), T (64, c), T (4, x),  Lambda_apply y [((Iter 2), (Arg 5)), ((Iter 3), (Arg 6))], T (2, f)];598.9678359031677
31;ResNet18_4;0.2051463666666667;0.0006862776762279886;2;axe_out_channels1_0,axe_yy1_0,axe_xx1_0;7;[V f, U (4, f), ULambda y, U (3, h), T (8, c), Hoist_vars [c], T (7, x),  T (3, w), T (2, f), T (8, c), T (4, x),  Lambda_apply y [((Iter 2), (Arg 5)), ((Iter 3), (Arg 6))], T (1, f)];600.6704769134521
32;ResNet18_4;0.5627137166666667;0.011871672944228298;1;axe_out_channels_0,axe_yy_0,axe_xx_0;10;[V f, U (4, f), U (7, y), U (3, w), T (1, c), Hoist_vars [c], T (7, x),  T (3, h), T (1, f), T (64, c), T (4, x), T (4, y), T (2, f)];601.8926129341125
33;ResNet18_4;0.83648165;0.028947053142711145;2;axe_out_channels1_0,axe_yy1_0,axe_xx1_0;20;[V f, U (2, f), ULambda y, T (1, c), Hoist_vars [c], T (2, x), T (3, w),  T (3, h), T (1, f), T (64, c), T (14, x),  Lambda_apply y [((Iter 2), (Arg 8)), ((Iter 1), (Arg 12))], T (4, f)];603.2421162128448
34;ResNet18_4;1.0236461333333333;0.00407088375390131;2;axe_out_channels1_0,axe_yy1_0,axe_xx1_0;5;[V f, U (2, f), ULambda y, T (8, c), Hoist_vars [c], T (14, x), T (3, w),  T (3, h), T (4, f), T (8, c), T (2, x),  Lambda_apply y [((Iter 2), (Arg 8)), ((Iter 1), (Arg 12))], T (1, f)];604.6649396419525
35;ResNet18_4;0.24741311666666665;0.002712189644354622;2;axe_out_channels1_0,axe_yy1_0,axe_xx1_0;10;[V f, U (2, f), ULambda y, T (8, c), Hoist_vars [c], T (4, x), T (3, w),  T (3, h), T (2, f), T (8, c), T (7, x),  Lambda_apply y [((Iter 1), (Arg 8)), ((Iter 2), (Arg 10))], T (2, f)];606.0797460079193
36;ResNet18_4;1.3068212000000003;0.006289886627135894;1;axe_out_channels_0,axe_yy_0,axe_xx_0;8;[V f, U (2, f), U (14, y), T (4, c), Hoist_vars [c], T (14, x), T (3, w),  T (3, h), T (1, f), T (16, c), T (2, x), T (2, y), T (4, f)];607.2358665466309
37;ResNet18_4;2.1972853;0.006727555252591123;2;axe_out_channels1_0,axe_yy1_0,axe_xx1_0;5;[V f, U (2, f), ULambda y, T (2, c), Hoist_vars [c], T (14, x), T (3, w),  T (3, h), T (4, f), T (32, c), T (2, x),  Lambda_apply y [((Iter 2), (Arg 9)), ((Iter 1), (Arg 10))], T (1, f)];608.8578813076019
38;ResNet18_4;0.1675660333333333;0.0007971402176948918;2;axe_out_channels1_0,axe_yy1_0,axe_xx1_0;16;[V f, U (2, f), ULambda y, T (4, c), Hoist_vars [c], T (2, x), T (3, w),  T (3, h), T (4, f), T (16, c), T (14, x),  Lambda_apply y [((Iter 1), (Arg 8)), ((Iter 2), (Arg 10))], T (1, f)];610.159675359726
39;ResNet18_4;0.4802744666666666;0.0010137252389084553;2;axe_out_channels1_0,axe_yy1_0,axe_xx1_0;9;[V f, U (2, f), ULambda y, T (16, c), Hoist_vars [c], T (7, x), T (3, w),  T (3, h), T (1, f), T (4, c), T (4, x),  Lambda_apply y [((Iter 1), (Arg 13)), ((Iter 1), (Arg 15))], T (4, f)];611.442197561264
40;ResNet18_4;0.46761318333333335;0.0009534638064854718;2;axe_out_channels1_0,axe_yy1_0,axe_xx1_0;6;[V f, U (2, f), ULambda y, T (32, c), Hoist_vars [c], T (7, x), T (3, w),  T (3, h), T (4, f), T (2, c), T (4, x),  Lambda_apply y [((Iter 1), (Arg 13)), ((Iter 1), (Arg 15))], T (1, f)];612.7949049472809
41;ResNet18_4;0.16855540000000002;0.0011120090532205282;2;axe_out_channels1_0,axe_yy1_0,axe_xx1_0;10;[V f, U (2, f), ULambda y, T (32, c), Hoist_vars [c], T (7, x), T (3, w),  T (3, h), T (1, f), T (2, c), T (4, x),  Lambda_apply y [((Iter 2), (Arg 8)), ((Iter 1), (Arg 12))], T (4, f)];614.2400653362274
42;ResNet18_4;0.35679039999999995;0.0012382808180879026;1;axe_out_channels_0,axe_yy_0,axe_xx_0;7;[V f, U (2, f), U (14, y), T (64, c), Hoist_vars [c], T (28, x), T (3, w),  T (3, h), T (1, f), T (1, c), T (1, x), T (2, y), T (4, f)];615.2680649757385
43;ResNet18_4;15.489905583333334;0.025382519466187563;2;axe_out_channels1_0,axe_yy1_0,axe_xx1_0;7;[V f, U (2, f), ULambda y, T (1, c), Hoist_vars [c], T (28, x), T (3, w),  T (3, h), T (1, f), T (64, c), T (1, x),  Lambda_apply y [((Iter 2), (Arg 9)), ((Iter 1), (Arg 10))], T (4, f)];618.7046475410461
44;ResNet18_4;0.10695435;0.0005734869874044399;2;axe_out_channels1_0,axe_yy1_0,axe_xx1_0;32;[V f, U (2, f), ULambda y, T (4, c), Hoist_vars [c], T (1, x), T (3, w),  T (3, h), T (2, f), T (16, c), T (28, x),  Lambda_apply y [((Iter 2), (Arg 8)), ((Iter 1), (Arg 12))], T (2, f)];619.9555323123932
45;ResNet18_4;0.10490091666666665;0.0006698455636687194;1;axe_out_channels_0,axe_yy_0,axe_xx_0;11;[V f, U (1, f), U (14, y), U (3, h), T (8, c), Hoist_vars [c], T (4, x),  T (3, w), T (4, f), T (8, c), T (7, x), T (2, y), T (2, f)];621.0877180099487
46;ResNet18_4;0.08533218333333333;0.00042949013343989784;2;axe_out_channels1_0,axe_yy1_0,axe_xx1_0;17;[V f, U (2, f), ULambda y, T (32, c), Hoist_vars [c], T (2, x), T (3, w),  T (3, h), T (2, f), T (2, c), T (14, x),  Lambda_apply y [((Iter 1), (Arg 8)), ((Iter 2), (Arg 10))], T (2, f)];622.3803923130035
47;ResNet18_4;0.08956560000000001;0.0006807245412875255;2;axe_out_channels1_0,axe_yy1_0,axe_xx1_0;18;[V f, U (4, f), ULambda y, U (3, w), T (16, c), Hoist_vars [c], T (2, x),  T (3, h), T (1, f), T (4, c), T (14, x),  Lambda_apply y [((Iter 2), (Arg 5)), ((Iter 3), (Arg 6))], T (2, f)];623.6810154914856
48;ResNet18_4;0.22364423333333336;0.0013026415218487571;2;axe_out_channels1_0,axe_yy1_0,axe_xx1_0;14;[V f, U (1, f), ULambda y, U (3, h), T (8, c), Hoist_vars [c], T (7, x),  T (3, w), T (1, f), T (8, c), T (4, x),  Lambda_apply y [((Iter 2), (Arg 9)), ((Iter 1), (Arg 10))], T (8, f)];625.1282277107239
49;ResNet18_4;0.5501681666666667;0.002498071232637957;2;axe_out_channels1_1;8;[V f, U (1, f), ULambda y, U (3, h), T (64, c), Hoist_vars [c], T (7, x),  T (3, w), T (8, f), T (1, c), T (4, x),  Lambda_apply y [((Iter 2), (Arg 9)), ((Iter 1), (Arg 10))], T (1, f)];626.63427567482
50;ResNet18_4;0.4552254333333333;0.0005207208582553633;1;axe_out_channels_0,axe_yy_0,axe_xx_0;7;[V f, U (2, f), U (14, y), T (32, c), Hoist_vars [c], T (28, x), T (3, w),  T (3, h), T (1, f), T (2, c), T (1, x), T (2, y), T (4, f)];627.6901044845581
51;ResNet18_4;2.5002878500000003;0.009831543852838003;1;axe_out_channels_0,axe_yy_0,axe_xx_0;6;[V f, U (2, f), U (14, y), T (2, c), Hoist_vars [c], T (14, x), T (3, w),  T (3, h), T (2, f), T (32, c), T (2, x), T (2, y), T (2, f)];629.0561933517456
52;ResNet18_4;0.07255526666666667;0.0004258175156879604;1;axe_out_channels_0,axe_yy_0,axe_xx_0;20;[V f, U (1, f), U (14, y), U (3, h), T (32, c), Hoist_vars [c], T (2, x),  T (3, w), T (2, f), T (2, c), T (14, x), T (2, y), T (4, f)];630.126481294632
53;ResNet18_4;0.09568249999999999;0.0003855426406738701;2;axe_out_channels1_0,axe_yy1_0,axe_xx1_0;20;[V f, U (2, f), ULambda y, T (64, c), Hoist_vars [c], T (2, x), T (3, w),  T (3, h), T (1, f), T (1, c), T (14, x),  Lambda_apply y [((Iter 2), (Arg 9)), ((Iter 1), (Arg 10))], T (4, f)];631.356253862381
54;ResNet18_4;0.08547251666666668;0.0002619013644909515;1;axe_out_channels_0,axe_yy_0,axe_xx_0;18;[V f, U (2, f), U (14, y), T (16, c), Hoist_vars [c], T (2, x), T (3, w),  T (3, h), T (2, f), T (4, c), T (14, x), T (2, y), T (2, f)];632.3960647583008
55;ResNet18_4;2.7875689666666665;0.014156564344814942;2;axe_out_channels1_0,axe_yy1_0,axe_xx1_0;5;[V f, U (1, f), ULambda y, U (3, h), T (2, c), Hoist_vars [c], T (28, x),  T (3, w), T (4, f), T (32, c), T (1, x),  Lambda_apply y [((Iter 2), (Arg 9)), ((Iter 1), (Arg 10))], T (2, f)];634.0686280727386
56;ResNet18_4;0.49469246666666666;0.00220355535416943;1;axe_out_channels_0,axe_yy_0,axe_xx_0;8;[V f, U (1, f), U (14, y), U (3, h), T (4, c), Hoist_vars [c], T (14, x),  T (3, w), T (2, f), T (16, c), T (2, x), T (2, y), T (4, f)];635.1383020877838
57;ResNet18_4;0.7109710666666667;0.005041252514229193;2;axe_out_channels1_0,axe_yy1_0,axe_xx1_0;5;[V f, U (4, f), ULambda y, U (3, h), T (32, c), Hoist_vars [c], T (28, x),  T (3, w), T (1, f), T (2, c), T (1, x),  Lambda_apply y [((Iter 2), (Arg 5)), ((Iter 3), (Arg 6))], T (2, f)];636.5086507797241
58;ResNet18_4;0.30865943333333334;0.0009611253132540775;2;axe_out_channels1_0,axe_yy1_0,axe_xx1_0;8;[V f, U (2, f), ULambda y, T (16, c), Hoist_vars [c], T (7, x), T (3, w),  T (3, h), T (2, f), T (4, c), T (4, x),  Lambda_apply y [((Iter 2), (Arg 8)), ((Iter 1), (Arg 12))], T (2, f)];638.0602281093597
59;ResNet18_4;1.3455178666666665;0.010031590955244094;1;axe_out_channels_0,axe_yy_0,axe_xx_0;10;[V f, U (4, f), U (4, y), U (3, w), T (2, c), Hoist_vars [c], T (28, x),  T (3, h), T (1, f), T (32, c), T (1, x), T (7, y), T (2, f)];639.2329106330872
60;ResNet18_4;0.0902142;0.00040511461889747557;1;axe_out_channels_0,axe_yy_0,axe_xx_0;9;[V f, U (4, f), U (7, y), T (32, c), Hoist_vars [c], T (7, x), T (3, w),  T (3, h), T (2, f), T (2, c), T (4, x), T (4, y), T (1, f)];640.3203341960907
61;ResNet18_4;0.0868326;0.0004056685579249223;2;axe_out_channels1_0,axe_yy1_0,axe_xx1_0;24;[V f, U (1, f), ULambda y, U (3, h), T (64, c), Hoist_vars [c], T (2, x),  T (3, w), T (1, f), T (1, c), T (14, x),  Lambda_apply y [((Iter 2), (Arg 9)), ((Iter 1), (Arg 10))], T (8, f)];641.5246193408966
62;ResNet18_4;0.7083754499999999;0.00126930646647425;2;axe_out_channels1_0,axe_yy1_0,axe_xx1_0;5;[V f, U (2, f), ULambda y, U (3, h), T (8, c), Hoist_vars [c], T (14, x),  T (3, w), T (4, f), T (8, c), T (2, x),  Lambda_apply y [((Iter 2), (Arg 9)), ((Iter 1), (Arg 10))], T (1, f)];643.0118608474731
63;ResNet18_4;0.7827782666666666;0.012996391087357884;1;axe_out_channels_0,axe_yy_0,axe_xx_0;7;[V f, U (4, f), U (7, y), U (3, w), T (1, c), Hoist_vars [c], T (14, x),  T (3, h), T (2, f), T (64, c), T (2, x), T (4, y), T (1, f)];644.3970878124237
64;ResNet18_4;0.41068991666666665;0.0017470113547459062;2;axe_out_channels1_0,axe_yy1_0,axe_xx1_0;6;[V f, U (2, f), ULambda y, U (3, h), T (32, c), Hoist_vars [c], T (14, x),  T (3, w), T (2, f), T (2, c), T (2, x),  Lambda_apply y [((Iter 2), (Arg 9)), ((Iter 1), (Arg 10))], T (2, f)];645.726891040802
65;ResNet18_4;0.6137673333333333;0.01872716629376814;1;axe_out_channels_0,axe_yy_0,axe_xx_0;13;[V f, U (4, f), U (7, y), T (1, c), Hoist_vars [c], T (4, x), T (3, w),  T (3, h), T (1, f), T (64, c), T (7, x), T (4, y), T (2, f)];646.8386368751526
66;ResNet18_4;0.29204138333333335;0.0008971527246733797;2;axe_out_channels1_0,axe_yy1_0,axe_xx1_0;10;[V f, U (2, f), ULambda y, T (4, c), Hoist_vars [c], T (4, x), T (3, w),  T (3, h), T (4, f), T (16, c), T (7, x),  Lambda_apply y [((Iter 2), (Arg 9)), ((Iter 1), (Arg 10))], T (1, f)];648.3532280921936
67;ResNet18_4;0.24722991666666666;0.0020957052820391236;2;axe_out_channels1_0,axe_yy1_0,axe_xx1_0;7;[V f, U (4, f), ULambda y, U (3, w), T (4, c), Hoist_vars [c], T (7, x),  T (3, h), T (2, f), T (16, c), T (4, x),  Lambda_apply y [((Iter 2), (Arg 5)), ((Iter 3), (Arg 6))], T (1, f)];650.0572669506073
68;ResNet18_4;0.28682023333333334;0.0011989629203793038;2;axe_out_channels1_0,axe_yy1_0,axe_xx1_0;5;[V f, U (4, f), ULambda y, U (3, w), T (32, c), Hoist_vars [c], T (14, x),  T (3, h), T (2, f), T (2, c), T (2, x),  Lambda_apply y [((Iter 2), (Arg 5)), ((Iter 3), (Arg 6))], T (1, f)];651.7862136363983
69;ResNet18_4;2.0636374;0.0038698996514408977;2;axe_out_channels1_0,axe_yy1_0,axe_xx1_0;6;[V f, U (2, f), ULambda y, T (8, c), Hoist_vars [c], T (28, x), T (3, w),  T (3, h), T (1, f), T (8, c), T (1, x),  Lambda_apply y [((Iter 1), (Arg 8)), ((Iter 2), (Arg 10))], T (4, f)];653.2998561859131
70;ResNet18_4;0.16292613333333333;0.0007552336422885658;2;axe_out_channels1_0,axe_yy1_0,axe_xx1_0;7;[V f, U (2, f), ULambda y, T (64, c), Hoist_vars [c], T (7, x), T (3, w),  T (3, h), T (2, f), T (1, c), T (4, x),  Lambda_apply y [((Iter 1), (Arg 8)), ((Iter 2), (Arg 10))], T (2, f)];654.7471549510956
71;ResNet18_4;0.29758101666666664;0.0011823177013579943;2;axe_out_channels1_0,axe_yy1_0,axe_xx1_0;8;[V f, U (2, f), ULambda y, U (3, h), T (64, c), Hoist_vars [c], T (14, x),  T (3, w), T (1, f), T (1, c), T (2, x),  Lambda_apply y [((Iter 2), (Arg 9)), ((Iter 1), (Arg 10))], T (4, f)];656.038688659668
72;ResNet18_4;1.1181215166666667;0.002222584627122744;1;axe_out_channels_0,axe_yy_0,axe_xx_0;7;[V f, U (4, f), U (7, y), T (8, c), Hoist_vars [c], T (28, x), T (3, w),  T (3, h), T (1, f), T (8, c), T (1, x), T (4, y), T (2, f)];657.1852281093597
73;ResNet18_4;0.2752220833333333;0.0011357782604648084;2;axe_out_channels1_0,axe_yy1_0,axe_xx1_0;9;[V f, U (2, f), ULambda y, T (16, c), Hoist_vars [c], T (7, x), T (3, w),  T (3, h), T (1, f), T (4, c), T (4, x),  Lambda_apply y [((Iter 1), (Arg 8)), ((Iter 2), (Arg 10))], T (4, f)];658.5945456027985
74;ResNet18_4;0.12563733333333332;0.0007401001846597093;2;axe_out_channels1_0,axe_yy1_0,axe_xx1_0;19;[V f, U (2, f), ULambda y, T (16, c), Hoist_vars [c], T (2, x), T (3, w),  T (3, h), T (1, f), T (4, c), T (14, x),  Lambda_apply y [((Iter 1), (Arg 8)), ((Iter 2), (Arg 10))], T (4, f)];659.837295293808
75;ResNet18_4;0.22274745;0.0009046859339940371;2;axe_out_channels1_0,axe_yy1_0,axe_xx1_0;10;[V f, U (2, f), ULambda y, T (8, c), Hoist_vars [c], T (4, x), T (3, w),  T (3, h), T (4, f), T (8, c), T (7, x),  Lambda_apply y [((Iter 2), (Arg 9)), ((Iter 1), (Arg 10))], T (1, f)];661.2564322948456
76;ResNet18_4;0.18338501666666668;0.0022659817095589114;2;axe_out_channels1_0,axe_yy1_0,axe_xx1_0;13;[V f, U (2, f), ULambda y, T (32, c), Hoist_vars [c], T (4, x), T (3, w),  T (3, h), T (1, f), T (2, c), T (7, x),  Lambda_apply y [((Iter 2), (Arg 8)), ((Iter 1), (Arg 12))], T (4, f)];662.5666105747223
77;ResNet18_4;0.46841216666666663;0.000857892194081917;2;axe_out_channels1_0,axe_yy1_0,axe_xx1_0;6;[V f, U (2, f), ULambda y, T (64, c), Hoist_vars [c], T (14, x), T (3, w),  T (3, h), T (2, f), T (1, c), T (2, x),  Lambda_apply y [((Iter 2), (Arg 8)), ((Iter 1), (Arg 12))], T (2, f)];663.8947730064392
78;ResNet18_4;0.07671675;0.0007607694104216707;1;axe_out_channels_0,axe_yy_0,axe_xx_0;38;[V f, U (1, f), U (14, y), U (3, h), T (4, c), Hoist_vars [c], T (1, x),  T (3, w), T (1, f), T (16, c), T (28, x), T (2, y), T (8, f)];664.8952438831329
79;ResNet18_4;0.5682771833333333;0.0023896448730233383;2;axe_out_channels1_0,axe_yy1_0,axe_xx1_0;8;[V f, U (1, f), ULambda y, U (3, h), T (2, c), Hoist_vars [c], T (7, x),  T (3, w), T (4, f), T (32, c), T (4, x),  Lambda_apply y [((Iter 2), (Arg 9)), ((Iter 1), (Arg 10))], T (2, f)];666.562530040741
80;ResNet18_4;0.09841350000000001;0.0004384949575283363;1;axe_out_channels_0,axe_yy_0,axe_xx_0;32;[V f, U (1, f), U (14, y), U (3, h), T (4, c), Hoist_vars [c], T (1, x),  T (3, w), T (4, f), T (16, c), T (28, x), T (2, y), T (2, f)];667.5945148468018
81;ResNet18_4;0.09259763333333332;0.0004292518996269368;2;axe_out_channels1_0,axe_yy1_0,axe_xx1_0;20;[V f, U (1, f), ULambda y, U (3, h), T (32, c), Hoist_vars [c], T (2, x),  T (3, w), T (2, f), T (2, c), T (14, x),  Lambda_apply y [((Iter 2), (Arg 9)), ((Iter 1), (Arg 10))], T (4, f)];668.9011495113373
82;ResNet18_4;1.3976147666666667;0.01946284863988016;2;axe_out_channels1_0,axe_yy1_0,axe_xx1_0;7;[V f, U (2, f), ULambda y, T (2, c), Hoist_vars [c], T (7, x), T (3, w),  T (3, h), T (2, f), T (32, c), T (4, x),  Lambda_apply y [((Iter 1), (Arg 8)), ((Iter 2), (Arg 10))], T (2, f)];670.5867667198181
83;ResNet18_4;0.2637252333333334;0.0018265986273824752;1;axe_out_channels_0,axe_yy_0,axe_xx_0;8;[V f, U (4, f), U (7, y), U (3, h), T (8, c), Hoist_vars [c], T (14, x),  T (3, w), T (1, f), T (8, c), T (2, x), T (4, y), T (2, f)];671.9847764968872
84;ResNet18_4;0.08716138333333333;0.0004295196221749771;2;axe_out_channels1_0,axe_yy1_0,axe_xx1_0;31;[V f, U (2, f), ULambda y, T (32, c), Hoist_vars [c], T (1, x), T (3, w),  T (3, h), T (2, f), T (2, c), T (28, x),  Lambda_apply y [((Iter 1), (Arg 13)), ((Iter 1), (Arg 15))], T (2, f)];673.2769641876221
85;ResNet18_4;0.1379109;0.0013649839197262034;2;axe_out_channels1_0,axe_yy1_0,axe_xx1_0;17;[V f, U (4, f), ULambda y, U (3, h), T (4, c), Hoist_vars [c], T (2, x),  T (3, w), T (2, f), T (16, c), T (14, x),  Lambda_apply y [((Iter 2), (Arg 5)), ((Iter 3), (Arg 6))], T (1, f)];674.6355340480804
86;ResNet18_4;0.07443778333333334;0.0011153837083911718;1;axe_out_channels_0,axe_yy_0,axe_xx_0;24;[V f, U (1, f), U (14, y), U (3, h), T (16, c), Hoist_vars [c], T (2, x),  T (3, w), T (1, f), T (4, c), T (14, x), T (2, y), T (8, f)];675.6632342338562
87;ResNet18_4;0.1156171;0.00028235511722337063;1;axe_out_channels_0,axe_yy_0,axe_xx_0;9;[V f, U (4, f), U (7, y), U (3, h), T (64, c), Hoist_vars [c], T (7, x),  T (3, w), T (2, f), T (1, c), T (4, x), T (4, y), T (1, f)];676.7919936180115
88;ResNet18_4;5.075806466666667;0.07926885326612661;1;axe_out_channels_0,axe_yy_0,axe_xx_0;6;[V f, U (4, f), U (7, y), T (1, c), Hoist_vars [c], T (28, x), T (3, w),  T (3, h), T (2, f), T (64, c), T (1, x), T (4, y), T (1, f)];678.559728384018
89;ResNet18_4;0.1300058166666667;0.0003418305497205038;1;axe_out_channels_0,axe_yy_0,axe_xx_0;34;[V f, U (4, f), U (7, y), T (1, c), Hoist_vars [c], T (1, x), T (3, w),  T (3, h), T (1, f), T (64, c), T (28, x), T (4, y), T (2, f)];679.5348961353302
90;ResNet18_4;0.22257231666666666;0.0008323903913495781;2;axe_out_channels1_0,axe_yy1_0,axe_xx1_0;8;[V f, U (2, f), ULambda y, T (32, c), Hoist_vars [c], T (7, x), T (3, w),  T (3, h), T (2, f), T (2, c), T (4, x),  Lambda_apply y [((Iter 2), (Arg 8)), ((Iter 1), (Arg 12))], T (2, f)];681.0635361671448
91;ResNet18_4;3.1801432499999995;0.010357342812187129;2;axe_out_channels1_0,axe_yy1_0,axe_xx1_0;6;[V f, U (2, f), ULambda y, T (8, c), Hoist_vars [c], T (28, x), T (3, w),  T (3, h), T (1, f), T (8, c), T (1, x),  Lambda_apply y [((Iter 1), (Arg 13)), ((Iter 1), (Arg 15))], T (4, f)];682.7924480438232
92;ResNet18_4;0.11521143333333335;0.0004260376756944272;2;axe_out_channels1_0,axe_yy1_0,axe_xx1_0;11;[V f, U (1, f), ULambda y, U (3, h), T (64, c), Hoist_vars [c], T (4, x),  T (3, w), T (4, f), T (1, c), T (7, x),  Lambda_apply y [((Iter 2), (Arg 9)), ((Iter 1), (Arg 10))], T (2, f)];684.1206028461456
93;ResNet18_4;0.21476121666666667;0.0007916325748799831;2;axe_out_channels1_0,axe_yy1_0,axe_xx1_0;17;[V f, U (2, f), ULambda y, T (4, c), Hoist_vars [c], T (2, x), T (3, w),  T (3, h), T (2, f), T (16, c), T (14, x),  Lambda_apply y [((Iter 1), (Arg 8)), ((Iter 2), (Arg 10))], T (2, f)];685.4146618843079
94;ResNet18_4;0.0650333;0.00022870876434646413;1;axe_out_channels_0,axe_yy_0,axe_xx_0;11;[V f, U (1, f), U (14, y), U (3, h), T (32, c), Hoist_vars [c], T (4, x),  T (3, w), T (4, f), T (2, c), T (7, x), T (2, y), T (2, f)];686.5097246170044
95;ResNet18_4;0.13420445000000003;0.0005101205960358821;2;axe_out_channels1_0,axe_yy1_0,axe_xx1_0;10;[V f, U (2, f), ULambda y, U (3, h), T (16, c), Hoist_vars [c], T (7, x),  T (3, w), T (1, f), T (4, c), T (4, x),  Lambda_apply y [((Iter 2), (Arg 9)), ((Iter 1), (Arg 10))], T (4, f)];687.9991006851196
96;ResNet18_4;1.361487983333333;0.005928209768391707;2;axe_out_channels1_0,axe_yy1_0,axe_xx1_0;11;[V f, U (1, f), ULambda y, U (3, h), T (2, c), Hoist_vars [c], T (28, x),  T (3, w), T (1, f), T (32, c), T (1, x),  Lambda_apply y [((Iter 2), (Arg 9)), ((Iter 1), (Arg 10))], T (8, f)];689.4764750003815
97;ResNet18_4;0.09854273333333333;0.0003274327343983077;1;axe_out_channels_0,axe_yy_0,axe_xx_0;34;[V f, U (1, f), U (14, y), U (3, h), T (1, c), Hoist_vars [c], T (1, x),  T (3, w), T (2, f), T (64, c), T (28, x), T (2, y), T (4, f)];690.4918622970581
98;ResNet18_4;0.5057439333333333;0.0029854093411866506;1;axe_out_channels_0,axe_yy_0,axe_xx_0;7;[V f, U (2, f), U (14, y), T (4, c), Hoist_vars [c], T (7, x), T (3, w),  T (3, h), T (4, f), T (16, c), T (4, x), T (2, y), T (1, f)];691.5593774318695
99;ResNet18_4;4.320748166666666;0.006667918921972579;2;axe_out_channels1_0,axe_yy1_0,axe_xx1_0;8;[V f, U (2, f), ULambda y, T (2, c), Hoist_vars [c], T (14, x), T (3, w),  T (3, h), T (1, f), T (32, c), T (2, x),  Lambda_apply y [((Iter 2), (Arg 8)), ((Iter 1), (Arg 12))], T (4, f)];693.364413022995
100;ResNet18_4;0.09393435;0.00029154346397902296;2;axe_out_channels1_0,axe_yy1_0,axe_xx1_0;20;[V f, U (1, f), ULambda y, U (3, h), T (64, c), Hoist_vars [c], T (2, x),  T (3, w), T (2, f), T (1, c), T (14, x),  Lambda_apply y [((Iter 2), (Arg 9)), ((Iter 1), (Arg 10))], T (4, f)];694.6253168582916
101;ResNet18_4;0.18035998333333336;0.0010161342033248666;1;axe_out_channels_0,axe_yy_0,axe_xx_0;8;[V f, U (1, f), U (14, y), U (3, h), T (16, c), Hoist_vars [c], T (7, x),  T (3, w), T (4, f), T (4, c), T (4, x), T (2, y), T (2, f)];695.6621551513672
102;ResNet18_4;0.6974072833333333;0.0020804552574029767;2;axe_out_channels1_0,axe_yy1_0,axe_xx1_0;10;[V f, U (2, f), ULambda y, U (3, h), T (2, c), Hoist_vars [c], T (7, x),  T (3, w), T (1, f), T (32, c), T (4, x),  Lambda_apply y [((Iter 2), (Arg 9)), ((Iter 1), (Arg 10))], T (4, f)];697.3023793697357
103;ResNet18_4;0.10482735000000001;0.00019547148769066402;1;axe_out_channels_0,axe_yy_0,axe_xx_0;20;[V f, U (4, f), U (7, y), U (3, h), T (32, c), Hoist_vars [c], T (2, x),  T (3, w), T (1, f), T (2, c), T (14, x), T (4, y), T (2, f)];698.3564183712006
104;ResNet18_4;0.37955076666666665;0.005854290084677697;2;axe_out_channels1_0,axe_yy1_0,axe_xx1_0;10;[V f, U (4, f), ULambda y, U (3, w), T (1, c), Hoist_vars [c], T (4, x),  T (3, h), T (2, f), T (64, c), T (7, x),  Lambda_apply y [((Iter 2), (Arg 5)), ((Iter 3), (Arg 6))], T (1, f)];699.8089365959167
105;ResNet18_4;0.6665730666666667;0.0009170309766972108;1;axe_out_channels_0,axe_yy_0,axe_xx_0;6;[V f, U (4, f), U (7, y), U (3, w), T (16, c), Hoist_vars [c], T (28, x),  T (3, h), T (2, f), T (4, c), T (1, x), T (4, y), T (1, f)];701.0094563961029
106;ResNet18_4;0.36218758333333334;0.003625073055394104;2;axe_out_channels1_0,axe_yy1_0,axe_xx1_0;7;[V f, U (4, f), ULambda y, U (3, h), T (2, c), Hoist_vars [c], T (7, x),  T (3, w), T (2, f), T (32, c), T (4, x),  Lambda_apply y [((Iter 2), (Arg 5)), ((Iter 3), (Arg 6))], T (1, f)];702.7644000053406
107;ResNet18_4;0.10800801666666666;0.0012129119974718333;2;axe_out_channels1_0,axe_yy1_0,axe_xx1_0;17;[V f, U (4, f), ULambda y, U (3, w), T (8, c), Hoist_vars [c], T (2, x),  T (3, h), T (2, f), T (8, c), T (14, x),  Lambda_apply y [((Iter 2), (Arg 5)), ((Iter 3), (Arg 6))], T (1, f)];704.135897397995
108;ResNet18_4;0.05507956666666667;0.0001248311570793835;1;axe_out_channels_0,axe_yy_0,axe_xx_0;32;[V f, U (1, f), U (14, y), U (3, h), T (32, c), Hoist_vars [c], T (1, x),  T (3, w), T (4, f), T (2, c), T (28, x), T (2, y), T (2, f)];705.1803650856018
109;ResNet18_4;0.08003278333333333;0.00011652574941951088;2;axe_out_channels1_0,axe_yy1_0,axe_xx1_0;32;[V f, U (2, f), ULambda y, T (32, c), Hoist_vars [c], T (1, x), T (3, w),  T (3, h), T (2, f), T (2, c), T (28, x),  Lambda_apply y [((Iter 2), (Arg 8)), ((Iter 1), (Arg 12))], T (2, f)];706.403148651123
110;ResNet18_4;0.9698516833333333;0.002039524911250436;2;axe_out_channels1_0,axe_yy1_0,axe_xx1_0;12;[V f, U (1, f), ULambda y, U (3, h), T (2, c), Hoist_vars [c], T (14, x),  T (3, w), T (1, f), T (32, c), T (2, x),  Lambda_apply y [((Iter 2), (Arg 9)), ((Iter 1), (Arg 10))], T (8, f)];707.7692229747772
111;ResNet18_4;0.11807951666666665;0.002508755146648098;2;axe_out_channels1_0,axe_yy1_0,axe_xx1_0;17;[V f, U (4, f), ULambda y, U (3, w), T (4, c), Hoist_vars [c], T (2, x),  T (3, h), T (2, f), T (16, c), T (14, x),  Lambda_apply y [((Iter 2), (Arg 5)), ((Iter 3), (Arg 6))], T (1, f)];709.134001493454
112;ResNet18_4;5.073564933333334;0.021536021962852137;1;axe_out_channels_0,axe_yy_0,axe_xx_0;8;[V f, U (2, f), U (14, y), T (1, c), Hoist_vars [c], T (14, x), T (3, w),  T (3, h), T (1, f), T (64, c), T (2, x), T (2, y), T (4, f)];710.8234305381775
113;ResNet18_4;0.22226406666666665;0.006572586129015981;1;axe_out_channels_0,axe_yy_0,axe_xx_0;13;[V f, U (4, f), U (7, y), T (4, c), Hoist_vars [c], T (4, x), T (3, w),  T (3, h), T (1, f), T (16, c), T (7, x), T (4, y), T (2, f)];711.9141256809235
114;ResNet18_4;9.929686666666665;0.012141319205049116;2;axe_out_channels1_0,axe_yy1_0,axe_xx1_0;5;[V f, U (2, f), ULambda y, T (1, c), Hoist_vars [c], T (14, x), T (3, w),  T (3, h), T (2, f), T (64, c), T (2, x),  Lambda_apply y [((Iter 1), (Arg 13)), ((Iter 1), (Arg 15))], T (2, f)];714.6070144176483
115;ResNet18_4;0.07034938333333333;0.0001841519911196518;1;axe_out_channels_0,axe_yy_0,axe_xx_0;34;[V f, U (4, f), U (7, y), U (3, w), T (2, c), Hoist_vars [c], T (1, x),  T (3, h), T (1, f), T (32, c), T (28, x), T (4, y), T (2, f)];715.6232595443726
116;ResNet18_4;0.09671731666666668;0.0020546255031162197;1;axe_out_channels_0,axe_yy_0,axe_xx_0;12;[V f, U (4, f), U (7, y), T (8, c), Hoist_vars [c], T (4, x), T (3, w),  T (3, h), T (2, f), T (8, c), T (7, x), T (4, y), T (1, f)];716.7370135784149
117;ResNet18_4;0.7372411333333334;0.001563196404451155;1;axe_out_channels_0,axe_yy_0,axe_xx_0;5;[V f, U (1, f), U (14, y), U (3, h), T (8, c), Hoist_vars [c], T (28, x),  T (3, w), T (4, f), T (8, c), T (1, x), T (2, y), T (2, f)];717.8922743797302
118;ResNet18_4;0.05763638333333334;0.000401482489240401;1;axe_out_channels_0,axe_yy_0,axe_xx_0;23;[V f, U (4, f), U (4, y), U (3, w), T (8, c), Hoist_vars [c], T (2, x),  T (3, h), T (1, f), T (8, c), T (14, x), T (7, y), T (2, f)];718.8680152893066
119;ResNet18_4;0.26795538333333335;0.001803545910221807;1;axe_out_channels_0,axe_yy_0,axe_xx_0;10;[V f, U (4, f), U (4, y), U (3, w), T (32, c), Hoist_vars [c], T (28, x),  T (3, h), T (1, f), T (2, c), T (1, x), T (7, y), T (2, f)];719.8772220611572
120;ResNet18_4;0.1464052333333333;0.0014471739667365523;2;axe_out_channels1_0,axe_yy1_0,axe_xx1_0;13;[V f, U (2, f), ULambda y, U (3, h), T (16, c), Hoist_vars [c], T (4, x),  T (3, w), T (1, f), T (4, c), T (7, x),  Lambda_apply y [((Iter 2), (Arg 9)), ((Iter 1), (Arg 10))], T (4, f)];721.2241113185883
121;ResNet18_4;1.0200944833333332;0.0020261538365007278;2;axe_out_channels1_0,axe_yy1_0,axe_xx1_0;4;[V f, U (2, f), ULambda y, T (16, c), Hoist_vars [c], T (14, x), T (3, w),  T (3, h), T (4, f), T (4, c), T (2, x),  Lambda_apply y [((Iter 1), (Arg 13)), ((Iter 1), (Arg 15))], T (1, f)];722.6888575553894
122;ResNet18_4;0.13225178333333334;0.0005587189466886521;2;axe_out_channels1_0,axe_yy1_0,axe_xx1_0;10;[V f, U (4, f), ULambda y, U (3, h), T (16, c), Hoist_vars [c], T (4, x),  T (3, w), T (2, f), T (4, c), T (7, x),  Lambda_apply y [((Iter 2), (Arg 5)), ((Iter 3), (Arg 6))], T (1, f)];724.0715811252594
123;ResNet18_4;6.897366283333334;0.011414184906668132;1;axe_out_channels_1;8;[V f, U (1, f), U (14, y), U (3, h), T (1, c), Hoist_vars [c], T (14, x),  T (3, w), T (8, f), T (64, c), T (2, x), T (2, y), T (1, f)];726.0308358669281
124;ResNet18_4;0.05030365;0.00019919213853853687;1;axe_out_channels_0,axe_yy_0,axe_xx_0;12;[V f, U (4, f), U (4, y), U (3, w), T (64, c), Hoist_vars [c], T (7, x),  T (3, h), T (2, f), T (1, c), T (4, x), T (7, y), T (1, f)];727.0831394195557
125;ResNet18_4;0.13947376666666667;0.00037642527810974465;2;axe_out_channels1_0,axe_yy1_0,axe_xx1_0;10;[V f, U (1, f), ULambda y, U (3, h), T (16, c), Hoist_vars [c], T (7, x),  T (3, w), T (2, f), T (4, c), T (4, x),  Lambda_apply y [((Iter 2), (Arg 9)), ((Iter 1), (Arg 10))], T (4, f)];728.5041511058807
126;ResNet18_4;0.5070034166666667;0.018447376898484046;2;axe_out_channels1_0,axe_yy1_0,axe_xx1_0;12;[V f, U (2, f), ULambda y, T (4, c), Hoist_vars [c], T (4, x), T (3, w),  T (3, h), T (1, f), T (16, c), T (7, x),  Lambda_apply y [((Iter 1), (Arg 8)), ((Iter 2), (Arg 10))], T (4, f)];729.8874049186707
127;ResNet18_4;0.38955696666666667;0.0013093462868503888;2;axe_out_channels1_0,axe_yy1_0,axe_xx1_0;14;[V f, U (1, f), ULambda y, U (3, h), T (4, c), Hoist_vars [c], T (7, x),  T (3, w), T (1, f), T (16, c), T (4, x),  Lambda_apply y [((Iter 2), (Arg 9)), ((Iter 1), (Arg 10))], T (8, f)];731.3757171630859
128;ResNet18_4;0.4639611;0.008584443722092761;1;axe_out_channels_0,axe_yy_0,axe_xx_0;11;[V f, U (1, f), U (14, y), U (3, h), T (1, c), Hoist_vars [c], T (4, x),  T (3, w), T (4, f), T (64, c), T (7, x), T (2, y), T (2, f)];732.5976715087891
129;ResNet18_4;0.22436704999999998;0.00472634260175526;2;axe_out_channels1_0,axe_yy1_0,axe_xx1_0;20;[V f, U (2, f), ULambda y, U (3, h), T (1, c), Hoist_vars [c], T (2, x),  T (3, w), T (1, f), T (64, c), T (14, x),  Lambda_apply y [((Iter 2), (Arg 9)), ((Iter 1), (Arg 10))], T (4, f)];733.911883354187
130;ResNet18_4;0.10129628333333333;0.0003351793305248873;2;axe_out_channels1_0,axe_yy1_0,axe_xx1_0;34;[V f, U (1, f), ULambda y, U (3, h), T (2, c), Hoist_vars [c], T (1, x),  T (3, w), T (2, f), T (32, c), T (28, x),  Lambda_apply y [((Iter 2), (Arg 9)), ((Iter 1), (Arg 10))], T (4, f)];735.1620256900787
131;ResNet18_4;0.46884844999999997;0.005768951122195239;2;axe_out_channels1_0,axe_yy1_0,axe_xx1_0;8;[V f, U (4, f), ULambda y, U (3, w), T (2, c), Hoist_vars [c], T (7, x),  T (3, h), T (1, f), T (32, c), T (4, x),  Lambda_apply y [((Iter 2), (Arg 5)), ((Iter 3), (Arg 6))], T (2, f)];736.6948182582855
132;ResNet18_4;0.0797136;0.0004503850833823624;2;axe_out_channels1_0,axe_yy1_0,axe_xx1_0;18;[V f, U (2, f), ULambda y, T (64, c), Hoist_vars [c], T (2, x), T (3, w),  T (3, h), T (2, f), T (1, c), T (14, x),  Lambda_apply y [((Iter 2), (Arg 9)), ((Iter 1), (Arg 10))], T (2, f)];737.9846737384796
133;ResNet18_4;0.8306617333333334;0.0046917180187834645;1;axe_out_channels_0,axe_yy_0,axe_xx_0;8;[V f, U (1, f), U (14, y), U (3, h), T (2, c), Hoist_vars [c], T (14, x),  T (3, w), T (2, f), T (32, c), T (2, x), T (2, y), T (4, f)];739.1557514667511
134;ResNet18_4;0.08554175;0.0003226478666182884;2;axe_out_channels1_0,axe_yy1_0,axe_xx1_0;18;[V f, U (1, f), ULambda y, U (3, h), T (32, c), Hoist_vars [c], T (2, x),  T (3, w), T (4, f), T (2, c), T (14, x),  Lambda_apply y [((Iter 2), (Arg 9)), ((Iter 1), (Arg 10))], T (2, f)];740.455934047699
135;ResNet18_4;1.1944914333333334;0.012622821354638221;2;axe_out_channels1_0,axe_yy1_0,axe_xx1_0;4;[V f, U (4, f), ULambda y, U (3, w), T (8, c), Hoist_vars [c], T (28, x),  T (3, h), T (2, f), T (8, c), T (1, x),  Lambda_apply y [((Iter 2), (Arg 5)), ((Iter 3), (Arg 6))], T (1, f)];742.0777051448822
136;ResNet18_4;0.16134901666666665;0.001070604858764948;2;axe_out_channels1_0,axe_yy1_0,axe_xx1_0;20;[V f, U (2, f), ULambda y, U (3, h), T (4, c), Hoist_vars [c], T (2, x),  T (3, w), T (1, f), T (16, c), T (14, x),  Lambda_apply y [((Iter 2), (Arg 9)), ((Iter 1), (Arg 10))], T (4, f)];743.4025146961212
137;ResNet18_4;0.10092933333333334;0.0011978549114516747;2;axe_out_channels1_0,axe_yy1_0,axe_xx1_0;18;[V f, U (4, f), ULambda y, U (3, h), T (16, c), Hoist_vars [c], T (2, x),  T (3, w), T (1, f), T (4, c), T (14, x),  Lambda_apply y [((Iter 2), (Arg 5)), ((Iter 3), (Arg 6))], T (2, f)];744.6817538738251
138;ResNet18_4;1.1486722000000003;0.0028858029450705433;2;axe_out_channels1_0,axe_yy1_0,axe_xx1_0;7;[V f, U (2, f), ULambda y, U (3, h), T (8, c), Hoist_vars [c], T (28, x),  T (3, w), T (1, f), T (8, c), T (1, x),  Lambda_apply y [((Iter 2), (Arg 9)), ((Iter 1), (Arg 10))], T (4, f)];746.170432806015
139;ResNet18_4;0.26524736666666665;0.0007933534409216559;1;axe_out_channels_0,axe_yy_0,axe_xx_0;10;[V f, U (4, f), U (4, y), U (3, w), T (2, c), Hoist_vars [c], T (14, x),  T (3, h), T (2, f), T (32, c), T (2, x), T (7, y), T (1, f)];747.3386964797974
140;ResNet18_4;0.24578816666666667;0.00031432813710797835;2;axe_out_channels1_0,axe_yy1_0,axe_xx1_0;8;[V f, U (2, f), ULambda y, U (3, h), T (8, c), Hoist_vars [c], T (7, x),  T (3, w), T (2, f), T (8, c), T (4, x),  Lambda_apply y [((Iter 2), (Arg 9)), ((Iter 1), (Arg 10))], T (2, f)];748.8824920654297
141;ResNet18_4;3.9188929999999997;0.03811906533204723;2;axe_out_channels1_0,axe_yy1_0,axe_xx1_0;4;[V f, U (2, f), ULambda y, T (1, c), Hoist_vars [c], T (14, x), T (3, w),  T (3, h), T (4, f), T (64, c), T (2, x),  Lambda_apply y [((Iter 1), (Arg 8)), ((Iter 2), (Arg 10))], T (1, f)];750.7039754390717
142;ResNet18_4;2.12193475;0.005380436248447687;2;axe_out_channels1_0,axe_yy1_0,axe_xx1_0;7;[V f, U (1, f), ULambda y, U (3, h), T (2, c), Hoist_vars [c], T (28, x),  T (3, w), T (2, f), T (32, c), T (1, x),  Lambda_apply y [((Iter 2), (Arg 9)), ((Iter 1), (Arg 10))], T (4, f)];752.4068677425385
143;ResNet18_4;0.3111278333333333;0.0013779517065396652;2;axe_out_channels1_0,axe_yy1_0,axe_xx1_0;10;[V f, U (2, f), ULambda y, U (3, h), T (2, c), Hoist_vars [c], T (4, x),  T (3, w), T (4, f), T (32, c), T (7, x),  Lambda_apply y [((Iter 2), (Arg 9)), ((Iter 1), (Arg 10))], T (1, f)];753.9757990837097
144;ResNet18_4;0.40534795;0.000519470023998809;1;axe_out_channels_0,axe_yy_0,axe_xx_0;6;[V f, U (1, f), U (14, y), U (3, h), T (8, c), Hoist_vars [c], T (14, x),  T (3, w), T (4, f), T (8, c), T (2, x), T (2, y), T (2, f)];755.0818238258362
145;ResNet18_4;0.14937228333333336;0.0006796261637841805;2;axe_out_channels1_0,axe_yy1_0,axe_xx1_0;17;[V f, U (1, f), ULambda y, U (3, h), T (8, c), Hoist_vars [c], T (4, x),  T (3, w), T (1, f), T (8, c), T (7, x),  Lambda_apply y [((Iter 2), (Arg 9)), ((Iter 1), (Arg 10))], T (8, f)];756.345771074295
146;ResNet18_4;0.12767556666666666;0.0008283426129594152;1;axe_out_channels_0,axe_yy_0,axe_xx_0;20;[V f, U (4, f), U (7, y), U (3, h), T (2, c), Hoist_vars [c], T (2, x),  T (3, w), T (1, f), T (32, c), T (14, x), T (4, y), T (2, f)];757.4106273651123
147;ResNet18_4;0.10636364999999999;0.00041207186165359967;1;axe_out_channels_0,axe_yy_0,axe_xx_0;12;[V f, U (4, f), U (7, y), U (3, h), T (8, c), Hoist_vars [c], T (4, x),  T (3, w), T (2, f), T (8, c), T (7, x), T (4, y), T (1, f)];758.5432367324829
148;ResNet18_4;0.11587045;0.0004201416629476778;1;axe_out_channels_0,axe_yy_0,axe_xx_0;11;[V f, U (4, f), U (4, y), U (3, w), T (8, c), Hoist_vars [c], T (14, x),  T (3, h), T (1, f), T (8, c), T (2, x), T (7, y), T (2, f)];759.6440992355347
149;ResNet18_4;2.025726783333333;0.012427749480284921;2;axe_out_channels1_0,axe_yy1_0,axe_xx1_0;7;[V f, U (2, f), ULambda y, T (8, c), Hoist_vars [c], T (28, x), T (3, w),  T (3, h), T (1, f), T (8, c), T (1, x),  Lambda_apply y [((Iter 2), (Arg 8)), ((Iter 1), (Arg 12))], T (4, f)];761.1489169597626
150;ResNet18_4;0.2582960333333334;0.00119327154355857;2;axe_out_channels1_0,axe_yy1_0,axe_xx1_0;7;[V f, U (2, f), ULambda y, U (3, h), T (16, c), Hoist_vars [c], T (7, x),  T (3, w), T (4, f), T (4, c), T (4, x),  Lambda_apply y [((Iter 2), (Arg 9)), ((Iter 1), (Arg 10))], T (1, f)];762.796936750412
151;ResNet18_4;0.12269084999999999;0.0006026702961266034;1;axe_out_channels_0,axe_yy_0,axe_xx_0;8;[V f, U (4, f), U (7, y), T (64, c), Hoist_vars [c], T (14, x), T (3, w),  T (3, h), T (1, f), T (1, c), T (2, x), T (4, y), T (2, f)];764.0188817977905
152;ResNet18_4;0.19755920000000002;0.0032012179338495508;2;axe_out_channels1_0,axe_yy1_0,axe_xx1_0;32;[V f, U (1, f), ULambda y, U (3, h), T (2, c), Hoist_vars [c], T (1, x),  T (3, w), T (4, f), T (32, c), T (28, x),  Lambda_apply y [((Iter 2), (Arg 9)), ((Iter 1), (Arg 10))], T (2, f)];765.2956607341766
153;ResNet18_4;0.30945110000000003;0.02615967612186952;1;axe_out_channels_0,axe_yy_0,axe_xx_0;13;[V f, U (4, f), U (7, y), U (3, h), T (1, c), Hoist_vars [c], T (4, x),  T (3, w), T (1, f), T (64, c), T (7, x), T (4, y), T (2, f)];766.3924114704132
154;ResNet18_4;0.05205401666666667;0.0001677003851118632;1;axe_out_channels_0,axe_yy_0,axe_xx_0;34;[V f, U (2, f), U (14, y), T (16, c), Hoist_vars [c], T (1, x), T (3, w),  T (3, h), T (1, f), T (4, c), T (28, x), T (2, y), T (4, f)];767.3445527553558
155;ResNet18_4;0.12657251666666666;0.0007836031678867951;2;axe_out_channels1_0,axe_yy1_0,axe_xx1_0;24;[V f, U (1, f), ULambda y, U (3, h), T (8, c), Hoist_vars [c], T (2, x),  T (3, w), T (1, f), T (8, c), T (14, x),  Lambda_apply y [((Iter 2), (Arg 9)), ((Iter 1), (Arg 10))], T (8, f)];768.5818581581116
156;ResNet18_4;0.1157788;0.000306384941245845;1;axe_out_channels_0,axe_yy_0,axe_xx_0;19;[V f, U (4, f), U (7, y), U (3, h), T (16, c), Hoist_vars [c], T (2, x),  T (3, w), T (2, f), T (4, c), T (14, x), T (4, y), T (1, f)];769.636967420578
157;ResNet18_4;2.12709795;0.0024762990912178488;2;axe_out_channels1_0,axe_yy1_0,axe_xx1_0;4;[V f, U (2, f), ULambda y, T (2, c), Hoist_vars [c], T (14, x), T (3, w),  T (3, h), T (4, f), T (32, c), T (2, x),  Lambda_apply y [((Iter 1), (Arg 8)), ((Iter 2), (Arg 10))], T (1, f)];771.2195935249329
158;ResNet18_4;3.0904682333333335;0.021146223327267333;1;axe_out_channels_0,axe_yy_0,axe_xx_0;5;[V f, U (2, f), U (14, y), T (1, c), Hoist_vars [c], T (14, x), T (3, w),  T (3, h), T (4, f), T (64, c), T (2, x), T (2, y), T (1, f)];772.6736238002777
159;ResNet18_4;0.05260906666666667;0.00027222086825060086;1;axe_out_channels_0,axe_yy_0,axe_xx_0;37;[V f, U (4, f), U (4, y), U (3, w), T (64, c), Hoist_vars [c], T (1, x),  T (3, h), T (1, f), T (1, c), T (28, x), T (7, y), T (2, f)];773.6207880973816
160;ResNet18_4;0.09521253333333335;0.0005288206679857435;2;axe_out_channels1_0,axe_yy1_0,axe_xx1_0;30;[V f, U (2, f), ULambda y, T (8, c), Hoist_vars [c], T (1, x), T (3, w),  T (3, h), T (4, f), T (8, c), T (28, x),  Lambda_apply y [((Iter 1), (Arg 8)), ((Iter 2), (Arg 10))], T (1, f)];774.8894894123077
161;ResNet18_4;8.578866200000002;0.01228874555138439;2;axe_out_channels1_0,axe_yy1_0,axe_xx1_0;8;[V f, U (2, f), ULambda y, T (1, c), Hoist_vars [c], T (14, x), T (3, w),  T (3, h), T (1, f), T (64, c), T (2, x),  Lambda_apply y [((Iter 2), (Arg 8)), ((Iter 1), (Arg 12))], T (4, f)];777.2876844406128
162;ResNet18_4;3.769708583333334;0.008831863249447696;2;axe_out_channels1_0,axe_yy1_0,axe_xx1_0;4;[V f, U (2, f), ULambda y, U (3, h), T (2, c), Hoist_vars [c], T (28, x),  T (3, w), T (4, f), T (32, c), T (1, x),  Lambda_apply y [((Iter 2), (Arg 9)), ((Iter 1), (Arg 10))], T (1, f)];779.1913545131683
163;ResNet18_4;0.5717751166666667;0.013831738445218835;2;axe_out_channels1_0,axe_yy1_0,axe_xx1_0;11;[V f, U (2, f), ULambda y, T (2, c), Hoist_vars [c], T (4, x), T (3, w),  T (3, h), T (2, f), T (32, c), T (7, x),  Lambda_apply y [((Iter 2), (Arg 9)), ((Iter 1), (Arg 10))], T (2, f)];780.6717059612274
164;ResNet18_4;1.1354602999999999;0.006833263449154864;2;axe_out_channels1_0,axe_yy1_0,axe_xx1_0;4;[V f, U (2, f), ULambda y, U (3, h), T (32, c), Hoist_vars [c], T (28, x),  T (3, w), T (4, f), T (2, c), T (1, x),  Lambda_apply y [((Iter 2), (Arg 9)), ((Iter 1), (Arg 10))], T (1, f)];782.1560106277466
165;ResNet18_4;0.23332743333333336;0.0006841702119274726;2;axe_out_channels1_0,axe_yy1_0,axe_xx1_0;16;[V f, U (2, f), ULambda y, T (4, c), Hoist_vars [c], T (2, x), T (3, w),  T (3, h), T (4, f), T (16, c), T (14, x),  Lambda_apply y [((Iter 1), (Arg 13)), ((Iter 1), (Arg 15))], T (1, f)];783.5602715015411
166;ResNet18_4;0.05285058333333333;6.139468172769039e-05;1;axe_out_channels_0,axe_yy_0,axe_xx_0;34;[V f, U (4, f), U (7, y), T (64, c), Hoist_vars [c], T (1, x), T (3, w),  T (3, h), T (1, f), T (1, c), T (28, x), T (4, y), T (2, f)];784.5164160728455
167;ResNet18_4;0.15045375;0.0008827002770854115;2;axe_out_channels1_0,axe_yy1_0,axe_xx1_0;13;[V f, U (2, f), ULambda y, T (64, c), Hoist_vars [c], T (4, x), T (3, w),  T (3, h), T (1, f), T (1, c), T (7, x),  Lambda_apply y [((Iter 2), (Arg 9)), ((Iter 1), (Arg 10))], T (4, f)];785.8045516014099
168;ResNet18_4;0.07962279999999998;0.001654528208684682;1;axe_out_channels_0,axe_yy_0,axe_xx_0;12;[V f, U (4, f), U (7, y), T (16, c), Hoist_vars [c], T (4, x), T (3, w),  T (3, h), T (2, f), T (4, c), T (7, x), T (4, y), T (1, f)];786.8715715408325
169;ResNet18_4;0.38561651666666663;0.0010669964840356527;2;axe_out_channels1_0,axe_yy1_0,axe_xx1_0;5;[V f, U (4, f), ULambda y, U (3, w), T (8, c), Hoist_vars [c], T (14, x),  T (3, h), T (2, f), T (8, c), T (2, x),  Lambda_apply y [((Iter 2), (Arg 5)), ((Iter 3), (Arg 6))], T (1, f)];788.643355846405
170;ResNet18_4;0.24313293333333333;0.001959397682679272;1;axe_out_channels_0,axe_yy_0,axe_xx_0;10;[V f, U (2, f), U (14, y), T (16, c), Hoist_vars [c], T (7, x), T (3, w),  T (3, h), T (1, f), T (4, c), T (4, x), T (2, y), T (4, f)];789.6446752548218
171;ResNet18_4;0.10218801666666666;0.000755529139264513;1;axe_out_channels_0,axe_yy_0,axe_xx_0;33;[V f, U (4, f), U (7, y), U (3, h), T (4, c), Hoist_vars [c], T (1, x),  T (3, w), T (2, f), T (16, c), T (28, x), T (4, y), T (1, f)];790.6784555912018
172;ResNet18_4;0.8041979166666666;0.004007654817311762;1;axe_out_channels_0,axe_yy_0,axe_xx_0;8;[V f, U (4, f), U (7, y), T (4, c), Hoist_vars [c], T (14, x), T (3, w),  T (3, h), T (1, f), T (16, c), T (2, x), T (4, y), T (2, f)];792.0320119857788
173;ResNet18_4;0.06049688333333333;0.00010861783284116418;1;axe_out_channels_0,axe_yy_0,axe_xx_0;11;[V f, U (1, f), U (14, y), U (3, h), T (64, c), Hoist_vars [c], T (4, x),  T (3, w), T (4, f), T (1, c), T (7, x), T (2, y), T (2, f)];793.1604726314545
174;ResNet18_4;1.3244701499999998;0.010150114570084157;1;axe_out_channels_0,axe_yy_0,axe_xx_0;11;[V f, U (1, f), U (14, y), U (3, h), T (1, c), Hoist_vars [c], T (28, x),  T (3, w), T (1, f), T (64, c), T (1, x), T (2, y), T (8, f)];794.3293974399567
175;ResNet18_4;0.42236529999999994;0.004641285613203883;2;axe_out_channels1_0,axe_yy1_0,axe_xx1_0;7;[V f, U (2, f), ULambda y, T (8, c), Hoist_vars [c], T (7, x), T (3, w),  T (3, h), T (2, f), T (8, c), T (4, x),  Lambda_apply y [((Iter 1), (Arg 8)), ((Iter 2), (Arg 10))], T (2, f)];795.8353409767151
176;ResNet18_4;2.0470745500000005;0.004533222445365695;1;axe_out_channels_1;8;[V f, U (1, f), U (14, y), U (3, h), T (4, c), Hoist_vars [c], T (14, x),  T (3, w), T (8, f), T (16, c), T (2, x), T (2, y), T (1, f)];797.1161363124847
177;ResNet18_4;0.11284730000000001;0.0004979743902384252;2;axe_out_channels1_0,axe_yy1_0,axe_xx1_0;32;[V f, U (4, f), ULambda y, U (3, h), T (1, c), Hoist_vars [c], T (1, x),  T (3, w), T (1, f), T (64, c), T (28, x),  Lambda_apply y [((Iter 2), (Arg 5)), ((Iter 3), (Arg 6))], T (2, f)];798.3722336292267
178;ResNet18_4;0.07869286666666667;0.00031975158587044456;1;axe_out_channels_0,axe_yy_0,axe_xx_0;36;[V f, U (4, f), U (4, y), U (3, w), T (1, c), Hoist_vars [c], T (1, x),  T (3, h), T (2, f), T (64, c), T (28, x), T (7, y), T (1, f)];799.3442695140839
179;ResNet18_4;0.16253075000000003;0.0019271679224678031;1;axe_out_channels_0,axe_yy_0,axe_xx_0;13;[V f, U (4, f), U (7, y), U (3, w), T (4, c), Hoist_vars [c], T (4, x),  T (3, h), T (1, f), T (16, c), T (7, x), T (4, y), T (2, f)];800.4307148456573
180;ResNet18_4;0.20723281666666665;0.007960094961553192;2;axe_out_channels1_0,axe_yy1_0,axe_xx1_0;30;[V f, U (2, f), ULambda y, T (1, c), Hoist_vars [c], T (1, x), T (3, w),  T (3, h), T (4, f), T (64, c), T (28, x),  Lambda_apply y [((Iter 1), (Arg 8)), ((Iter 2), (Arg 10))], T (1, f)];801.6694633960724
181;ResNet18_4;1.39968655;0.00167487293058642;2;axe_out_channels1_0,axe_yy1_0,axe_xx1_0;5;[V f, U (2, f), ULambda y, T (4, c), Hoist_vars [c], T (14, x), T (3, w),  T (3, h), T (4, f), T (16, c), T (2, x),  Lambda_apply y [((Iter 2), (Arg 8)), ((Iter 1), (Arg 12))], T (1, f)];803.1697142124176
182;ResNet18_4;0.12958135;0.0004213488093808603;1;axe_out_channels_0,axe_yy_0,axe_xx_0;34;[V f, U (2, f), U (14, y), T (1, c), Hoist_vars [c], T (1, x), T (3, w),  T (3, h), T (1, f), T (64, c), T (28, x), T (2, y), T (4, f)];804.1787638664246
183;ResNet18_4;0.3988894666666667;0.005474298417656415;1;axe_out_channels_0,axe_yy_0,axe_xx_0;8;[V f, U (2, f), U (14, y), T (8, c), Hoist_vars [c], T (7, x), T (3, w),  T (3, h), T (2, f), T (8, c), T (4, x), T (2, y), T (2, f)];805.2122385501862
184;ResNet18_4;1.52933125;0.008952907211952625;1;axe_out_channels_0,axe_yy_0,axe_xx_0;10;[V f, U (4, f), U (7, y), T (1, c), Hoist_vars [c], T (7, x), T (3, w),  T (3, h), T (1, f), T (64, c), T (4, x), T (4, y), T (2, f)];806.5026545524597
185;ResNet18_4;0.12297626666666668;0.0012695077856310184;1;axe_out_channels_0,axe_yy_0,axe_xx_0;13;[V f, U (4, f), U (4, y), U (3, w), T (8, c), Hoist_vars [c], T (7, x),  T (3, h), T (1, f), T (8, c), T (4, x), T (7, y), T (2, f)];807.5087947845459
186;ResNet18_4;0.3167329333333333;0.0005342569720857478;2;axe_out_channels1_0,axe_yy1_0,axe_xx1_0;8;[V f, U (1, f), ULambda y, U (3, h), T (64, c), Hoist_vars [c], T (14, x),  T (3, w), T (2, f), T (1, c), T (2, x),  Lambda_apply y [((Iter 2), (Arg 9)), ((Iter 1), (Arg 10))], T (4, f)];808.7886946201324
187;ResNet18_4;0.17490785;0.0009045644852941978;1;axe_out_channels_0,axe_yy_0,axe_xx_0;19;[V f, U (4, f), U (7, y), T (1, c), Hoist_vars [c], T (2, x), T (3, w),  T (3, h), T (2, f), T (64, c), T (14, x), T (4, y), T (1, f)];809.8206760883331
188;ResNet18_4;0.09246316666666665;0.00045432984836032124;2;axe_out_channels1_0,axe_yy1_0,axe_xx1_0;20;[V f, U (2, f), ULambda y, T (64, c), Hoist_vars [c], T (2, x), T (3, w),  T (3, h), T (1, f), T (1, c), T (14, x),  Lambda_apply y [((Iter 2), (Arg 8)), ((Iter 1), (Arg 12))], T (4, f)];811.0415568351746
189;ResNet18_4;0.14671530000000002;0.0009703332697812833;2;axe_out_channels1_0,axe_yy1_0,axe_xx1_0;18;[V f, U (2, f), ULambda y, U (3, h), T (4, c), Hoist_vars [c], T (2, x),  T (3, w), T (2, f), T (16, c), T (14, x),  Lambda_apply y [((Iter 2), (Arg 9)), ((Iter 1), (Arg 10))], T (2, f)];812.4646821022034
190;ResNet18_4;0.09743658333333331;0.0002958163774483517;2;axe_out_channels1_0,axe_yy1_0,axe_xx1_0;17;[V f, U (1, f), ULambda y, U (3, h), T (32, c), Hoist_vars [c], T (2, x),  T (3, w), T (8, f), T (2, c), T (14, x),  Lambda_apply y [((Iter 2), (Arg 9)), ((Iter 1), (Arg 10))], T (1, f)];813.746351480484
191;ResNet18_4;0.7848411166666668;0.002368749778129586;2;axe_out_channels1_0,axe_yy1_0,axe_xx1_0;8;[V f, U (2, f), ULambda y, U (3, h), T (4, c), Hoist_vars [c], T (14, x),  T (3, w), T (1, f), T (16, c), T (2, x),  Lambda_apply y [((Iter 2), (Arg 9)), ((Iter 1), (Arg 10))], T (4, f)];815.1088237762451
192;ResNet18_4;0.33206223333333335;0.0010643091583014948;2;axe_out_channels1_0,axe_yy1_0,axe_xx1_0;5;[V f, U (4, f), ULambda y, U (3, h), T (16, c), Hoist_vars [c], T (14, x),  T (3, w), T (2, f), T (4, c), T (2, x),  Lambda_apply y [((Iter 2), (Arg 5)), ((Iter 3), (Arg 6))], T (1, f)];816.8439373970032
193;ResNet18_4;1.0205951333333334;0.0029565825925664123;2;axe_out_channels1_0,axe_yy1_0,axe_xx1_0;5;[V f, U (2, f), ULambda y, U (3, h), T (32, c), Hoist_vars [c], T (28, x),  T (3, w), T (2, f), T (2, c), T (1, x),  Lambda_apply y [((Iter 2), (Arg 9)), ((Iter 1), (Arg 10))], T (2, f)];818.393061876297
194;ResNet18_4;2.20846665;0.0026339031055007643;2;axe_out_channels1_0,axe_yy1_0,axe_xx1_0;7;[V f, U (2, f), ULambda y, T (8, c), Hoist_vars [c], T (28, x), T (3, w),  T (3, h), T (1, f), T (8, c), T (1, x),  Lambda_apply y [((Iter 2), (Arg 9)), ((Iter 1), (Arg 10))], T (4, f)];819.9431035518646
195;ResNet18_4;0.07519150000000001;0.0001360523796190255;2;axe_out_channels1_0,axe_yy1_0,axe_xx1_0;34;[V f, U (2, f), ULambda y, T (64, c), Hoist_vars [c], T (1, x), T (3, w),  T (3, h), T (1, f), T (1, c), T (28, x),  Lambda_apply y [((Iter 2), (Arg 9)), ((Iter 1), (Arg 10))], T (4, f)];821.1185164451599
196;ResNet18_4;1.0326756833333333;0.0028591933006143267;2;axe_out_channels1_0,axe_yy1_0,axe_xx1_0;5;[V f, U (1, f), ULambda y, U (3, h), T (32, c), Hoist_vars [c], T (28, x),  T (3, w), T (4, f), T (2, c), T (1, x),  Lambda_apply y [((Iter 2), (Arg 9)), ((Iter 1), (Arg 10))], T (2, f)];822.534295797348
197;ResNet18_4;0.6659329333333334;0.002559583212816746;2;axe_out_channels1_0,axe_yy1_0,axe_xx1_0;7;[V f, U (1, f), ULambda y, U (3, h), T (64, c), Hoist_vars [c], T (28, x),  T (3, w), T (2, f), T (1, c), T (1, x),  Lambda_apply y [((Iter 2), (Arg 9)), ((Iter 1), (Arg 10))], T (4, f)];823.9795920848846
198;ResNet18_4;0.73913375;0.009349332279262266;2;axe_out_channels1_0,axe_yy1_0,axe_xx1_0;6;[V f, U (2, f), ULambda y, T (16, c), Hoist_vars [c], T (14, x), T (3, w),  T (3, h), T (2, f), T (4, c), T (2, x),  Lambda_apply y [((Iter 2), (Arg 8)), ((Iter 1), (Arg 12))], T (2, f)];825.31365442276
199;ResNet18_4;0.21924573333333336;0.0008748755314646471;1;axe_out_channels_0,axe_yy_0,axe_xx_0;18;[V f, U (2, f), U (14, y), T (4, c), Hoist_vars [c], T (2, x), T (3, w),  T (3, h), T (2, f), T (16, c), T (14, x), T (2, y), T (2, f)];826.3835921287537
